src_id,tile_id,ra,dec,plate_id,obs_date,run_id
tile_RA88.467_DECp53.042:940,tile_RA88.467_DECp53.042,88.955310164900,52.652661413000,XE120,1953-02-11,R1
tile_RA86.764_DECp53.042:4892,tile_RA86.764_DECp53.042,86.433686215300,53.094481534300,XE120,1953-02-11,R1
tile_RA86.764_DECp54.042:6824,tile_RA86.764_DECp54.042,86.481596075000,54.426072417200,XE120,1953-02-11,R1
tile_RA88.467_DECp54.042:5602,tile_RA88.467_DECp54.042,89.216161842900,54.202067491300,XE120,1953-02-11,R1
tile_RA1.923_DECp77.807:3485,tile_RA1.923_DECp77.807,3.652927183100,77.821846483000,XE012,1954-09-21,R1
tile_RA55.795_DECp78.536:131,tile_RA55.795_DECp78.536,56.110148026200,78.044498287800,XE014,1954-09-26,R1
tile_RA60.826_DECp78.536:4481,tile_RA60.826_DECp78.536,59.795016181100,78.811931935800,XE014,1954-09-26,R1
tile_RA351.620_DECp79.807:5773,tile_RA351.620_DECp79.807,350.298589272000,79.913984830900,XE012,1954-09-20,R1
tile_RA50.763_DECp79.536:1963,tile_RA50.763_DECp79.536,51.241485962700,79.339746898500,XE014,1954-09-26,R1
tile_RA60.826_DECp79.536:3524,tile_RA60.826_DECp79.536,61.277535414300,79.946924887300,XE014,1954-09-26,R1
tile_RA50.763_DECp80.536:4521,tile_RA50.763_DECp80.536,51.599891224900,80.737249965100,XE014,1954-09-26,R1
tile_RA84.513_DECp82.144:1007,tile_RA84.513_DECp82.144,82.623249409800,81.874732059500,XE004,1955-01-28,R1
tile_RA188.364_DECp83.200:1738,tile_RA188.364_DECp83.200,185.179945776400,83.304117956700,XE007,1955-02-28,R1
tile_RA205.256_DECp83.200:1986,tile_RA205.256_DECp83.200,201.617918554100,83.237921363300,XE007,1955-03-23,R1
tile_RA205.256_DECp83.200:1471,tile_RA205.256_DECp83.200,202.083423411100,82.969710517200,XE007,1955-03-23,R1
tile_RA213.107_DECp82.413:1041,tile_RA213.107_DECp82.413,211.641886546400,82.841263919500,XE008,1955-03-23,R1
tile_RA247.544_DECp82.855:2333,tile_RA247.544_DECp82.855,248.629764375400,83.060596600000,XE009,1953-08-11,R1
tile_RA74.712_DECp83.144:1592,tile_RA74.712_DECp83.144,71.897884457200,82.953835997900,XE004,1955-01-28,R1
tile_RA121.015_DECp83.636:1177,tile_RA121.015_DECp83.636,118.141597714200,83.517875222700,XE005,1953-03-09,R1
tile_RA121.015_DECp83.636:2827,tile_RA121.015_DECp83.636,123.646747927500,83.664696038200,XE005,1953-03-09,R1
tile_RA213.107_DECp84.413:1471,tile_RA213.107_DECp84.413,214.115531713800,84.328245726500,XE008,1955-03-23,R1
tile_RA213.107_DECp84.413:2335,tile_RA213.107_DECp84.413,208.532585699500,84.326000596600,XE008,1955-03-23,R1
tile_RA221.825_DECp84.413:1855,tile_RA221.825_DECp84.413,223.074003779300,84.588666218900,XE008,1955-03-23,R1
tile_RA230.542_DECp84.413:1880,tile_RA230.542_DECp84.413,229.924711307400,84.602965889400,XE008,1955-03-23,R1
tile_RA230.542_DECp83.413:2189,tile_RA230.542_DECp83.413,229.909888442000,83.445405109400,XE008,1955-03-23,R1
tile_RA238.201_DECp83.855:346,tile_RA238.201_DECp83.855,235.442142144000,83.557700512200,XE009,1955-03-23,R1
tile_RA275.570_DECp84.855:673,tile_RA275.570_DECp84.855,275.876888230800,84.537682717000,XE009,1953-09-03,R1
tile_RA347.045_DECp84.742:774,tile_RA347.045_DECp84.742,348.622114138400,84.437485659600,XE011,1954-09-22,R1
tile_RA325.219_DECp83.742:1159,tile_RA325.219_DECp83.742,328.933866529700,83.559942401800,XE011,1954-09-22,R1
tile_RA74.712_DECp83.144:1927,tile_RA74.712_DECp83.144,74.211267138900,83.595804151500,XE004,1955-01-28,R1
tile_RA121.015_DECp84.636:1885,tile_RA121.015_DECp84.636,125.593994385700,84.532207650900,XE005,1953-03-09,R1
tile_RA121.015_DECp83.636:2089,tile_RA121.015_DECp83.636,122.875826120300,83.919586176700,XE005,1953-03-09,R1
tile_RA2.001_DECp85.807:1463,tile_RA2.001_DECp85.807,0.822035325000,85.648884959500,XE002,1952-08-21,R1
tile_RA357.958_DECp85.742:2310,tile_RA357.958_DECp85.742,0.822124584600,85.648886921000,XE011,1952-08-21,R1
tile_RA221.825_DECp85.413:1558,tile_RA221.825_DECp85.413,223.685624703300,85.309089347400,XE008,1955-03-23,R1
tile_RA339.904_DECp84.807:1687,tile_RA339.904_DECp84.807,342.791317737800,85.158379797500,XE002,1954-09-22,R1
tile_RA74.712_DECp85.144:1261,tile_RA74.712_DECp85.144,70.897849344300,84.873224387000,XE004,1955-01-28,R1
tile_RA94.314_DECp85.144:899,tile_RA94.314_DECp85.144,90.910684952000,84.944227993400,XE004,1955-01-28,R1
tile_RA121.015_DECp85.636:2717,tile_RA121.015_DECp85.636,126.548099335600,85.813081394000,XE005,1953-03-09,R1
tile_RA111.994_DECp85.636:48,tile_RA111.994_DECp85.636,113.552043597900,85.160269419400,XE005,1953-03-09,R1
tile_RA130.037_DECp85.636:618,tile_RA130.037_DECp85.636,126.311878257800,85.352506972000,XE005,1953-03-09,R1
tile_RA155.191_DECp85.283:1566,tile_RA155.191_DECp85.283,153.952140683300,85.499462890500,XE006,1953-04-16,R1
tile_RA2.001_DECp85.807:2696,tile_RA2.001_DECp85.807,0.899560846000,86.112060795700,XE002,1952-08-21,R1
tile_RA357.958_DECp85.742:2338,tile_RA357.958_DECp85.742,0.899544282900,86.112068019300,XE011,1952-08-21,R1
tile_RA347.045_DECp86.742:1665,tile_RA347.045_DECp86.742,348.471209762800,87.098841981400,XE011,1954-09-22,R1
tile_RA55.322_DECp86.609:1843,tile_RA55.322_DECp86.609,50.941098709500,87.001004313500,XE003,1954-11-22,R1
tile_RA55.322_DECp86.609:2764,tile_RA55.322_DECp86.609,47.728562942600,86.696686755500,XE003,1954-11-22,R1
tile_RA74.712_DECp86.144:2161,tile_RA74.712_DECp86.144,79.378207942800,86.521422180000,XE004,1955-01-28,R1
tile_RA111.994_DECp85.636:1682,tile_RA111.994_DECp85.636,109.610517454100,86.041123811900,XE005,1953-03-09,R1
tile_RA162.886_DECp10.228:461,tile_RA162.886_DECp10.228,162.494183483800,9.970742170800,XE491,1954-02-09,R1
tile_RA163.905_DECp9.228:1216,tile_RA163.905_DECp9.228,163.815617930500,9.641625576000,XE491,1954-02-09,R1
tile_RA161.866_DECp11.228:443,tile_RA161.866_DECp11.228,161.905112099600,10.956604474000,XE491,1954-02-09,R1
tile_RA164.925_DECp10.228:637,tile_RA164.925_DECp10.228,164.496575379600,10.035914993000,XE491,1954-02-09,R1
tile_RA164.925_DECp12.228:960,tile_RA164.925_DECp12.228,164.908196769400,12.664006729300,XE491,1954-02-09,R1
tile_RA21.000_DECp19.763:255,tile_RA21.000_DECp19.763,21.153139905500,19.393813537300,XE407,1954-10-05,R1
tile_RA89.341_DECp72.040:2631,tile_RA89.341_DECp72.040,89.638580798300,72.259394141700,XE033,1954-02-05,R2
tile_RA89.341_DECp72.040:1237,tile_RA89.341_DECp72.040,90.280658063900,71.849238198800,XE033,1954-02-05,R2
tile_RA89.341_DECp72.040:1380,tile_RA89.341_DECp72.040,90.384301376200,71.890230696700,XE033,1954-02-05,R2
tile_RA92.584_DECp71.040:2439,tile_RA92.584_DECp71.040,92.927265914300,71.337138190100,XE033,1954-02-05,R2
tile_RA23.032_DECp71.766:10479,tile_RA23.032_DECp71.766,23.703552645800,72.145906925300,XE029,1954-09-22,R2
tile_RA65.643_DECp73.275:3934,tile_RA65.643_DECp73.275,64.757251247800,73.526612190600,XE032,1953-10-14,R2
tile_RA12.906_DECp73.766:4506,tile_RA12.906_DECp73.766,12.510898724600,73.606473677400,XE029,1954-09-22,R2
tile_RA23.032_DECp73.766:3845,tile_RA23.032_DECp73.766,23.201386955500,73.624185524300,XE029,1954-09-22,R2
tile_RA358.516_DECp73.807:6589,tile_RA358.516_DECp73.807,358.335921040100,73.904871647700,XE028,1952-08-19,R2
tile_RA355.133_DECp72.807:6537,tile_RA355.133_DECp72.807,353.958393327100,72.816896366600,XE028,1952-08-19,R2
tile_RA1.899_DECp74.807:4598,tile_RA1.899_DECp74.807,1.659033024600,74.752635872900,XE028,1954-09-22,R2
tile_RA1.899_DECp74.807:9506,tile_RA1.899_DECp74.807,2.632463629700,75.252527449000,XE028,1954-09-22,R2
tile_RA207.179_DECp75.281:1120,tile_RA207.179_DECp75.281,208.924889494500,75.204421708400,XE021,1955-03-30,R2
tile_RA74.504_DECp76.253:4867,tile_RA74.504_DECp76.253,75.966519888100,76.247033691300,XE015,1955-01-14,R2
tile_RA102.414_DECp76.932:377,tile_RA102.414_DECp76.932,102.015398623600,76.529981449300,XE016,1954-10-06,R2
tile_RA97.631_DECp75.932:304,tile_RA97.631_DECp75.932,97.055512777500,75.510601145800,XE016,1954-10-06,R2
tile_RA211.721_DECp76.281:412,tile_RA211.721_DECp76.281,210.906781770200,76.009853339100,XE021,1955-03-30,R2
tile_RA69.592_DECp78.253:1214,tile_RA69.592_DECp78.253,70.300901256600,77.999357453800,XE015,1955-01-14,R2
tile_RA102.414_DECp77.932:1238,tile_RA102.414_DECp77.932,100.528755315500,77.780945946600,XE016,1954-10-06,R2
tile_RA102.414_DECp77.932:3785,tile_RA102.414_DECp77.932,102.090012363000,77.959242034600,XE016,1954-10-06,R2
tile_RA97.631_DECp77.932:1574,tile_RA97.631_DECp77.932,98.049196961200,77.809099605500,XE016,1954-10-06,R2
tile_RA97.631_DECp77.932:3688,tile_RA97.631_DECp77.932,95.990351912500,77.973776978100,XE016,1954-10-06,R2
tile_RA142.229_DECp77.380:829,tile_RA142.229_DECp77.380,142.404077913400,77.199869872600,XE018,1953-03-09,R2
tile_RA142.229_DECp77.380:2325,tile_RA142.229_DECp77.380,142.476036791700,77.512345732100,XE018,1953-03-09,R2
tile_RA154.915_DECp78.230:395,tile_RA154.915_DECp78.230,153.720376223100,77.828393302100,XE019,1955-01-25,R2
tile_RA159.439_DECp77.230:2057,tile_RA159.439_DECp77.230,159.018721301300,77.336110436000,XE019,1955-01-25,R2
tile_RA168.488_DECp78.230:116,tile_RA168.488_DECp78.230,168.234680098000,77.786800679700,XE019,1955-01-25,R2
tile_RA194.576_DECp77.196:1378,tile_RA194.576_DECp77.196,195.502780415900,77.477607151400,XE020,1955-02-28,R2
tile_RA194.576_DECp77.196:736,tile_RA194.576_DECp77.196,195.468536098800,76.997191204700,XE020,1955-02-28,R2
tile_RA211.721_DECp77.281:468,tile_RA211.721_DECp77.281,211.513974152100,77.019537431800,XE021,1955-03-30,R2
tile_RA224.420_DECp77.476:696,tile_RA224.420_DECp77.476,225.490559345700,77.277075843100,XE022,1953-07-11,R2
tile_RA229.032_DECp77.476:865,tile_RA229.032_DECp77.476,227.024025187500,77.333317050300,XE022,1953-07-11,R2
tile_RA233.643_DECp77.476:1249,tile_RA233.643_DECp77.476,233.645520020400,77.437190684600,XE022,1953-07-11,R2
tile_RA74.504_DECp78.253:3451,tile_RA74.504_DECp78.253,72.774233393000,78.512308728200,XE015,1955-01-14,R2
tile_RA74.504_DECp79.253:1412,tile_RA74.504_DECp79.253,72.528836001500,79.038874821800,XE015,1955-01-14,R2
tile_RA79.416_DECp78.253:2388,tile_RA79.416_DECp78.253,80.517843507500,78.596667471600,XE015,1955-01-14,R2
tile_RA97.631_DECp78.932:2235,tile_RA97.631_DECp78.932,95.536513361000,78.843811953100,XE016,1954-10-06,R2
tile_RA92.848_DECp77.932:2507,tile_RA92.848_DECp77.932,94.220102767800,78.303788098300,XE016,1954-10-06,R2
tile_RA120.170_DECp78.626:1295,tile_RA120.170_DECp78.626,120.792148364800,79.005688317000,XE017,1954-11-26,R2
tile_RA168.488_DECp78.230:795,tile_RA168.488_DECp78.230,167.339395333200,78.119246971300,XE019,1955-01-25,R2
tile_RA194.576_DECp78.196:1064,tile_RA194.576_DECp78.196,193.812199803400,78.610163495300,XE020,1955-02-28,R2
tile_RA246.566_DECp78.752:357,tile_RA246.566_DECp78.752,247.548430886500,78.406863590600,XE023,1955-05-19,R2
tile_RA311.290_DECp78.634:1303,tile_RA311.290_DECp78.634,311.804707364700,78.431384911300,XE026,1954-09-30,R2
tile_RA311.290_DECp78.634:877,tile_RA311.290_DECp78.634,310.844953190500,78.309006397200,XE026,1954-09-30,R2
tile_RA340.729_DECp78.781:4063,tile_RA340.729_DECp78.781,340.693748392700,79.133452131200,XE027,1954-09-20,R2
tile_RA321.438_DECp78.634:616,tile_RA321.438_DECp78.634,321.228873900800,78.249624317700,XE026,1954-09-30,R2
tile_RA345.869_DECp78.781:5301,tile_RA345.869_DECp78.781,343.611443470500,78.924428031000,XE027,1954-09-20,R2
tile_RA345.869_DECp78.781:3852,tile_RA345.869_DECp78.781,344.786646884900,78.820905156600,XE027,1954-09-20,R2
tile_RA351.009_DECp77.781:7211,tile_RA351.009_DECp77.781,350.559904700800,78.148864940100,XE027,1954-09-20,R2
tile_RA351.009_DECp77.781:7802,tile_RA351.009_DECp77.781,351.040022352600,78.069594664200,XE027,1954-09-20,R2
tile_RA97.631_DECp79.932:3690,tile_RA97.631_DECp79.932,99.921202000200,79.895138827300,XE016,1954-10-06,R2
tile_RA102.414_DECp78.932:1911,tile_RA102.414_DECp78.932,101.445444667300,79.371580227700,XE016,1954-10-06,R2
tile_RA142.229_DECp79.380:2539,tile_RA142.229_DECp79.380,139.591101819700,79.499933054500,XE018,1953-03-09,R2
tile_RA142.229_DECp79.380:2605,tile_RA142.229_DECp79.380,144.452443632900,79.468966106800,XE018,1953-03-09,R2
tile_RA185.551_DECp79.196:948,tile_RA185.551_DECp79.196,186.533085193600,79.596285501200,XE020,1955-02-28,R2
tile_RA316.364_DECp80.634:1302,tile_RA316.364_DECp80.634,314.351969461700,80.346425366500,XE026,1954-09-30,R2
tile_RA321.438_DECp80.634:940,tile_RA321.438_DECp80.634,320.244234510200,80.309972553100,XE026,1954-09-30,R2
tile_RA326.512_DECp80.634:2970,tile_RA326.512_DECp80.634,328.318592348700,80.505473100200,XE026,1954-09-30,R2
tile_RA351.009_DECp79.781:5568,tile_RA351.009_DECp79.781,350.298589496600,79.913987177800,XE027,1954-09-20,R2
tile_RA69.592_DECp79.253:2256,tile_RA69.592_DECp79.253,68.585410622800,79.707749872900,XE015,1955-01-14,R2
tile_RA351.009_DECp80.781:3226,tile_RA351.009_DECp80.781,353.512539651000,80.723414581000,XE027,1954-09-20,R2
tile_RA351.009_DECp80.781:3275,tile_RA351.009_DECp80.781,351.825354219700,80.761925330100,XE027,1954-09-20,R2
tile_RA352.653_DECm27.310:870,tile_RA352.653_DECm27.310,352.388647296800,-27.362906113200,XE935,1954-10-01,R3
tile_RA2.685_DECm22.304:1780,tile_RA2.685_DECm22.304,2.466395381200,-21.996189732000,XE825,1952-08-23,R3
tile_RA33.794_DECm11.366:375,tile_RA33.794_DECm11.366,33.940530986800,-11.628433328700,XE709,1954-08-26,R3
tile_RA45.783_DECm11.408:403,tile_RA45.783_DECm11.408,45.613937950800,-11.648277894300,XE711,1955-11-10,R3
tile_RA29.714_DECm11.366:755,tile_RA29.714_DECm11.366,29.725703912800,-10.961865988700,XE709,1954-08-26,R3
tile_RA30.734_DECm10.366:376,tile_RA30.734_DECm10.366,30.912410356700,-10.659966575400,XE709,1954-08-26,R3
tile_RA37.757_DECm10.354:1091,tile_RA37.757_DECm10.354,37.682436319800,-10.163264929700,XE710,1953-11-11,R3
tile_RA38.777_DECm10.354:1036,tile_RA38.777_DECm10.354,39.061098055200,-10.244972195900,XE710,1953-11-11,R3
tile_RA42.723_DECm11.408:543,tile_RA42.723_DECm11.408,42.905197924900,-10.967385554800,XE711,1955-11-10,R3
tile_RA37.757_DECm9.354:174,tile_RA37.757_DECm9.354,37.835633871600,-9.741537134500,XE710,1953-11-11,R3
tile_RA233.916_DECm6.463:3785,tile_RA233.916_DECm6.463,234.045022373100,-6.366031519100,XE683,1954-05-30,R3
tile_RA234.923_DECm7.463:2372,tile_RA234.923_DECm7.463,234.732147465000,-7.149465896200,XE683,1954-05-30,R3
tile_RA236.936_DECm6.463:3690,tile_RA236.936_DECm6.463,236.652930690800,-6.357935737200,XE683,1954-05-30,R3
tile_RA237.942_DECm6.463:1224,tile_RA237.942_DECm6.463,237.966647113000,-6.712859104300,XE683,1954-05-30,R3
tile_RA115.855_DECm2.340:5736,tile_RA115.855_DECm2.340,115.659799195100,-2.325227056600,XE603,1953-01-01,R3
tile_RA25.859_DECm1.268:316,tile_RA25.859_DECm1.268,25.875146932800,-1.545167099000,XE588,1951-09-07,R3
tile_RA27.859_DECp0.732:1093,tile_RA27.859_DECp0.732,28.247378058800,1.007193239300,XE588,1951-09-07,R3
tile_RA3.116_DECp35.807:621,tile_RA3.116_DECp35.807,3.134666123200,35.465301734300,XE240,1954-10-04,R3
tile_RA4.365_DECp36.807:611,tile_RA4.365_DECp36.807,4.563255193800,36.420094999500,XE240,1954-10-04,R3
tile_RA1.867_DECp36.807:2283,tile_RA1.867_DECp36.807,2.229852137000,36.767436468600,XE240,1954-10-04,R3
tile_RA122.961_DECp69.584:765,tile_RA122.961_DECp69.584,122.421590974200,69.325248698000,XE035,1953-02-18,R4
tile_RA155.906_DECp69.272:2352,tile_RA155.906_DECp69.272,155.987991412300,69.242764557700,XE037,1953-03-07,R4
tile_RA169.128_DECp70.202:400,tile_RA169.128_DECp70.202,168.242738376300,69.904844322900,XE038,1953-04-12,R4
tile_RA191.632_DECp70.200:131,tile_RA191.632_DECp70.200,191.918827454500,69.762750392800,XE039,1955-04-24,R4
tile_RA204.851_DECp69.265:1514,tile_RA204.851_DECp69.265,206.081498834600,69.323218520600,XE040,1955-03-03,R4
tile_RA119.795_DECp70.584:2886,tile_RA119.795_DECp70.584,119.136294328200,70.688227169000,XE035,1953-02-18,R4
tile_RA122.961_DECp70.584:1105,tile_RA122.961_DECp70.584,123.971412791100,70.410065175800,XE035,1953-02-18,R4
tile_RA122.961_DECp70.584:1248,tile_RA122.961_DECp70.584,123.816664233300,70.449763668300,XE035,1953-02-18,R4
tile_RA152.791_DECp71.272:766,tile_RA152.791_DECp71.272,152.718808227200,71.099999920700,XE037,1953-03-07,R4
tile_RA159.020_DECp71.272:1362,tile_RA159.020_DECp71.272,159.335324556800,71.188930858100,XE037,1953-03-07,R4
tile_RA159.020_DECp70.272:2349,tile_RA159.020_DECp70.272,157.751924399100,70.268850761700,XE037,1953-03-07,R4
tile_RA162.134_DECp71.272:1326,tile_RA162.134_DECp71.272,163.070078701300,71.262272346000,XE037,1953-03-07,R4
tile_RA159.020_DECp70.272:2111,tile_RA159.020_DECp70.272,159.950679445200,70.322676167000,XE037,1953-03-07,R4
tile_RA169.128_DECp70.202:1911,tile_RA169.128_DECp70.202,169.268457485800,70.173299895800,XE038,1953-04-12,R4
tile_RA185.426_DECp71.200:1572,tile_RA185.426_DECp71.200,184.091402923800,71.152092606100,XE039,1955-04-24,R4
tile_RA191.632_DECp71.200:1713,tile_RA191.632_DECp71.200,190.293680076500,71.228874603300,XE039,1955-04-24,R4
tile_RA194.735_DECp71.200:1273,tile_RA194.735_DECp71.200,193.265923778800,71.145514868400,XE039,1955-04-24,R4
tile_RA116.630_DECp71.584:2292,tile_RA116.630_DECp71.584,116.178758772900,71.873986646700,XE035,1953-02-18,R4
tile_RA126.126_DECp72.584:871,tile_RA126.126_DECp72.584,126.045905669800,72.388931758100,XE035,1953-02-18,R4
tile_RA133.227_DECp72.402:213,tile_RA133.227_DECp72.402,132.598580952900,71.975321527000,XE036,1955-01-25,R4
tile_RA136.363_DECp72.402:1784,tile_RA136.363_DECp72.402,137.353977494800,72.550904849800,XE036,1955-01-25,R4
tile_RA136.363_DECp72.402:1982,tile_RA136.363_DECp72.402,136.748425784700,72.443422058600,XE036,1955-01-25,R4
tile_RA142.634_DECp71.402:1081,tile_RA142.634_DECp71.402,142.966965579200,71.337013454900,XE036,1955-01-25,R4
tile_RA145.769_DECp71.402:1867,tile_RA145.769_DECp71.402,145.237044829500,71.421346679800,XE036,1955-01-25,R4
tile_RA155.906_DECp72.272:1101,tile_RA155.906_DECp72.272,155.909426328700,72.657824996900,XE037,1953-03-07,R4
tile_RA149.677_DECp71.272:2151,tile_RA149.677_DECp71.272,149.684063089800,71.381949847900,XE037,1953-03-07,R4
tile_RA159.020_DECp71.272:1904,tile_RA159.020_DECp71.272,159.616142088100,71.420301020600,XE037,1953-03-07,R4
tile_RA166.025_DECp72.202:2210,tile_RA166.025_DECp72.202,166.678871503100,72.277732109800,XE038,1953-04-12,R4
tile_RA191.632_DECp72.200:638,tile_RA191.632_DECp72.200,191.371227798100,72.068777608300,XE039,1955-04-24,R4
tile_RA198.625_DECp72.265:413,tile_RA198.625_DECp72.265,199.194682107500,72.023689288800,XE040,1955-03-03,R4
tile_RA172.232_DECp73.202:861,tile_RA172.232_DECp73.202,172.308368022800,73.067289685600,XE038,1953-04-12,R4
tile_RA188.529_DECp73.200:621,tile_RA188.529_DECp73.200,187.174320803700,73.087662237300,XE039,1955-04-24,R4
tile_RA92.857_DECm0.013:2309,tile_RA92.857_DECm0.013,93.145896062400,-0.298643949800,XE599,1955-11-19,R4
tile_RA81.830_DECp29.131:4633,tile_RA81.830_DECp29.131,81.696845322800,29.028275119000,XE304,1955-10-22,R4
tile_RA80.674_DECp31.131:6981,tile_RA80.674_DECp31.131,80.416930890700,31.291215549900,XE304,1955-10-22,R4
tile_RA81.830_DECp31.131:6652,tile_RA81.830_DECp31.131,81.646391111000,31.279942601700,XE304,1955-10-22,R4
tile_RA209.110_DECp35.306:1678,tile_RA209.110_DECp35.306,208.515344936400,35.289866892200,XE270,1950-05-13,R4
tile_RA211.561_DECp35.306:877,tile_RA211.561_DECp35.306,212.136385829700,35.209675383800,XE270,1950-05-13,R4
tile_RA214.011_DECp35.306:70,tile_RA214.011_DECp35.306,213.940620721900,34.851256782200,XE270,1950-05-13,R4
tile_RA211.561_DECp36.306:1084,tile_RA211.561_DECp36.306,212.130450121400,36.229194769700,XE270,1950-05-13,R4
tile_RA210.335_DECp36.306:700,tile_RA210.335_DECp36.306,210.555328348500,36.740293108200,XE270,1950-05-13,R4
tile_RA73.655_DECp37.260:4742,tile_RA73.655_DECp37.260,73.147340049200,37.306304848600,XE250,1955-11-10,R4
tile_RA1.695_DECp66.828:5227,tile_RA1.695_DECp66.828,2.765218167200,66.884526526000,XE050,1952-08-18,R5
tile_RA221.252_DECp69.392:1491,tile_RA221.252_DECp69.392,220.183436834800,69.533769758700,XE041,1955-05-22,R5
tile_RA254.475_DECp69.787:762,tile_RA254.475_DECp69.787,255.170668270300,69.566836178900,XE043,1953-06-15,R5
tile_RA237.779_DECp70.571:532,tile_RA237.779_DECp70.571,238.121689496900,70.316377195900,XE042,1953-06-14,R5
tile_RA254.475_DECp70.787:2549,tile_RA254.475_DECp70.787,255.540561350000,70.858487985900,XE043,1953-06-15,R5
tile_RA251.275_DECp70.787:211,tile_RA251.275_DECp70.787,251.978867851000,70.374820987100,XE043,1953-06-15,R5
tile_RA227.520_DECp72.392:707,tile_RA227.520_DECp72.392,226.841121426100,72.255796332100,XE041,1955-05-22,R5
tile_RA227.520_DECp72.392:711,tile_RA227.520_DECp72.392,226.853351959200,72.256513053800,XE041,1955-05-22,R5
tile_RA237.779_DECp72.571:2000,tile_RA237.779_DECp72.571,237.109511749700,72.628142000000,XE042,1953-06-14,R5
tile_RA227.520_DECp71.392:1889,tile_RA227.520_DECp71.392,227.558469275000,71.414448505800,XE041,1955-05-22,R5
tile_RA234.616_DECp71.571:841,tile_RA234.616_DECp71.571,234.153707923800,71.443290209700,XE042,1953-06-14,R5
tile_RA257.675_DECp72.787:564,tile_RA257.675_DECp72.787,258.566227256800,72.449808322900,XE043,1953-06-15,R5
tile_RA260.874_DECp71.787:2537,tile_RA260.874_DECp71.787,261.716004341200,71.967584467500,XE043,1953-06-15,R5
tile_RA271.372_DECp72.024:1048,tile_RA271.372_DECp72.024,270.494206923200,71.859278062800,XE044,1953-09-03,R5
tile_RA288.486_DECp71.259:2015,tile_RA288.486_DECp71.259,287.795139977900,71.653061677300,XE045,1954-07-28,R5
tile_RA302.495_DECp72.474:989,tile_RA302.495_DECp72.474,302.915559132100,72.176555820700,XE046,1953-09-06,R5
tile_RA302.495_DECp71.474:4809,tile_RA302.495_DECp71.474,302.848925613300,71.464105730200,XE046,1953-09-06,R5
tile_RA237.779_DECp72.571:1711,tile_RA237.779_DECp72.571,237.554188840500,72.749437198300,XE042,1953-06-14,R5
tile_RA295.049_DECp73.259:3839,tile_RA295.049_DECp73.259,296.262062175600,73.273559848100,XE045,1954-07-28,R5
tile_RA330.044_DECp72.646:5101,tile_RA330.044_DECp72.646,330.146672384300,72.760781542300,XE047,1953-07-11,R5
tile_RA358.763_DECp73.807:6600,tile_RA358.763_DECp73.807,358.335914768800,73.904870052000,XE049,1952-08-19,R5
tile_RA341.009_DECp72.761:5576,tile_RA341.009_DECp72.761,340.893396886100,72.771827208500,XE048,1952-08-19,R5
tile_RA355.380_DECp72.807:6508,tile_RA355.380_DECp72.807,353.958392484200,72.816899284700,XE049,1952-08-19,R5
tile_RA323.339_DECp74.646:4271,tile_RA323.339_DECp74.646,324.206730421800,74.801149543100,XE047,1953-07-11,R5
tile_RA323.339_DECp74.646:5132,tile_RA323.339_DECp74.646,322.471456844900,74.631940239300,XE047,1953-07-11,R5
tile_RA358.763_DECp74.807:9990,tile_RA358.763_DECp74.807,358.191200585800,75.209445399600,XE049,1952-08-19,R5
tile_RA120.433_DECp63.612:467,tile_RA120.433_DECp63.612,120.363468045400,63.233858044900,XE059,1955-01-28,R6
tile_RA133.196_DECp63.464:284,tile_RA133.196_DECp63.464,132.980940469300,63.089029757200,XE060,1954-11-23,R6
tile_RA145.895_DECp63.343:314,tile_RA145.895_DECp63.343,145.431517161700,62.981549843000,XE061,1953-03-16,R6
tile_RA158.545_DECp63.255:719,tile_RA158.545_DECp63.255,159.448038180900,63.077516393200,XE062,1953-02-08,R6
tile_RA183.767_DECp63.194:311,tile_RA183.767_DECp63.194,183.280252068300,62.839902634200,XE064,1953-02-14,R6
tile_RA183.767_DECp63.194:332,tile_RA183.767_DECp63.194,183.845545781700,62.849596996900,XE064,1953-02-14,R6
tile_RA55.334_DECp64.478:5686,tile_RA55.334_DECp64.478,55.759966615200,64.604144498900,XE054,1954-01-30,R6
tile_RA68.536_DECp64.318:3974,tile_RA68.536_DECp64.318,68.513870250000,64.266832282300,XE055,1954-12-20,R6
tile_RA107.593_DECp63.780:2481,tile_RA107.593_DECp63.780,108.478918051000,64.010367523400,XE058,1953-03-08,R6
tile_RA145.895_DECp64.343:629,tile_RA145.895_DECp64.343,145.143846694500,64.081595990200,XE061,1953-03-16,R6
tile_RA145.895_DECp64.343:1434,tile_RA145.895_DECp64.343,145.514184228900,64.247000286900,XE061,1953-03-16,R6
tile_RA156.156_DECp64.255:1421,tile_RA156.156_DECp64.255,156.627718321700,64.556981030600,XE062,1953-02-08,R6
tile_RA158.545_DECp64.255:1741,tile_RA158.545_DECp64.255,158.482733706400,64.244443780800,XE062,1953-02-08,R6
tile_RA171.163_DECp63.205:1130,tile_RA171.163_DECp63.205,171.635604610300,63.394670426500,XE063,1954-02-09,R6
tile_RA181.384_DECp64.194:1924,tile_RA181.384_DECp64.194,180.445490430500,64.312542136900,XE064,1953-02-14,R6
tile_RA183.767_DECp64.194:924,tile_RA183.767_DECp64.194,183.514884269700,64.645100497900,XE064,1953-02-14,R6
tile_RA196.375_DECp63.223:1464,tile_RA196.375_DECp63.223,197.191615591700,63.389873535000,XE065,1953-04-13,R6
tile_RA209.006_DECp63.291:801,tile_RA209.006_DECp63.291,209.405460598500,63.598418503600,XE066,1955-05-18,R6
tile_RA86.592_DECp66.143:1590,tile_RA86.592_DECp66.143,85.929644963100,65.925157471700,XE056,1954-10-03,R6
tile_RA102.717_DECp65.780:1492,tile_RA102.717_DECp65.780,102.563264623300,65.622682932300,XE058,1953-03-08,R6
tile_RA115.589_DECp65.612:1072,tile_RA115.589_DECp65.612,115.034882955300,65.368211295300,XE059,1955-01-28,R6
tile_RA118.011_DECp65.612:1266,tile_RA118.011_DECp65.612,117.302454597000,65.478122399300,XE059,1955-01-28,R6
tile_RA120.433_DECp65.612:2506,tile_RA120.433_DECp65.612,119.874445274300,65.826058647400,XE059,1955-01-28,R6
tile_RA120.433_DECp64.612:2187,tile_RA120.433_DECp64.612,121.123494269800,64.933736856500,XE059,1955-01-28,R6
tile_RA125.276_DECp65.612:118,tile_RA125.276_DECp65.612,125.131577129000,65.157061736800,XE059,1955-01-28,R6
tile_RA148.292_DECp66.343:151,tile_RA148.292_DECp66.343,147.728369580700,65.917535669800,XE061,1953-03-16,R6
tile_RA156.156_DECp66.255:338,tile_RA156.156_DECp66.255,156.834312680000,65.937190239400,XE062,1953-02-08,R6
tile_RA158.545_DECp65.255:1414,tile_RA158.545_DECp65.255,158.615768266700,65.485312466000,XE062,1953-02-08,R6
tile_RA166.394_DECp65.205:549,tile_RA166.394_DECp65.205,166.829672066600,65.014972624500,XE063,1954-02-09,R6
tile_RA168.779_DECp65.205:441,tile_RA168.779_DECp65.205,168.680459759700,64.979259379300,XE063,1954-02-09,R6
tile_RA179.000_DECp65.194:1085,tile_RA179.000_DECp65.194,179.030459997600,65.600393135100,XE064,1953-02-14,R6
tile_RA186.151_DECp65.194:1583,tile_RA186.151_DECp65.194,185.863125469100,65.376874379000,XE064,1953-02-14,R6
tile_RA188.534_DECp65.194:1036,tile_RA188.534_DECp65.194,188.276374603200,65.635635909500,XE064,1953-02-14,R6
tile_RA196.375_DECp65.223:1410,tile_RA196.375_DECp65.223,197.255244771600,65.446748092800,XE065,1953-04-13,R6
tile_RA198.762_DECp65.223:1697,tile_RA198.762_DECp65.223,197.776062355900,65.305735891500,XE065,1953-04-13,R6
tile_RA216.873_DECp65.394:726,tile_RA216.873_DECp65.394,216.793860208800,65.821702602200,XE067,1956-03-14,R6
tile_RA47.091_DECp66.614:6404,tile_RA47.091_DECp66.614,47.164745690500,67.035749007500,XE053,1954-10-02,R6
tile_RA47.091_DECp67.614:900,tile_RA47.091_DECp67.614,46.349355573900,67.287388179500,XE053,1954-10-02,R6
tile_RA81.648_DECp67.143:262,tile_RA81.648_DECp67.143,81.898402624200,66.685074984400,XE056,1954-10-03,R6
tile_RA89.757_DECp65.960:4694,tile_RA89.757_DECp65.960,90.384263201400,66.094524134100,XE057,1953-02-15,R6
tile_RA118.011_DECp66.612:2288,tile_RA118.011_DECp66.612,117.164511440700,66.905363567700,XE059,1955-01-28,R6
tile_RA120.433_DECp66.612:703,tile_RA120.433_DECp66.612,120.947543560500,66.331784194300,XE059,1955-01-28,R6
tile_RA130.788_DECp66.464:2208,tile_RA130.788_DECp66.464,131.914594049600,66.483685930600,XE060,1954-11-23,R6
tile_RA135.604_DECp66.464:1337,tile_RA135.604_DECp66.464,135.086786643600,66.775248767700,XE060,1954-11-23,R6
tile_RA135.604_DECp66.464:470,tile_RA135.604_DECp66.464,134.610687240200,66.207716100400,XE060,1954-11-23,R6
tile_RA160.934_DECp66.255:431,tile_RA160.934_DECp66.255,160.869598081000,66.002287378300,XE062,1953-02-08,R6
tile_RA181.384_DECp66.194:1695,tile_RA181.384_DECp66.194,181.420386167300,66.397759870900,XE064,1953-02-14,R6
tile_RA183.767_DECp66.194:765,tile_RA183.767_DECp66.194,184.945914019500,66.048816198400,XE064,1953-02-14,R6
tile_RA186.151_DECp66.194:823,tile_RA186.151_DECp66.194,185.786190169500,66.034079770800,XE064,1953-02-14,R6
tile_RA186.151_DECp66.194:856,tile_RA186.151_DECp66.194,184.967605018700,66.058411998600,XE064,1953-02-14,R6
tile_RA198.762_DECp66.223:1704,tile_RA198.762_DECp66.223,198.612054133700,66.374908701800,XE065,1953-04-13,R6
tile_RA47.091_DECp67.614:5522,tile_RA47.091_DECp67.614,48.327723422800,67.727741434500,XE053,1954-10-02,R6
tile_RA68.536_DECp68.318:354,tile_RA68.536_DECp68.318,68.931124637900,67.858298270100,XE055,1954-12-20,R6
tile_RA73.515_DECp67.318:6675,tile_RA73.515_DECp67.318,72.957954330300,67.753255557300,XE055,1954-12-20,R6
tile_RA81.648_DECp67.143:4496,tile_RA81.648_DECp67.143,81.290432711700,67.341577167200,XE056,1954-10-03,R6
tile_RA120.433_DECp67.612:2792,tile_RA120.433_DECp67.612,120.237451422300,67.755493511500,XE059,1955-01-28,R6
tile_RA221.676_DECp67.394:1013,tile_RA221.676_DECp67.394,220.703178078000,67.727653168200,XE067,1956-03-14,R6
tile_RA58.034_DECp58.445:735,tile_RA58.034_DECp58.445,57.963330372000,57.995276878500,XE083,1954-01-05,R7
tile_RA80.232_DECp58.159:1116,tile_RA80.232_DECp58.159,80.238928085300,57.805681869300,XE085,1954-03-02,R7
tile_RA78.222_DECp59.159:4293,tile_RA78.222_DECp59.159,78.876202395000,59.200951202100,XE085,1954-03-02,R7
tile_RA115.132_DECp58.703:849,tile_RA115.132_DECp58.703,115.805082095100,58.513318070500,XE088,1954-11-24,R7
tile_RA76.213_DECp60.159:5332,tile_RA76.213_DECp60.159,76.275098818700,60.323516880300,XE085,1954-03-02,R7
tile_RA87.255_DECp60.005:5112,tile_RA87.255_DECp60.005,86.531286295800,60.192341941500,XE086,1954-01-05,R7
tile_RA89.255_DECp60.005:3297,tile_RA89.255_DECp60.005,89.444430416800,59.985213117700,XE086,1954-01-05,R7
tile_RA102.227_DECp60.851:995,tile_RA102.227_DECp60.851,101.592298203200,60.612066776500,XE087,1954-11-02,R7
tile_RA104.218_DECp59.851:1848,tile_RA104.218_DECp59.851,104.094164251000,60.251908377900,XE087,1954-11-02,R7
tile_RA109.185_DECp59.703:3266,tile_RA109.185_DECp59.703,108.504759596400,59.721508528500,XE088,1954-11-24,R7
tile_RA115.132_DECp60.703:1576,tile_RA115.132_DECp60.703,114.778178289500,60.637384486000,XE088,1954-11-24,R7
tile_RA67.139_DECp61.308:7467,tile_RA67.139_DECp61.308,67.587464680700,61.634973822200,XE084,1953-02-11,R7
tile_RA113.149_DECp61.703:879,tile_RA113.149_DECp61.703,112.715121150000,61.471862185700,XE088,1954-11-24,R7
tile_RA102.227_DECp61.851:1742,tile_RA102.227_DECp61.851,102.068427213900,62.282534682400,XE087,1954-11-02,R7
tile_RA234.402_DECp63.528:1937,tile_RA234.402_DECp63.528,235.188880006000,63.497326443200,XE068,1955-05-16,R7
tile_RA229.574_DECp65.528:137,tile_RA229.574_DECp65.528,229.213675057700,65.078130943000,XE068,1955-05-16,R7
tile_RA234.402_DECp65.528:792,tile_RA234.402_DECp65.528,234.807888290100,65.409675107500,XE068,1955-05-16,R7
tile_RA231.988_DECp64.528:1614,tile_RA231.988_DECp64.528,232.537336268700,64.719578150700,XE068,1955-05-16,R7
tile_RA249.628_DECp65.686:954,tile_RA249.628_DECp65.686,250.117700776700,65.515472454700,XE069,1955-04-23,R7
tile_RA270.582_DECp66.043:1123,tile_RA270.582_DECp66.043,270.208182211700,65.827743859500,XE071,1952-08-18,R7
tile_RA270.582_DECp66.043:111,tile_RA270.582_DECp66.043,270.263889110500,65.564397624200,XE071,1952-08-18,R7
tile_RA270.582_DECp66.043:679,tile_RA270.582_DECp66.043,269.735835242100,65.707208147300,XE071,1952-08-18,R7
tile_RA275.507_DECp66.043:1499,tile_RA275.507_DECp66.043,274.644530562000,65.922067417700,XE071,1952-08-18,R7
tile_RA275.507_DECp65.043:3441,tile_RA275.507_DECp65.043,276.596688296600,65.086156590700,XE071,1952-08-18,R7
tile_RA312.497_DECp64.543:7658,tile_RA312.497_DECp64.543,313.274831285800,64.856097162100,XE074,1952-08-17,R7
tile_RA350.055_DECp66.799:7025,tile_RA350.055_DECp66.799,350.778191084200,67.103193414900,XE077,1952-08-17,R7
tile_RA247.199_DECp65.686:1069,tile_RA247.199_DECp65.686,247.061708427000,66.176535945300,XE069,1955-04-23,R7
tile_RA247.199_DECp65.686:1267,tile_RA247.199_DECp65.686,246.666233708200,66.094659413300,XE069,1955-04-23,R7
tile_RA255.186_DECp65.860:2264,tile_RA255.186_DECp65.860,254.817297162600,66.173553880100,XE070,1953-06-09,R7
tile_RA270.582_DECp66.043:2476,tile_RA270.582_DECp66.043,271.103782989100,66.335223162100,XE071,1952-08-18,R7
tile_RA275.507_DECp67.043:498,tile_RA275.507_DECp67.043,274.956032055300,66.667730613500,XE071,1952-08-18,R7
tile_RA281.145_DECp66.223:4508,tile_RA281.145_DECp66.223,279.988813710400,66.223767247500,XE072,1954-06-06,R7
tile_RA307.473_DECp67.543:1382,tile_RA307.473_DECp67.543,307.698421048000,67.248839537900,XE074,1952-08-17,R7
tile_RA315.010_DECp67.543:981,tile_RA315.010_DECp67.543,315.565247293800,67.230260612400,XE074,1952-08-17,R7
tile_RA309.985_DECp66.543:2262,tile_RA309.985_DECp66.543,311.035496492900,66.365750812100,XE074,1952-08-17,R7
tile_RA323.287_DECp66.665:5132,tile_RA323.287_DECp66.665,322.562322379800,66.743237288700,XE075,1954-08-05,R7
tile_RA323.287_DECp66.665:3813,tile_RA323.287_DECp66.665,323.094433291900,66.601885993400,XE075,1954-08-05,R7
tile_RA328.336_DECp65.665:12942,tile_RA328.336_DECp65.665,328.343069691800,66.084600483900,XE075,1954-08-05,R7
tile_RA334.116_DECp66.752:5431,tile_RA334.116_DECp66.752,334.834895712600,66.668759011900,XE076,1952-08-18,R7
tile_RA247.199_DECp67.686:1368,tile_RA247.199_DECp67.686,247.533593612200,68.074444073400,XE069,1955-04-23,R7
tile_RA260.077_DECp67.860:1978,tile_RA260.077_DECp67.860,260.690617114900,68.172715477500,XE070,1953-06-09,R7
tile_RA260.077_DECp67.860:3291,tile_RA260.077_DECp67.860,260.098921353700,67.914037217700,XE070,1953-06-09,R7
tile_RA286.105_DECp68.223:628,tile_RA286.105_DECp68.223,285.714739169600,67.835632369000,XE072,1954-06-06,R7
tile_RA317.522_DECp67.543:3214,tile_RA317.522_DECp67.543,317.515802980600,67.945681343500,XE074,1952-08-17,R7
tile_RA317.522_DECp67.543:4809,tile_RA317.522_DECp67.543,318.291728628700,67.705524599400,XE074,1952-08-17,R7
tile_RA317.522_DECp67.543:5280,tile_RA317.522_DECp67.543,317.527109582400,67.660087132600,XE074,1952-08-17,R7
tile_RA339.183_DECp67.752:5540,tile_RA339.183_DECp67.752,340.149121037800,67.705769013600,XE076,1952-08-18,R7
tile_RA124.026_DECp57.566:1415,tile_RA124.026_DECp57.566,124.634491974900,57.943247267900,XE089,1954-01-05,R8
tile_RA124.026_DECp57.566:2615,tile_RA124.026_DECp57.566,124.816115699100,57.551806016200,XE089,1954-01-05,R8
tile_RA156.434_DECp57.267:748,tile_RA156.434_DECp57.267,156.075478398100,57.629537468600,XE092,1954-01-05,R8
tile_RA177.930_DECp57.194:1105,tile_RA177.930_DECp57.194,177.562850486100,57.601716750200,XE094,1953-04-15,R8
tile_RA177.930_DECp57.194:511,tile_RA177.930_DECp57.194,177.962404532500,56.921982392600,XE094,1953-04-15,R8
tile_RA188.669_DECp57.200:1196,tile_RA188.669_DECp57.200,188.013081018500,57.376457705400,XE095,1955-05-18,R8
tile_RA201.370_DECp58.235:518,tile_RA201.370_DECp58.235,201.448450417400,57.939229052300,XE096,1953-03-14,R8
tile_RA210.176_DECp57.298:1142,tile_RA210.176_DECp57.298,210.450886008000,57.684282662000,XE097,1953-03-15,R8
tile_RA210.176_DECp57.298:344,tile_RA210.176_DECp57.298,210.276480696700,56.954451513200,XE097,1953-03-15,R8
tile_RA145.661_DECp59.344:598,tile_RA145.661_DECp59.344,145.293910099600,59.168160712600,XE091,1953-03-14,R8
tile_RA152.521_DECp59.267:797,tile_RA152.521_DECp59.267,152.367819057300,59.206332497600,XE092,1954-01-05,R8
tile_RA158.391_DECp58.267:1123,tile_RA158.391_DECp58.267,157.953250219900,58.392002246900,XE092,1954-01-05,R8
tile_RA163.280_DECp59.216:1992,tile_RA163.280_DECp59.216,163.734714746800,59.287248104100,XE093,1953-03-18,R8
tile_RA167.188_DECp59.216:655,tile_RA167.188_DECp59.216,167.897765768700,59.057008989600,XE093,1953-03-18,R8
tile_RA181.835_DECp59.194:726,tile_RA181.835_DECp59.194,182.032460087000,58.984684673000,XE094,1953-04-15,R8
tile_RA179.882_DECp58.194:1650,tile_RA179.882_DECp58.194,180.116260454800,58.288499885800,XE094,1953-04-15,R8
tile_RA184.763_DECp59.200:494,tile_RA184.763_DECp59.200,184.129321711400,58.956804588500,XE095,1955-05-18,R8
tile_RA186.716_DECp58.200:982,tile_RA186.716_DECp58.200,187.035742871500,58.557986579900,XE095,1955-05-18,R8
tile_RA186.716_DECp58.200:1345,tile_RA186.716_DECp58.200,186.678564882600,58.314167001100,XE095,1955-05-18,R8
tile_RA190.622_DECp59.200:139,tile_RA190.622_DECp59.200,190.145817545500,58.820264871000,XE095,1955-05-18,R8
tile_RA195.505_DECp59.235:417,tile_RA195.505_DECp59.235,195.082283973200,58.909240629900,XE096,1953-03-14,R8
tile_RA197.460_DECp59.235:164,tile_RA197.460_DECp59.235,197.096068900000,58.780118392800,XE096,1953-03-14,R8
tile_RA199.415_DECp59.235:1938,tile_RA199.415_DECp59.235,199.038364984000,59.238414247400,XE096,1953-03-14,R8
tile_RA201.370_DECp58.235:2320,tile_RA201.370_DECp58.235,202.129693502600,58.185964548700,XE096,1953-03-14,R8
tile_RA206.259_DECp59.298:405,tile_RA206.259_DECp59.298,205.688832210900,58.955186080800,XE097,1953-03-15,R8
tile_RA210.176_DECp58.298:1631,tile_RA210.176_DECp58.298,210.182494551800,58.446861588500,XE097,1953-03-15,R8
tile_RA212.135_DECp58.298:765,tile_RA212.135_DECp58.298,211.395127812000,58.187580553100,XE097,1953-03-15,R8
tile_RA218.997_DECp59.386:1165,tile_RA218.997_DECp59.386,219.167040328000,59.320791998400,XE098,1955-03-16,R8
tile_RA218.997_DECp58.386:300,tile_RA218.997_DECp58.386,218.654083679900,58.032860813800,XE098,1955-03-16,R8
tile_RA273.458_DECp60.074:1868,tile_RA273.458_DECp60.074,273.086020760600,60.465650601000,XE103,1952-05-26,R8
tile_RA286.508_DECp60.226:4809,tile_RA286.508_DECp60.226,286.493541826100,60.374325182400,XE104,1953-09-30,R8
tile_RA124.026_DECp59.566:1384,tile_RA124.026_DECp59.566,123.750733538600,59.513923848300,XE089,1954-01-05,R8
tile_RA147.623_DECp60.344:751,tile_RA147.623_DECp60.344,147.116304689400,60.236851188000,XE091,1953-03-14,R8
tile_RA147.623_DECp60.344:1310,tile_RA147.623_DECp60.344,147.931089126800,60.590773028300,XE091,1953-03-14,R8
tile_RA147.623_DECp60.344:1588,tile_RA147.623_DECp60.344,146.787443268200,60.311208901900,XE091,1953-03-14,R8
tile_RA169.142_DECp60.216:1717,tile_RA169.142_DECp60.216,169.490039867600,60.362394265000,XE093,1953-03-18,R8
tile_RA165.234_DECp59.216:1504,tile_RA165.234_DECp59.216,164.913935155900,59.374645058400,XE093,1953-03-18,R8
tile_RA169.142_DECp60.216:668,tile_RA169.142_DECp60.216,169.732204924700,60.012841630400,XE093,1953-03-18,R8
tile_RA169.142_DECp59.216:1257,tile_RA169.142_DECp59.216,169.328545007400,59.533524565200,XE093,1953-03-18,R8
tile_RA197.460_DECp60.235:1892,tile_RA197.460_DECp60.235,196.834617729700,60.405471138400,XE096,1953-03-14,R8
tile_RA199.415_DECp60.235:1578,tile_RA199.415_DECp60.235,199.248503996800,60.517534141300,XE096,1953-03-14,R8
tile_RA197.460_DECp59.235:1619,tile_RA197.460_DECp59.235,197.266327152300,59.497710306900,XE096,1953-03-14,R8
tile_RA206.259_DECp59.298:1110,tile_RA206.259_DECp59.298,205.914069674700,59.653680654400,XE097,1953-03-15,R8
tile_RA206.259_DECp59.298:1797,tile_RA206.259_DECp59.298,206.500879796400,59.359575787100,XE097,1953-03-15,R8
tile_RA210.176_DECp59.298:1007,tile_RA210.176_DECp59.298,209.842787493000,59.692754437300,XE097,1953-03-15,R8
tile_RA220.960_DECp60.386:1330,tile_RA220.960_DECp60.386,221.851610844900,60.514309503700,XE098,1955-03-16,R8
tile_RA217.033_DECp59.386:1225,tile_RA217.033_DECp59.386,216.780275909900,59.672432931200,XE098,1955-03-16,R8
tile_RA227.835_DECp59.496:1462,tile_RA227.835_DECp59.496,227.843237596400,59.789718386100,XE099,1953-06-15,R8
tile_RA233.745_DECp59.496:2154,tile_RA233.745_DECp59.496,234.076836047600,59.466419614800,XE099,1953-06-15,R8
tile_RA235.716_DECp59.496:1687,tile_RA235.716_DECp59.496,236.359770948200,59.752019827200,XE099,1953-06-15,R8
tile_RA240.650_DECp60.625:791,tile_RA240.650_DECp60.625,241.217052716700,60.429446561300,XE100,1954-06-28,R8
tile_RA240.650_DECp59.625:1281,tile_RA240.650_DECp59.625,240.538894829500,59.989980057400,XE100,1954-06-28,R8
tile_RA240.650_DECp59.625:1874,tile_RA240.650_DECp59.625,240.003889186400,59.789871079200,XE100,1954-06-28,R8
tile_RA249.552_DECp59.768:2077,tile_RA249.552_DECp59.768,249.773348783200,59.947156437100,XE101,1955-04-27,R8
tile_RA249.552_DECp59.768:2511,tile_RA249.552_DECp59.768,249.716835750900,59.790474388500,XE101,1955-04-27,R8
tile_RA253.524_DECp59.768:669,tile_RA253.524_DECp59.768,253.948418823200,59.492096794900,XE101,1955-04-27,R8
tile_RA275.462_DECp61.074:2485,tile_RA275.462_DECp61.074,275.038724291100,60.996310919100,XE103,1952-05-26,R8
tile_RA286.508_DECp60.226:5825,tile_RA286.508_DECp60.226,286.537048220400,60.718902051100,XE104,1953-09-30,R8
tile_RA134.861_DECp61.445:695,tile_RA134.861_DECp61.445,135.259665464800,61.278944654700,XE090,1954-11-26,R8
tile_RA134.861_DECp61.445:91,tile_RA134.861_DECp61.445,134.760091207900,60.995214989100,XE090,1954-11-26,R8
tile_RA145.661_DECp61.344:1937,tile_RA145.661_DECp61.344,145.258131372200,61.415698772100,XE091,1953-03-14,R8
tile_RA242.628_DECp61.625:915,tile_RA242.628_DECp61.625,241.722757318500,61.426292095600,XE100,1954-06-28,R8
tile_RA242.628_DECp61.625:2422,tile_RA242.628_DECp61.625,242.908832771600,61.690870639600,XE100,1954-06-28,R8
tile_RA242.628_DECp60.625:2463,tile_RA242.628_DECp60.625,241.708646346800,60.698272838300,XE100,1954-06-28,R8
tile_RA253.524_DECp61.768:999,tile_RA253.524_DECp61.768,254.071343229100,61.630728970000,XE101,1955-04-27,R8
tile_RA251.538_DECp60.768:1871,tile_RA251.538_DECp60.768,250.813066244900,60.970590958200,XE101,1955-04-27,R8
tile_RA253.524_DECp60.768:1749,tile_RA253.524_DECp60.768,253.271235343600,61.086246647100,XE101,1955-04-27,R8
tile_RA145.006_DECp51.349:458,tile_RA145.006_DECp51.349,144.750854530100,51.102154492300,XE126,1953-02-18,R9
tile_RA154.352_DECp51.280:652,tile_RA154.352_DECp51.280,153.900980588800,51.130826391300,XE127,1955-01-28,R9
tile_RA116.854_DECp52.653:187,tile_RA116.854_DECp52.653,116.547955062300,52.207312637200,XE123,1954-02-24,R9
tile_RA124.578_DECp52.538:2321,tile_RA124.578_DECp52.538,123.948559353300,52.548926732700,XE124,1953-02-15,R9
tile_RA137.322_DECp52.436:1646,tile_RA137.322_DECp52.436,137.173193510100,52.604190082300,XE125,1954-02-23,R9
tile_RA143.331_DECp52.349:396,tile_RA143.331_DECp52.349,143.070103375000,52.098324392900,XE126,1953-02-18,R9
tile_RA78.945_DECp53.175:4651,tile_RA78.945_DECp53.175,78.788233694500,53.080519806800,XE119,1954-12-21,R9
tile_RA97.959_DECp53.909:334,tile_RA97.959_DECp53.909,97.790232413100,53.469166357300,XE121,1954-02-24,R9
tile_RA107.421_DECp52.778:3367,tile_RA107.421_DECp52.778,108.010935013000,52.939538638900,XE122,1954-01-27,R9
tile_RA120.229_DECp53.653:2173,tile_RA120.229_DECp53.653,120.573438700000,53.936219292900,XE123,1954-02-24,R9
tile_RA120.229_DECp53.653:2768,tile_RA120.229_DECp53.653,119.998995460900,53.749840904100,XE123,1954-02-24,R9
tile_RA124.578_DECp53.538:1138,tile_RA124.578_DECp53.538,124.735410684200,53.964077216000,XE124,1953-02-15,R9
tile_RA133.965_DECp52.436:785,tile_RA133.965_DECp52.436,133.853862231900,52.923522795000,XE125,1954-02-23,R9
tile_RA148.356_DECp53.349:758,tile_RA148.356_DECp53.349,148.074997100100,53.802660337900,XE126,1953-02-18,R9
tile_RA152.679_DECp53.280:545,tile_RA152.679_DECp53.280,153.017470012300,53.067613451100,XE127,1955-01-28,R9
tile_RA152.679_DECp53.280:1371,tile_RA152.679_DECp53.280,152.645353619000,53.496366602200,XE127,1955-01-28,R9
tile_RA154.352_DECp53.280:1034,tile_RA154.352_DECp53.280,153.604197533200,53.213710149300,XE127,1955-01-28,R9
tile_RA156.024_DECp54.280:407,tile_RA156.024_DECp54.280,156.189178927400,53.976567770900,XE127,1955-01-28,R9
tile_RA154.352_DECp53.280:1419,tile_RA154.352_DECp53.280,155.101043186900,53.472413205000,XE127,1955-01-28,R9
tile_RA156.024_DECp53.280:1624,tile_RA156.024_DECp53.280,156.006985542000,53.367694544000,XE127,1955-01-28,R9
tile_RA96.261_DECp53.909:3517,tile_RA96.261_DECp53.909,95.805434457900,54.321724816300,XE121,1954-02-24,R9
tile_RA133.965_DECp54.436:1621,tile_RA133.965_DECp54.436,133.736852273700,54.739099348800,XE125,1954-02-23,R9
tile_RA145.006_DECp54.349:1233,tile_RA145.006_DECp54.349,145.416662595400,54.621445665600,XE126,1953-02-18,R9
tile_RA146.681_DECp54.349:1181,tile_RA146.681_DECp54.349,147.029715441200,54.632811066800,XE126,1953-02-18,R9
tile_RA146.681_DECp54.349:429,tile_RA146.681_DECp54.349,146.985249356300,54.069580813900,XE126,1953-02-18,R9
tile_RA154.352_DECp55.280:1220,tile_RA154.352_DECp55.280,154.111800278400,55.189099307900,XE127,1955-01-28,R9
tile_RA154.352_DECp54.280:941,tile_RA154.352_DECp54.280,154.090771045200,54.698058066300,XE127,1955-01-28,R9
tile_RA154.352_DECp55.280:505,tile_RA154.352_DECp55.280,154.217081311300,55.036051891400,XE127,1955-01-28,R9
tile_RA152.679_DECp54.280:508,tile_RA152.679_DECp54.280,152.773321601400,54.024896596500,XE127,1955-01-28,R9
tile_RA154.352_DECp54.280:623,tile_RA154.352_DECp54.280,153.711655523800,54.097967627200,XE127,1955-01-28,R9
tile_RA154.352_DECp54.280:1713,tile_RA154.352_DECp54.280,154.108624212600,54.377601877700,XE127,1955-01-28,R9
tile_RA156.024_DECp54.280:1743,tile_RA156.024_DECp54.280,156.589735757700,54.316975169800,XE127,1955-01-28,R9
tile_RA19.511_DECp54.758:6878,tile_RA19.511_DECp54.758,19.379925739400,54.766061056100,XE113,1954-01-03,R9
tile_RA50.202_DECp56.531:2759,tile_RA50.202_DECp56.531,49.546749124500,56.396688300800,XE116,1954-09-27,R9
tile_RA59.811_DECp55.423:13478,tile_RA59.811_DECp55.423,59.539676956900,55.834063176200,XE117,1954-09-30,R9
tile_RA69.392_DECp56.303:4259,tile_RA69.392_DECp56.303,69.767746338400,56.107585853500,XE118,1953-10-08,R9
tile_RA145.006_DECp55.349:1598,tile_RA145.006_DECp55.349,145.724042632000,55.494313366700,XE126,1953-02-18,R9
tile_RA299.628_DECp59.370:4652,tile_RA299.628_DECp59.370,298.683258045200,59.309925136400,XE105,1952-08-12,R9
tile_RA297.605_DECp59.370:928,tile_RA297.605_DECp59.370,297.737688741600,58.963093191300,XE105,1952-08-12,R9
tile_RA299.628_DECp59.370:3287,tile_RA299.628_DECp59.370,300.164185954100,59.168036015700,XE105,1952-08-12,R9
tile_RA299.628_DECp59.370:8941,tile_RA299.628_DECp59.370,299.372833265800,59.603535605000,XE105,1952-08-12,R9
tile_RA315.861_DECp60.614:228,tile_RA315.861_DECp60.614,315.798083442700,60.144829820800,XE107,1952-07-22,R9
tile_RA342.411_DECp59.766:4351,tile_RA342.411_DECp59.766,342.053000809400,59.614729695500,XE109,1953-10-31,R9
tile_RA310.780_DECp61.501:10428,tile_RA310.780_DECp61.501,310.916365801900,61.856712335800,XE106,1952-09-15,R9
tile_RA297.605_DECp62.370:2751,tile_RA297.605_DECp62.370,296.983815957600,62.168812035700,XE105,1952-08-12,R9
tile_RA308.750_DECp62.501:1690,tile_RA308.750_DECp62.501,309.256972310500,62.153392715900,XE106,1952-09-15,R9
tile_RA238.422_DECp51.572:682,tile_RA238.422_DECp51.572,237.886538019200,51.331597932000,XE136,1955-04-27,R10
tile_RA200.978_DECp51.243:1095,tile_RA200.978_DECp51.243,200.593661628100,51.142543048300,XE132,1953-02-14,R10
tile_RA210.314_DECp51.299:267,tile_RA210.314_DECp51.299,209.940408736900,50.989920559100,XE133,1955-04-23,R10
tile_RA219.664_DECp51.373:2352,tile_RA219.664_DECp51.373,220.269219865900,51.389268029000,XE134,1953-04-12,R10
tile_RA229.033_DECp52.465:130,tile_RA229.033_DECp52.465,228.931598433700,52.029465295300,XE135,1954-06-27,R10
tile_RA236.738_DECp52.572:712,tile_RA236.738_DECp52.572,236.893859076800,52.368772459000,XE136,1955-04-27,R10
tile_RA240.106_DECp52.572:429,tile_RA240.106_DECp52.572,239.986236312300,52.244205445300,XE136,1955-04-27,R10
tile_RA246.148_DECp52.690:882,tile_RA246.148_DECp52.690,246.422762661800,52.537043209000,XE137,1954-06-28,R10
tile_RA285.781_DECp52.214:683,tile_RA285.781_DECp52.214,286.080433062300,51.798385522700,XE141,1952-07-27,R10
tile_RA295.343_DECp52.340:11529,tile_RA295.343_DECp52.340,294.890187257900,52.624391895500,XE142,1953-08-10,R10
tile_RA183.999_DECp52.193:593,tile_RA183.999_DECp52.193,183.769069667300,52.664159941200,XE130,1955-04-14,R10
tile_RA182.330_DECp52.193:173,tile_RA182.330_DECp52.193,182.282068452500,51.833590107900,XE130,1955-04-14,R10
tile_RA200.978_DECp52.243:986,tile_RA200.978_DECp52.243,201.101569409500,52.607584449300,XE132,1953-02-14,R10
tile_RA210.314_DECp52.299:422,tile_RA210.314_DECp52.299,210.935884514900,52.114710603100,XE133,1955-04-23,R10
tile_RA211.987_DECp52.299:1094,tile_RA211.987_DECp52.299,212.056080033900,52.416245583900,XE133,1955-04-23,R10
tile_RA223.017_DECp53.373:768,tile_RA223.017_DECp53.373,223.745004573700,53.138145036500,XE134,1953-04-12,R10
tile_RA232.392_DECp53.465:312,tile_RA232.392_DECp53.465,232.724972214700,53.095269386000,XE135,1954-06-27,R10
tile_RA240.106_DECp53.572:590,tile_RA240.106_DECp53.572,240.306033859500,53.279858548900,XE136,1955-04-27,R10
tile_RA249.526_DECp53.690:1508,tile_RA249.526_DECp53.690,249.614785417500,53.780424826700,XE137,1954-06-28,R10
tile_RA249.526_DECp52.690:2042,tile_RA249.526_DECp52.690,249.865437628200,52.881113473800,XE137,1954-06-28,R10
tile_RA268.448_DECp52.949:2498,tile_RA268.448_DECp52.949,268.958905049000,52.855747851600,XE139,1954-06-28,R10
tile_RA162.014_DECp53.230:488,tile_RA162.014_DECp53.230,161.550114823200,53.032962151200,XE128,1955-02-13,R10
tile_RA162.014_DECp53.230:1225,tile_RA162.014_DECp53.230,162.664351914300,53.478462580600,XE128,1955-02-13,R10
tile_RA167.026_DECp53.230:1164,tile_RA167.026_DECp53.230,167.693629485900,53.496709955400,XE128,1955-02-13,R10
tile_RA167.026_DECp53.230:1560,tile_RA167.026_DECp53.230,166.907138614300,53.318334840400,XE128,1955-02-13,R10
tile_RA180.661_DECp53.193:876,tile_RA180.661_DECp53.193,181.233395352200,53.525401580500,XE130,1955-04-14,R10
tile_RA180.661_DECp53.193:1215,tile_RA180.661_DECp53.193,180.360996622000,53.271866149400,XE130,1955-04-14,R10
tile_RA197.636_DECp53.243:1099,tile_RA197.636_DECp53.243,197.411762451200,53.150639935800,XE132,1953-02-14,R10
tile_RA202.649_DECp54.243:201,tile_RA202.649_DECp54.243,203.166708382500,53.855873273600,XE132,1953-02-14,R10
tile_RA206.968_DECp53.299:1039,tile_RA206.968_DECp53.299,206.369465220800,53.589512648800,XE133,1955-04-23,R10
tile_RA210.314_DECp53.299:1254,tile_RA210.314_DECp53.299,210.433381495200,53.355102104700,XE133,1955-04-23,R10
tile_RA211.987_DECp53.299:1325,tile_RA211.987_DECp53.299,211.885008053200,53.364547537300,XE133,1955-04-23,R10
tile_RA216.312_DECp53.373:1073,tile_RA216.312_DECp53.373,216.555008421600,53.778416866400,XE134,1953-04-12,R10
tile_RA217.988_DECp53.373:1598,tile_RA217.988_DECp53.373,218.197615731200,53.645827236200,XE134,1953-04-12,R10
tile_RA221.341_DECp53.373:1519,tile_RA221.341_DECp53.373,220.886237838300,53.684176020000,XE134,1953-04-12,R10
tile_RA238.422_DECp54.572:1618,tile_RA238.422_DECp54.572,238.065635443900,54.875589670600,XE136,1955-04-27,R10
tile_RA240.106_DECp54.572:1081,tile_RA240.106_DECp54.572,240.722855943000,54.442339121500,XE136,1955-04-27,R10
tile_RA268.448_DECp54.949:3403,tile_RA268.448_DECp54.949,269.258705392300,55.117695209000,XE139,1954-06-28,R10
tile_RA274.545_DECp55.083:276,tile_RA274.545_DECp55.083,274.290931522200,54.632810582500,XE140,1953-08-15,R10
tile_RA285.781_DECp55.214:5835,tile_RA285.781_DECp55.214,286.167883546100,55.263846743600,XE141,1952-07-27,R10
tile_RA285.781_DECp54.214:4980,tile_RA285.781_DECp54.214,285.443470575300,54.400314703000,XE141,1952-07-27,R10
tile_RA285.781_DECp54.214:2978,tile_RA285.781_DECp54.214,285.618844145800,54.148797609900,XE141,1952-07-27,R10
tile_RA162.014_DECp54.230:1015,tile_RA162.014_DECp54.230,162.623712491500,54.497754597800,XE128,1955-02-13,R10
tile_RA163.685_DECp54.230:1872,tile_RA163.685_DECp54.230,164.417528329100,54.232988861500,XE128,1955-02-13,R10
tile_RA180.661_DECp54.193:1738,tile_RA180.661_DECp54.193,180.988513904200,54.203889772300,XE130,1955-04-14,R10
tile_RA227.353_DECp54.465:2026,tile_RA227.353_DECp54.465,227.368688685700,54.480079972100,XE135,1954-06-27,R10
tile_RA229.033_DECp54.465:1392,tile_RA229.033_DECp54.465,229.188542984300,54.822114718600,XE135,1954-06-27,R10
tile_RA247.837_DECp55.690:915,tile_RA247.837_DECp55.690,248.088630273500,55.536011594300,XE137,1954-06-28,R10
tile_RA257.278_DECp55.817:2196,tile_RA257.278_DECp55.817,256.904425561200,55.715317951200,XE138,1953-07-10,R10
tile_RA173.009_DECp55.201:1208,tile_RA173.009_DECp55.201,173.511717915900,55.425542344900,XE129,1950-03-20,R10
tile_RA182.330_DECp55.193:889,tile_RA182.330_DECp55.193,182.751708861900,55.628326443300,XE130,1955-04-14,R10
tile_RA182.330_DECp55.193:1219,tile_RA182.330_DECp55.193,182.863505693700,55.502310609900,XE130,1955-04-14,R10
tile_RA130.050_DECp45.494:2117,tile_RA130.050_DECp45.494,129.496496380800,45.630009143900,XE164,1953-02-14,R11
tile_RA130.050_DECp45.494:93,tile_RA130.050_DECp45.494,130.039031992600,45.024630812100,XE164,1953-02-14,R11
tile_RA130.050_DECp45.494:915,tile_RA130.050_DECp45.494,129.945943302900,45.368074416500,XE164,1953-02-14,R11
tile_RA79.236_DECp47.170:8230,tile_RA79.236_DECp47.170,78.531096819000,47.297353917100,XE158,1950-12-08,R11
tile_RA97.742_DECp46.931:5089,tile_RA97.742_DECp46.931,98.267866126500,47.105210312600,XE160,1950-12-08,R11
tile_RA97.742_DECp46.931:5960,tile_RA97.742_DECp46.931,98.154173647100,46.979656049500,XE160,1950-12-08,R11
tile_RA10.507_DECp46.796:2757,tile_RA10.507_DECp46.796,10.504800910900,46.672155075900,XE150,1954-09-26,R11
tile_RA128.570_DECp47.494:412,tile_RA128.570_DECp47.494,128.176080024400,47.128785463900,XE164,1953-02-14,R11
tile_RA131.530_DECp46.494:1709,tile_RA131.530_DECp46.494,131.763210756900,46.771051668300,XE164,1953-02-14,R11
tile_RA138.459_DECp47.407:252,tile_RA138.459_DECp47.407,138.967127065400,47.068290124000,XE165,1954-03-06,R11
tile_RA138.459_DECp46.407:468,tile_RA138.459_DECp46.407,137.934881441900,46.196732020800,XE165,1954-03-06,R11
tile_RA145.381_DECp46.333:1405,tile_RA145.381_DECp46.333,145.338199136600,46.573019146400,XE166,1953-02-14,R11
tile_RA145.381_DECp46.333:1596,tile_RA145.381_DECp46.333,144.817328271400,46.455947117400,XE166,1953-02-14,R11
tile_RA146.856_DECp46.333:1043,tile_RA146.856_DECp46.333,146.345302020500,46.277529934800,XE166,1953-02-14,R11
tile_RA146.856_DECp46.333:1688,tile_RA146.856_DECp46.333,146.348489231700,46.283146333600,XE166,1953-02-14,R11
tile_RA152.296_DECp47.274:941,tile_RA152.296_DECp47.274,151.877572078400,47.204232531400,XE167,1955-03-18,R11
tile_RA152.296_DECp47.274:949,tile_RA152.296_DECp47.274,151.881951814700,47.201336859700,XE167,1955-03-18,R11
tile_RA0.353_DECp48.807:3225,tile_RA0.353_DECp48.807,0.853942533000,48.635559917600,XE149,1953-10-02,R11
tile_RA3.390_DECp48.807:2735,tile_RA3.390_DECp48.807,3.100117879400,48.587585559800,XE149,1953-10-02,R11
tile_RA46.495_DECp47.583:8584,tile_RA46.495_DECp47.583,45.928874597000,47.855834006200,XE154,1953-10-08,R11
tile_RA69.197_DECp47.285:6717,tile_RA69.197_DECp47.285,68.815155849200,47.459576672200,XE157,1953-10-09,R11
tile_RA69.197_DECp48.285:6819,tile_RA69.197_DECp48.285,69.379475362700,48.307096781100,XE157,1953-10-09,R11
tile_RA7.471_DECp48.796:2573,tile_RA7.471_DECp48.796,7.787899930500,48.567651978800,XE150,1954-09-26,R11
tile_RA86.256_DECp48.051:4981,tile_RA86.256_DECp48.051,85.596890435700,47.967846707800,XE159,1952-12-21,R11
tile_RA8.989_DECp47.796:4149,tile_RA8.989_DECp47.796,9.462068699700,47.817007919500,XE150,1954-09-26,R11
tile_RA111.699_DECp48.700:1122,tile_RA111.699_DECp48.700,111.412132526000,48.470835402900,XE162,1953-02-14,R11
tile_RA116.156_DECp47.700:2970,tile_RA116.156_DECp47.700,115.976597561400,47.829456555300,XE162,1953-02-14,R11
tile_RA124.591_DECp47.593:1540,tile_RA124.591_DECp47.593,124.745255042500,47.908057407000,XE163,1954-12-29,R11
tile_RA128.570_DECp48.494:822,tile_RA128.570_DECp48.494,128.736765874400,48.291093841600,XE164,1953-02-14,R11
tile_RA130.050_DECp48.494:451,tile_RA130.050_DECp48.494,130.295826741800,48.166135059100,XE164,1953-02-14,R11
tile_RA155.243_DECp48.274:996,tile_RA155.243_DECp48.274,155.050177490700,48.633339517800,XE167,1955-03-18,R11
tile_RA27.764_DECp49.722:985,tile_RA27.764_DECp49.722,27.397377911600,49.348645985800,XE152,1953-10-13,R11
tile_RA34.866_DECp49.660:4723,tile_RA34.866_DECp49.660,35.408713548700,49.563785347400,XE153,1953-11-30,R11
tile_RA96.249_DECp49.931:2798,tile_RA96.249_DECp49.931,95.843690953500,49.864866878800,XE160,1950-12-08,R11
tile_RA104.726_DECp49.813:5435,tile_RA104.726_DECp49.813,105.315173443600,49.848624929300,XE161,1953-03-09,R11
tile_RA111.699_DECp48.700:3576,tile_RA111.699_DECp48.700,111.813051946600,48.750872118300,XE162,1953-02-14,R11
tile_RA10.507_DECp49.796:4637,tile_RA10.507_DECp49.796,10.417267664800,49.767192253800,XE150,1954-09-26,R11
tile_RA123.108_DECp48.593:1893,tile_RA123.108_DECp48.593,122.982283551600,48.769709503700,XE163,1954-12-29,R11
tile_RA146.856_DECp49.333:1077,tile_RA146.856_DECp49.333,146.816786725600,49.286631389200,XE166,1953-02-14,R11
tile_RA155.243_DECp49.274:167,tile_RA155.243_DECp49.274,154.988139328300,48.871209966400,XE167,1955-03-18,R11
tile_RA316.274_DECp53.561:2901,tile_RA316.274_DECp53.561,317.103795453000,53.590336388000,XE144,1952-09-16,R11
tile_RA346.990_DECp54.771:3524,tile_RA346.990_DECp54.771,346.335553185000,54.445984340700,XE147,1953-10-29,R11
tile_RA303.213_DECp55.457:10452,tile_RA303.213_DECp55.457,302.906096124200,55.822195247400,XE143,1952-07-30,R11
tile_RA314.550_DECp55.561:6981,tile_RA314.550_DECp55.561,315.289948406400,55.801098275600,XE144,1952-09-16,R11
