src_id,tile_id,ra,dec,plate_id,obs_date,run_id,obs_date_used,time_adjusted,shadow_dist_deg,in_earth_shadow
tile_RA85.001_DECp43.060:12399,tile_RA85.001_DECp43.060,84.824539615600,43.531795820100,XE203,1953-01-10T04:65:00,R1,1953-01-10T05:05:00.000,True,32.0312,False
tile_RA39.816_DECp44.630:7930,tile_RA39.816_DECp44.630,40.067849465800,44.892830368600,XE197,1951-12-21T04:20:00,R1,1951-12-21T04:20:00.000,False,44.9596,False
tile_RA130.050_DECp45.494:2117,tile_RA130.050_DECp45.494,129.496524385900,45.630106802200,XE164,1953-02-14T06:70:00,R1,1953-02-14T07:10:00.000,True,34.4230,False
tile_RA130.050_DECp45.494:915,tile_RA130.050_DECp45.494,129.945971809000,45.368158802700,XE164,1953-02-14T06:70:00,R1,1953-02-14T07:10:00.000,True,34.0911,False
tile_RA227.716_DECp47.482:533,tile_RA227.716_DECp47.482,227.597507472800,47.196216908300,XE176,1953-03-15T11:98:00,R1,1953-03-15T12:38:00.000,True,64.8640,False
tile_RA358.824_DECp46.807:3910,tile_RA358.824_DECp46.807,358.783370302000,46.749835527800,XE191,1951-09-09T08:02:00,R1,1951-09-09T08:02:00.000,False,50.9032,False
tile_RA97.742_DECp46.931:5089,tile_RA97.742_DECp46.931,98.267846960300,47.105272491600,XE160,1950-12-08T09:37:00,R1,1950-12-08T09:37:00.000,False,29.7613,False
tile_RA97.742_DECp46.931:5960,tile_RA97.742_DECp46.931,98.154156384100,46.979718031900,XE160,1950-12-08T09:37:00,R1,1950-12-08T09:37:00.000,False,29.6410,False
tile_RA131.530_DECp46.494:1709,tile_RA131.530_DECp46.494,131.763231405200,46.771139163400,XE164,1953-02-14T06:70:00,R1,1953-02-14T07:10:00.000,True,34.5874,False
tile_RA145.381_DECp46.333:1596,tile_RA145.381_DECp46.333,144.817357073600,46.456035027200,XE166,1953-02-14T08:17:00,R1,1953-02-14T08:17:00.000,False,31.6686,False
tile_RA152.296_DECp47.274:949,tile_RA152.296_DECp47.274,151.881999994300,47.201429498600,XE167,1955-03-18T05:78:00,R1,1955-03-18T06:18:00.000,True,49.5150,False
tile_RA208.434_DECp47.267:743,tile_RA208.434_DECp47.267,208.398661790400,47.653078850800,XE173,1956-04-07T09:42:00,R1,1956-04-07T09:42:00.000,False,54.3534,False
tile_RA230.675_DECp48.482:2656,tile_RA230.675_DECp48.482,230.596077846000,48.497938973700,XE176,1953-03-15T11:98:00,R1,1953-03-15T12:38:00.000,True,66.9027,False
tile_RA244.565_DECp47.685:2669,tile_RA244.565_DECp47.685,244.257375297200,47.672565434000,XE178,1955-03-30T11:37:00,R1,1955-03-30T11:37:00.000,False,69.6088,False
tile_RA249.022_DECp47.685:491,tile_RA249.022_DECp47.685,248.741816782600,47.355145077200,XE178,1955-03-30T11:37:00,R1,1955-03-30T11:37:00.000,False,71.7907,False
tile_RA255.992_DECp47.798:1892,tile_RA255.992_DECp47.798,256.132802726300,48.147299164200,XE179,1955-03-24T11:83:00,R1,1955-03-24T12:23:00.000,True,78.4746,False
tile_RA257.481_DECp47.798:2964,tile_RA257.481_DECp47.798,256.765855706800,47.801629108000,XE179,1955-03-24T11:83:00,R1,1955-03-24T12:23:00.000,True,78.7582,False
tile_RA350.189_DECp47.793:3831,tile_RA350.189_DECp47.793,350.822314564900,47.622450196400,XE190,1954-08-01T10:68:00,R1,1954-08-01T11:08:00.000,True,73.4680,False
tile_RA86.256_DECp48.051:4981,tile_RA86.256_DECp48.051,85.596864169000,47.967891606700,XE159,1952-12-21T06:20:00,R1,1952-12-21T06:20:00.000,False,23.3067,False
tile_RA116.156_DECp47.700:2970,tile_RA116.156_DECp47.700,115.976595190400,47.829531589700,XE162,1953-02-14T05:65:00,R1,1953-02-14T06:05:00.000,True,42.2788,False
tile_RA124.591_DECp47.593:1540,tile_RA124.591_DECp47.593,124.745281413000,47.908144269700,XE163,1954-12-29T09:63:00,R1,1954-12-29T10:03:00.000,True,31.6760,False
tile_RA155.243_DECp48.274:996,tile_RA155.243_DECp48.274,155.050226790100,48.633407840800,XE167,1955-03-18T05:78:00,R1,1955-03-18T06:18:00.000,True,49.5656,False
tile_RA162.149_DECp48.230:1416,tile_RA162.149_DECp48.230,162.194575006200,48.330646562600,XE168,1953-03-16T07:82:00,R1,1953-03-16T08:22:00.000,True,45.7039,False
tile_RA178.894_DECp48.193:1089,tile_RA178.894_DECp48.193,178.923966252200,48.384191127900,XE170,1955-02-28T09:03:00,R1,1955-02-28T09:03:00.000,False,40.9368,False
tile_RA191.679_DECp47.200:1163,tile_RA191.679_DECp47.200,192.295729172500,47.425422471000,XE171,1955-04-23T05:72:00,R1,1955-04-23T06:12:00.000,True,60.3659,False
tile_RA198.581_DECp48.225:1077,tile_RA198.581_DECp48.225,198.169717571200,48.432813507700,XE172,1955-03-18T09:05:00,R1,1955-03-18T09:05:00.000,False,48.3959,False
tile_RA255.992_DECp49.798:75,tile_RA255.992_DECp49.798,255.920322699600,49.318081612300,XE179,1955-03-24T11:83:00,R1,1955-03-24T12:23:00.000,True,78.5974,False
tile_RA348.671_DECp49.793:1222,tile_RA348.671_DECp49.793,348.760438217300,49.381197456400,XE190,1954-08-01T10:68:00,R1,1954-08-01T11:08:00.000,True,73.9293,False
tile_RA351.707_DECp48.793:13167,tile_RA351.707_DECp48.793,351.766900147000,49.212771236700,XE190,1954-08-01T10:68:00,R1,1954-08-01T11:08:00.000,True,74.8575,False
tile_RA111.699_DECp48.700:3576,tile_RA111.699_DECp48.700,111.813046343800,48.750951887400,XE162,1953-02-14T05:65:00,R1,1953-02-14T06:05:00.000,True,44.6245,False
tile_RA10.507_DECp49.796:4637,tile_RA10.507_DECp49.796,10.417286777600,49.767223159600,XE150,1954-09-26T08:05:00,R1,1954-09-26T08:05:00.000,False,46.4308,False
tile_RA146.856_DECp49.333:1077,tile_RA146.856_DECp49.333,146.816821787000,49.286717558700,XE166,1953-02-14T08:17:00,R1,1953-02-14T08:17:00.000,False,34.0186,False
tile_RA238.422_DECp51.572:682,tile_RA238.422_DECp51.572,237.886621637600,51.331657327400,XE136,1955-04-27T09:50:00,R1,1955-04-27T09:50:00.000,False,66.2482,False
tile_RA200.978_DECp51.243:1095,tile_RA200.978_DECp51.243,200.593748208700,51.142597527700,XE132,1953-02-14T11:35:00,R1,1953-02-14T11:35:00.000,False,55.9046,False
tile_RA219.664_DECp51.373:2352,tile_RA219.664_DECp51.373,220.269338070900,51.389332866800,XE134,1953-04-12T09:57:00,R1,1953-04-12T09:57:00.000,False,60.7116,False
tile_RA240.106_DECp52.572:429,tile_RA240.106_DECp52.572,239.986300462100,52.244256611600,XE136,1955-04-27T09:50:00,R1,1955-04-27T09:50:00.000,False,67.4396,False
tile_RA246.148_DECp52.690:882,tile_RA246.148_DECp52.690,246.422840548000,52.537091179100,XE137,1954-06-28T05:93:00,R1,1954-06-28T06:33:00.000,True,77.3309,False
tile_RA124.578_DECp52.538:2321,tile_RA124.578_DECp52.538,123.948583247100,52.549008963800,XE124,1953-02-15T06:52:00,R1,1953-02-15T06:52:00.000,False,41.9500,False
tile_RA249.526_DECp53.690:1508,tile_RA249.526_DECp53.690,249.614839976500,53.780470866000,XE137,1954-06-28T05:93:00,R1,1954-06-28T06:33:00.000,True,77.5329,False
tile_RA268.448_DECp52.949:2498,tile_RA268.448_DECp52.949,268.958954025900,52.855797921800,XE139,1954-06-28T07:17:00,R1,1954-06-28T07:17:00.000,False,73.5915,False
tile_RA316.274_DECp53.561:2901,tile_RA316.274_DECp53.561,317.103864074900,53.590394095200,XE144,1952-09-16T03:68:00,R1,1952-09-16T04:08:00.000,True,63.4258,False
tile_RA78.945_DECp53.175:4651,tile_RA78.945_DECp53.175,78.788206533800,53.080557265000,XE119,1954-12-21T06:98:00,R1,1954-12-21T07:38:00.000,True,27.6399,False
tile_RA120.229_DECp53.653:2768,tile_RA120.229_DECp53.653,119.998994912600,53.749915013200,XE123,1954-02-24T05:15:00,R1,1954-02-24T05:15:00.000,False,51.8807,False
tile_RA152.679_DECp53.280:1371,tile_RA152.679_DECp53.280,152.645432917900,53.496454287600,XE127,1955-01-28T10:20:00,R1,1955-01-28T10:20:00.000,False,37.7891,False
tile_RA154.352_DECp53.280:1034,tile_RA154.352_DECp53.280,153.604233175600,53.213761367200,XE127,1955-01-28T10:20:00,R1,1955-01-28T10:20:00.000,False,37.9058,False
tile_RA156.024_DECp53.280:1624,tile_RA156.024_DECp53.280,156.007055268500,53.367783888800,XE127,1955-01-28T10:20:00,R1,1955-01-28T10:20:00.000,False,38.8108,False
tile_RA162.014_DECp53.230:488,tile_RA162.014_DECp53.230,161.550183795300,53.033039434100,XE128,1955-02-13T09:23:00,R1,1955-02-13T09:23:00.000,False,38.9404,False
tile_RA180.661_DECp53.193:1215,tile_RA180.661_DECp53.193,180.361104955300,53.271939620700,XE130,1955-04-14T06:32:00,R1,1955-04-14T06:32:00.000,False,62.4918,False
tile_RA202.649_DECp54.243:201,tile_RA202.649_DECp54.243,203.166852024100,53.855942152700,XE132,1953-02-14T11:35:00,R1,1953-02-14T11:35:00.000,False,57.9853,False
tile_RA221.341_DECp53.373:1519,tile_RA221.341_DECp53.373,220.886348224000,53.684224756800,XE134,1953-04-12T09:57:00,R1,1953-04-12T09:57:00.000,False,62.6523,False
tile_RA285.781_DECp55.214:5835,tile_RA285.781_DECp55.214,286.167934888000,55.263913282500,XE141,1952-07-27T05:78:00,R1,1952-07-27T06:18:00.000,True,73.5558,False
tile_RA285.781_DECp54.214:4980,tile_RA285.781_DECp54.214,285.443521313400,54.400381905800,XE141,1952-07-27T05:78:00,R1,1952-07-27T06:18:00.000,True,72.9930,False
tile_RA285.781_DECp54.214:2978,tile_RA285.781_DECp54.214,285.618895392900,54.148864841000,XE141,1952-07-27T05:78:00,R1,1952-07-27T06:18:00.000,True,72.7599,False
tile_RA96.261_DECp53.909:3517,tile_RA96.261_DECp53.909,95.805414789100,54.321780235900,XE121,1954-02-24T04:08:00,R1,1954-02-24T04:08:00.000,False,64.6458,False
tile_RA124.578_DECp54.538:1864,tile_RA124.578_DECp54.538,124.321601632400,54.830347494200,XE124,1953-02-15T06:52:00,R1,1953-02-15T06:52:00.000,False,43.4183,False
tile_RA154.352_DECp54.280:623,tile_RA154.352_DECp54.280,153.711724042500,54.098037366800,XE127,1955-01-28T10:20:00,R1,1955-01-28T10:20:00.000,False,38.5300,False
tile_RA156.024_DECp54.280:1743,tile_RA156.024_DECp54.280,156.589787102900,54.317051107700,XE127,1955-01-28T10:20:00,R1,1955-01-28T10:20:00.000,False,39.6125,False
tile_RA163.685_DECp54.230:1872,tile_RA163.685_DECp54.230,164.417602715000,54.233049531800,XE128,1955-02-13T09:23:00,R1,1955-02-13T09:23:00.000,False,40.5010,False
tile_RA210.314_DECp54.299:1518,tile_RA210.314_DECp54.299,210.433397163700,54.302620140000,XE133,1955-04-23T06:97:00,R1,1955-04-23T07:37:00.000,True,63.6723,False
tile_RA303.213_DECp55.457:10452,tile_RA303.213_DECp55.457,302.906162058100,55.822260709700,XE143,1952-07-30T08:13:00,R1,1952-07-30T08:13:00.000,False,71.0726,False
tile_RA80.232_DECp58.159:1116,tile_RA80.232_DECp58.159,80.238894664200,57.805721838300,XE085,1954-03-02T02:93:00,R1,1954-03-02T03:33:00.000,True,77.9594,False
tile_RA124.026_DECp57.566:1415,tile_RA124.026_DECp57.566,124.634501056000,57.943320295800,XE089,1954-01-05T08:62:00,R1,1954-01-05T09:02:00.000,True,34.4826,False
tile_RA167.188_DECp57.216:1213,tile_RA167.188_DECp57.216,168.040626690300,57.123364990400,XE093,1953-03-18T07:28:00,R1,1953-03-18T07:28:00.000,False,53.3878,False
tile_RA297.605_DECp59.370:928,tile_RA297.605_DECp59.370,297.737751607600,58.963150659200,XE105,1952-08-12T05:83:00,R1,1952-08-12T06:23:00.000,True,72.9457,False
tile_RA167.188_DECp59.216:655,tile_RA167.188_DECp59.216,167.897828042400,59.057069813000,XE093,1953-03-18T07:28:00,R1,1953-03-18T07:28:00.000,False,55.0318,False
tile_RA181.835_DECp59.194:726,tile_RA181.835_DECp59.194,182.032528744700,58.984761169500,XE094,1953-04-15T06:58:00,R1,1953-04-15T06:58:00.000,False,67.2196,False
tile_RA184.763_DECp59.200:494,tile_RA184.763_DECp59.200,184.129402585900,58.956877170000,XE095,1955-05-18T04:78:00,R1,1955-05-18T05:18:00.000,True,85.0003,False
tile_RA218.997_DECp59.386:1165,tile_RA218.997_DECp59.386,219.167129480600,59.320839128300,XE098,1955-03-16T11:25:00,R1,1955-03-16T11:25:00.000,False,64.9274,False
tile_RA218.997_DECp58.386:300,tile_RA218.997_DECp58.386,218.654177404800,58.032899570700,XE098,1955-03-16T11:25:00,R1,1955-03-16T11:25:00.000,False,64.0326,False
tile_RA273.458_DECp60.074:1868,tile_RA273.458_DECp60.074,273.086086039100,60.465709007000,XE103,1952-05-26T09:42:00,R1,1952-05-26T09:42:00.000,False,81.5775,False
tile_RA299.628_DECp59.370:8941,tile_RA299.628_DECp59.370,299.372905768500,59.603593375200,XE105,1952-08-12T05:83:00,R1,1952-08-12T06:23:00.000,True,73.1550,False
tile_RA73.195_DECp60.308:2104,tile_RA73.195_DECp60.308,72.873014057400,60.045992384200,XE084,1953-02-11T03:02:00,R1,1953-02-11T03:02:00.000,False,68.9159,False
tile_RA169.142_DECp60.216:1717,tile_RA169.142_DECp60.216,169.490134612500,60.362473284100,XE093,1953-03-18T07:28:00,R1,1953-03-18T07:28:00.000,False,56.0020,False
tile_RA217.033_DECp59.386:1225,tile_RA217.033_DECp59.386,216.780375000800,59.672500490900,XE098,1955-03-16T11:25:00,R1,1955-03-16T11:25:00.000,False,64.3457,False
tile_RA235.716_DECp59.496:1687,tile_RA235.716_DECp59.496,236.359879655700,59.752065058400,XE099,1953-06-15T06:07:00,R1,1953-06-15T06:07:00.000,False,82.4826,False
tile_RA240.650_DECp59.625:1874,tile_RA240.650_DECp59.625,240.003992244700,59.789924336600,XE100,1954-06-28T04:67:00,R1,1954-06-28T05:07:00.000,True,85.5166,False
tile_RA249.552_DECp59.768:2077,tile_RA249.552_DECp59.768,249.773421364400,59.947204700200,XE101,1955-04-27T10:73:00,R1,1955-04-27T11:13:00.000,True,77.2350,False
tile_RA249.552_DECp59.768:2511,tile_RA249.552_DECp59.768,249.716914624100,59.790519228200,XE101,1955-04-27T10:73:00,R1,1955-04-27T11:13:00.000,True,77.1102,False
tile_RA286.508_DECp60.226:5825,tile_RA286.508_DECp60.226,286.537102625000,60.718950987700,XE104,1953-09-30T02:92:00,R1,1953-09-30T03:32:00.000,True,79.9354,False
tile_RA310.780_DECp61.501:10428,tile_RA310.780_DECp61.501,310.916448684400,61.856761903800,XE106,1952-09-15T03:68:00,R1,1952-09-15T04:08:00.000,True,70.5358,False
tile_RA113.149_DECp61.703:879,tile_RA113.149_DECp61.703,112.715101700900,61.471922361300,XE088,1954-11-24T10:05:00,R1,1954-11-24T10:05:00.000,False,51.2596,False
tile_RA134.861_DECp61.445:695,tile_RA134.861_DECp61.445,135.259681941500,61.279017116800,XE090,1954-11-26T11:02:00,R1,1954-11-26T11:02:00.000,False,60.6978,False
tile_RA242.628_DECp60.625:2463,tile_RA242.628_DECp60.625,241.708745398800,60.698277345900,XE100,1954-06-28T04:67:00,R1,1954-06-28T05:07:00.000,True,85.7760,False
tile_RA253.524_DECp61.768:999,tile_RA253.524_DECp61.768,254.071413071000,61.630768200600,XE101,1955-04-27T10:73:00,R1,1955-04-27T11:13:00.000,True,79.4934,False
tile_RA253.524_DECp60.768:1749,tile_RA253.524_DECp60.768,253.271302129700,61.086288580500,XE101,1955-04-27T10:73:00,R1,1955-04-27T11:13:00.000,True,78.9177,False
tile_RA297.605_DECp62.370:2751,tile_RA297.605_DECp62.370,296.983885447600,62.168864963400,XE105,1952-08-12T05:83:00,R1,1952-08-12T06:23:00.000,True,75.5920,False
tile_RA308.750_DECp62.501:1690,tile_RA308.750_DECp62.501,309.257061692200,62.153443843600,XE106,1952-09-15T03:68:00,R1,1952-09-15T04:08:00.000,True,71.2051,False
tile_RA133.196_DECp63.464:284,tile_RA133.196_DECp63.464,132.980933600900,63.089094123700,XE060,1954-11-23T11:32:00,R1,1954-11-23T11:32:00.000,False,62.5327,False
tile_RA68.536_DECp64.318:3974,tile_RA68.536_DECp64.318,68.513832349800,64.266854404800,XE055,1954-12-20T06:83:00,R1,1954-12-20T07:23:00.000,True,38.2431,False
tile_RA145.895_DECp64.343:1434,tile_RA145.895_DECp64.343,145.514212057100,64.247060902000,XE061,1953-03-16T06:65:00,R1,1953-03-16T07:05:00.000,True,61.8481,False
tile_RA171.163_DECp63.205:1130,tile_RA171.163_DECp63.205,171.635675810600,63.394756990900,XE063,1954-02-09T11:00:00,R1,1954-02-09T11:00:00.000,False,50.6067,False
tile_RA209.006_DECp63.291:801,tile_RA209.006_DECp63.291,209.405567914400,63.598460660500,XE066,1955-05-18T06:00:00,R1,1955-05-18T06:00:00.000,False,81.4688,False
tile_RA234.402_DECp63.528:1937,tile_RA234.402_DECp63.528,235.188951031400,63.497377981100,XE068,1955-05-16T08:48:00,R1,1955-05-16T08:48:00.000,False,78.4838,False
tile_RA115.589_DECp65.612:1072,tile_RA115.589_DECp65.612,115.034867471000,65.368274340100,XE059,1955-01-28T08:95:00,R1,1955-01-28T09:35:00.000,True,43.8695,False
tile_RA118.011_DECp65.612:1266,tile_RA118.011_DECp65.612,117.302428776800,65.478183467500,XE059,1955-01-28T08:95:00,R1,1955-01-28T09:35:00.000,True,43.7394,False
tile_RA120.433_DECp65.612:2506,tile_RA120.433_DECp65.612,119.874419468000,65.826117032400,XE059,1955-01-28T08:95:00,R1,1955-01-28T09:35:00.000,True,43.8363,False
tile_RA120.433_DECp64.612:2187,tile_RA120.433_DECp64.612,121.123478233500,64.933798702900,XE059,1955-01-28T08:95:00,R1,1955-01-28T09:35:00.000,True,42.9835,False
tile_RA179.000_DECp65.194:1085,tile_RA179.000_DECp65.194,179.030568986100,65.600472313200,XE064,1953-02-14T10:30:00,R1,1953-02-14T10:30:00.000,False,53.5562,False
tile_RA216.873_DECp65.394:726,tile_RA216.873_DECp65.394,216.793921181400,65.821748180500,XE067,1956-03-14T12:05:00,R1,1956-03-14T12:05:00.000,False,68.9612,False
tile_RA234.402_DECp65.528:792,tile_RA234.402_DECp65.528,234.808003537400,65.409729331500,XE068,1955-05-16T08:48:00,R1,1955-05-16T08:48:00.000,False,80.1443,False
tile_RA249.628_DECp65.686:954,tile_RA249.628_DECp65.686,250.117791687500,65.515504716800,XE069,1955-04-23T10:58:00,R1,1955-04-23T10:58:00.000,False,80.4783,False
tile_RA275.507_DECp66.043:1499,tile_RA275.507_DECp66.043,274.644604756700,65.922101656400,XE071,1952-08-18T04:00:00,R1,1952-08-18T04:00:00.000,False,85.6775,False
tile_RA275.507_DECp65.043:3441,tile_RA275.507_DECp65.043,276.596763211900,65.086193994100,XE071,1952-08-18T04:00:00,R1,1952-08-18T04:00:00.000,False,84.6723,False
tile_RA312.497_DECp64.543:7658,tile_RA312.497_DECp64.543,313.274928932700,64.856146495200,XE074,1952-08-17T05:63:00,R1,1952-08-17T06:03:00.000,True,74.9681,False
tile_RA350.055_DECp66.799:7025,tile_RA350.055_DECp66.799,350.778274355900,67.103213660200,XE077,1952-08-17T08:10:00,R1,1952-08-17T08:10:00.000,False,77.0993,False
tile_RA47.091_DECp66.614:6404,tile_RA47.091_DECp66.614,47.164732163800,67.035758633400,XE053,1954-10-02T10:20:00,R1,1954-10-02T10:20:00.000,False,65.3416,False
tile_RA81.648_DECp67.143:262,tile_RA81.648_DECp67.143,81.898349955300,66.685101814800,XE056,1954-10-03T11:37:00,R1,1954-10-03T11:37:00.000,False,76.7129,False
tile_RA118.011_DECp66.612:2288,tile_RA118.011_DECp66.612,117.164504998600,66.905425343000,XE059,1955-01-28T08:95:00,R1,1955-01-28T09:35:00.000,True,44.9719,False
tile_RA130.788_DECp66.464:2208,tile_RA130.788_DECp66.464,131.914604744800,66.483755040400,XE060,1954-11-23T11:32:00,R1,1954-11-23T11:32:00.000,False,62.3452,False
tile_RA183.767_DECp66.194:765,tile_RA183.767_DECp66.194,184.945979201400,66.048858648200,XE064,1953-02-14T10:30:00,R1,1953-02-14T10:30:00.000,False,55.2560,False
tile_RA186.151_DECp66.194:823,tile_RA186.151_DECp66.194,185.786302981600,66.034138543700,XE064,1953-02-14T10:30:00,R1,1953-02-14T10:30:00.000,False,55.4589,False
tile_RA186.151_DECp66.194:856,tile_RA186.151_DECp66.194,184.967707484200,66.058495227400,XE064,1953-02-14T10:30:00,R1,1953-02-14T10:30:00.000,False,55.2674,False
tile_RA247.199_DECp65.686:1069,tile_RA247.199_DECp65.686,247.061814136900,66.176576008200,XE069,1955-04-23T10:58:00,R1,1955-04-23T10:58:00.000,False,80.2748,False
tile_RA247.199_DECp65.686:1267,tile_RA247.199_DECp65.686,246.666319591200,66.094708703300,XE069,1955-04-23T10:58:00,R1,1955-04-23T10:58:00.000,False,80.1354,False
tile_RA281.145_DECp66.223:4508,tile_RA281.145_DECp66.223,279.988881242800,66.223801864400,XE072,1954-06-06T08:57:00,R1,1954-06-06T08:57:00.000,False,86.2987,False
tile_RA68.536_DECp68.318:354,tile_RA68.536_DECp68.318,68.931085796900,67.858311444400,XE055,1954-12-20T06:83:00,R1,1954-12-20T07:23:00.000,True,40.9843,False
tile_RA73.515_DECp67.318:6675,tile_RA73.515_DECp67.318,72.957908532200,67.753272394400,XE055,1954-12-20T06:83:00,R1,1954-12-20T07:23:00.000,True,40.3780,False
tile_RA120.433_DECp67.612:2792,tile_RA120.433_DECp67.612,120.237428975300,67.755548262800,XE059,1955-01-28T08:95:00,R1,1955-01-28T09:35:00.000,True,45.4845,False
tile_RA234.402_DECp67.528:1955,tile_RA234.402_DECp67.528,234.181348943600,67.645774507700,XE068,1955-05-16T08:48:00,R1,1955-05-16T08:48:00.000,False,82.0929,False
tile_RA247.199_DECp67.686:1368,tile_RA247.199_DECp67.686,247.533703536000,68.074460358100,XE069,1955-04-23T10:58:00,R1,1955-04-23T10:58:00.000,False,81.7093,False
tile_RA317.522_DECp67.543:3214,tile_RA317.522_DECp67.543,317.515906537700,67.945720398400,XE074,1952-08-17T05:63:00,R1,1952-08-17T06:03:00.000,True,77.2925,False
tile_RA317.522_DECp67.543:4809,tile_RA317.522_DECp67.543,318.291819623700,67.705564052800,XE074,1952-08-17T05:63:00,R1,1952-08-17T06:03:00.000,True,77.0422,False
tile_RA317.522_DECp67.543:5280,tile_RA317.522_DECp67.543,317.527213447400,67.660125563500,XE074,1952-08-17T05:63:00,R1,1952-08-17T06:03:00.000,True,77.0455,False
tile_RA317.522_DECp67.543:2949,tile_RA317.522_DECp67.543,318.546820512000,67.467585970000,XE074,1952-08-17T05:63:00,R1,1952-08-17T06:03:00.000,True,76.8229,False
tile_RA191.632_DECp70.200:131,tile_RA191.632_DECp70.200,191.918960539400,69.762794146500,XE039,1955-04-24T06:92:00,R1,1955-04-24T07:32:00.000,True,78.4415,False
tile_RA133.227_DECp72.402:213,tile_RA133.227_DECp72.402,132.598570286600,71.975388859000,XE036,1955-01-25T09:65:00,R1,1955-01-25T10:05:00.000,True,48.8136,False
tile_RA142.634_DECp71.402:1081,tile_RA142.634_DECp71.402,142.966982446200,71.337089930700,XE036,1955-01-25T09:65:00,R1,1955-01-25T10:05:00.000,True,49.0109,False
tile_RA227.520_DECp72.392:707,tile_RA227.520_DECp72.392,226.841238924300,72.255829658500,XE041,1955-05-22T08:30:00,R1,1955-05-22T08:30:00.000,False,87.6252,False
tile_RA227.520_DECp72.392:711,tile_RA227.520_DECp72.392,226.853469456500,72.256546562600,XE041,1955-05-22T08:30:00,R1,1955-05-22T08:30:00.000,False,87.6252,False
tile_RA227.520_DECp71.392:1889,tile_RA227.520_DECp71.392,227.558593126500,71.414471646800,XE041,1955-05-22T08:30:00,R1,1955-05-22T08:30:00.000,False,86.8571,False
tile_RA23.032_DECp71.766:10479,tile_RA23.032_DECp71.766,23.703596046500,72.145903576400,XE029,1954-09-22T08:63:00,R1,1954-09-22T09:03:00.000,True,68.9044,False
tile_RA65.643_DECp73.275:3934,tile_RA65.643_DECp73.275,64.757204998200,73.526614417800,XE032,1953-10-14T11:42:00,R1,1953-10-14T11:42:00.000,False,68.3752,False
tile_RA86.098_DECp73.040:4209,tile_RA86.098_DECp73.040,87.080725257700,73.022355329900,XE033,1954-02-05T04:38:00,R1,1954-02-05T04:38:00.000,False,61.1525,False
tile_RA12.906_DECp73.766:4506,tile_RA12.906_DECp73.766,12.510956175600,73.606471820800,XE029,1954-09-22T08:63:00,R1,1954-09-22T09:03:00.000,True,69.1167,False
tile_RA264.891_DECp73.024:2281,tile_RA264.891_DECp73.024,263.650622031300,73.158550859100,XE044,1953-09-03T03:63:00,R1,1953-09-03T04:03:00.000,True,90.0635,False
tile_RA358.516_DECp73.807:6589,tile_RA358.516_DECp73.807,358.336010705300,73.904872631800,XE028,1952-08-19T08:93:00,R1,1952-08-19T09:33:00.000,True,83.2314,False
tile_RA358.763_DECp73.807:6600,tile_RA358.763_DECp73.807,358.336004521300,73.904871400400,XE049,1952-08-19T08:93:00,R1,1952-08-19T09:33:00.000,True,83.2314,False
tile_RA341.009_DECp72.761:5576,tile_RA341.009_DECp72.761,340.893502250000,72.771841659800,XE048,1952-08-19T07:70:00,R1,1952-08-19T08:10:00.000,True,80.1424,False
tile_RA355.133_DECp72.807:6537,tile_RA355.133_DECp72.807,353.958487868300,72.816900733700,XE028,1952-08-19T08:93:00,R1,1952-08-19T09:33:00.000,True,81.8800,False
tile_RA1.899_DECp74.807:9506,tile_RA1.899_DECp74.807,2.632557210400,75.252526844900,XE028,1954-09-22T07:33:00,R1,1954-09-22T07:33:00.000,False,69.7339,False
tile_RA207.179_DECp75.281:1120,tile_RA207.179_DECp75.281,208.924999051200,75.204466789900,XE021,1955-03-30T10:15:00,R1,1955-03-30T10:15:00.000,False,75.3821,False
tile_RA358.763_DECp74.807:9990,tile_RA358.763_DECp74.807,358.191286626600,75.209447250800,XE049,1952-08-19T08:93:00,R1,1952-08-19T09:33:00.000,True,84.2311,False
tile_RA74.504_DECp76.253:4867,tile_RA74.504_DECp76.253,75.966452090500,76.247040624800,XE015,1955-01-14T05:58:00,R1,1955-01-14T05:58:00.000,False,53.4425,False
tile_RA102.414_DECp76.932:377,tile_RA102.414_DECp76.932,102.015348049800,76.530011698800,XE016,1954-10-06T11:57:00,R1,1954-10-06T11:57:00.000,False,81.9626,False
tile_RA69.592_DECp78.253:1214,tile_RA69.592_DECp78.253,70.300816220100,77.999363304600,XE015,1955-01-14T05:58:00,R1,1955-01-14T05:58:00.000,False,55.3114,False
tile_RA102.414_DECp77.932:1238,tile_RA102.414_DECp77.932,100.528664331800,77.780985658800,XE016,1954-10-06T11:57:00,R1,1954-10-06T11:57:00.000,False,81.6549,False
tile_RA97.631_DECp77.932:1574,tile_RA97.631_DECp77.932,98.049098785500,77.809129622100,XE016,1954-10-06T11:57:00,R1,1954-10-06T11:57:00.000,False,81.1894,False
tile_RA159.439_DECp77.230:2057,tile_RA159.439_DECp77.230,159.018746266300,77.336150564600,XE019,1955-01-25T10:82:00,R1,1955-01-25T11:22:00.000,True,57.2233,False
tile_RA74.504_DECp78.253:3451,tile_RA74.504_DECp78.253,72.774129225600,78.512323947000,XE015,1955-01-14T05:58:00,R1,1955-01-14T05:58:00.000,False,55.2591,False
tile_RA92.848_DECp77.932:2507,tile_RA92.848_DECp77.932,94.219969852300,78.303808778800,XE016,1954-10-06T11:57:00,R1,1954-10-06T11:57:00.000,False,80.5196,False
tile_RA311.290_DECp78.634:1303,tile_RA311.290_DECp78.634,311.804829837500,78.431390898100,XE026,1954-09-30T04:87:00,R1,1954-09-30T05:27:00.000,True,75.1654,False
tile_RA311.290_DECp78.634:877,tile_RA311.290_DECp78.634,310.845075048000,78.309011092900,XE026,1954-09-30T04:87:00,R1,1954-09-30T05:27:00.000,True,75.2501,False
tile_RA340.729_DECp78.781:4063,tile_RA340.729_DECp78.781,340.693868727400,79.133452109100,XE027,1954-09-20T06:72:00,R1,1954-09-20T07:12:00.000,True,74.4391,False
tile_RA60.826_DECp78.536:4481,tile_RA60.826_DECp78.536,59.794957004900,78.811932454900,XE014,1954-09-26T10:53:00,R1,1954-09-26T10:53:00.000,False,78.4038,False
tile_RA142.229_DECp79.380:2539,tile_RA142.229_DECp79.380,139.591090190200,79.499972082600,XE018,1953-03-09T06:52:00,R1,1953-03-09T06:52:00.000,False,70.5317,False
tile_RA321.438_DECp80.634:4167,tile_RA321.438_DECp80.634,322.502503504700,80.594499590500,XE026,1954-09-30T04:87:00,R1,1954-09-30T05:27:00.000,True,75.0335,False
tile_RA326.512_DECp80.634:2970,tile_RA326.512_DECp80.634,328.318742548700,80.505469978400,XE026,1954-09-30T04:87:00,R1,1954-09-30T05:27:00.000,True,74.3979,False
tile_RA351.009_DECp79.781:5568,tile_RA351.009_DECp79.781,350.298728082900,79.913983025600,XE027,1954-09-20T06:72:00,R1,1954-09-20T07:12:00.000,True,74.7831,False
tile_RA351.620_DECp79.807:5773,tile_RA351.620_DECp79.807,350.298722501500,79.913981921600,XE012,1954-09-20T06:72:00,R1,1954-09-20T07:12:00.000,True,74.7831,False
tile_RA50.763_DECp80.536:4521,tile_RA50.763_DECp80.536,51.599823922400,80.737243451200,XE014,1954-09-26T10:53:00,R1,1954-09-26T10:53:00.000,False,78.3691,False
tile_RA205.256_DECp83.200:1471,tile_RA205.256_DECp83.200,202.083621388300,82.969732024500,XE007,1955-03-23T11:20:00,R1,1955-03-23T11:20:00.000,False,80.5247,False
tile_RA213.107_DECp82.413:1041,tile_RA213.107_DECp82.413,211.642039617700,82.841287326800,XE008,1955-03-23T11:20:00,R1,1955-03-23T11:20:00.000,False,80.8692,False
tile_RA247.544_DECp82.855:2333,tile_RA247.544_DECp82.855,248.629983045500,83.060611446000,XE009,1953-08-11T04:23:00,R1,1953-08-11T04:23:00.000,False,98.5920,False
tile_RA74.712_DECp83.144:1592,tile_RA74.712_DECp83.144,71.897706223900,82.953839631100,XE004,1955-01-28T06:15:00,R1,1955-01-28T06:15:00.000,False,62.1737,False
tile_RA213.107_DECp84.413:2335,tile_RA213.107_DECp84.413,208.532735481800,84.326037549400,XE008,1955-03-23T11:20:00,R1,1955-03-23T11:20:00.000,False,81.8997,False
tile_RA230.542_DECp84.413:1880,tile_RA230.542_DECp84.413,229.924891496200,84.602982985800,XE008,1955-03-23T11:20:00,R1,1955-03-23T11:20:00.000,False,83.2124,False
tile_RA230.542_DECp83.413:2189,tile_RA230.542_DECp83.413,229.910105877500,83.445424738600,XE008,1955-03-23T11:20:00,R1,1955-03-23T11:20:00.000,False,82.5114,False
tile_RA238.201_DECp83.855:346,tile_RA238.201_DECp83.855,235.442296768500,83.557715641900,XE009,1955-03-23T11:20:00,R1,1955-03-23T11:20:00.000,False,83.0104,False
tile_RA347.045_DECp84.742:774,tile_RA347.045_DECp84.742,348.622328226700,84.437476846800,XE011,1954-09-22T05:72:00,R1,1954-09-22T06:12:00.000,True,78.5871,False
tile_RA2.001_DECp85.807:1463,tile_RA2.001_DECp85.807,0.822252494300,85.648864422000,XE002,1952-08-21T09:95:00,R1,1952-08-21T10:35:00.000,True,92.8820,False
tile_RA357.958_DECp85.742:2310,tile_RA357.958_DECp85.742,0.822317385900,85.648867515700,XE011,1952-08-21T09:95:00,R1,1952-08-21T10:35:00.000,True,92.8820,False
tile_RA339.904_DECp84.807:1687,tile_RA339.904_DECp84.807,342.791526117200,85.158363630700,XE002,1954-09-22T05:72:00,R1,1954-09-22T06:12:00.000,True,79.3340,False
tile_RA211.859_DECp0.307:1207,tile_RA211.859_DECp0.307,211.797100200600,0.241171381700,XE619,1955-05-16T04:72:00,R1,1955-05-16T05:12:00.000,True,33.1158,False
tile_RA218.860_DECp0.355:926,tile_RA218.860_DECp0.355,219.115703343600,0.223437046100,XE620,1955-05-22T06:13:00,R1,1955-05-22T06:13:00.000,False,32.1116,False
tile_RA348.856_DECm0.208:874,tile_RA348.856_DECm0.208,348.960787472800,0.077732973100,XE642,1953-10-01T06:47:00,R1,1953-10-01T06:47:00.000,False,18.0183,False
tile_RA60.859_DECp0.392:1217,tile_RA60.859_DECp0.392,60.620689158864,0.587075756289,XE594,1951-01-03T04:07:00,R1,1951-01-03T04:07:00.000,False,46.5805,False
tile_RA331.855_DECp0.706:1963,tile_RA331.855_DECp0.706,332.046827231600,0.855348569300,XE639,1954-07-27T09:38:00,R1,1954-07-27T09:38:00.000,False,35.0942,False
tile_RA5.857_DECp0.801:1213,tile_RA5.857_DECp0.801,5.761650610500,1.055673854100,XE585,1952-09-14T06:65:00,R1,1952-09-14T07:05:00.000,True,13.5497,False
tile_RA6.857_DECp1.801:968,tile_RA6.857_DECp1.801,7.208176128800,1.695364437600,XE585,1952-09-14T06:65:00,R1,1952-09-14T07:05:00.000,True,14.8857,False
tile_RA9.858_DECp0.801:737,tile_RA9.858_DECp0.801,9.652316789400,1.238325521100,XE585,1952-09-14T06:65:00,R1,1952-09-14T07:05:00.000,True,16.3945,False
tile_RA343.855_DECp2.772:79,tile_RA343.855_DECp2.772,343.665821513800,2.317479142600,XE641,1953-11-30T02:03:00,R1,1953-11-30T02:03:00.000,False,80.8941,False
tile_RA67.859_DECp2.316:631,tile_RA67.859_DECp2.316,67.735999043600,2.049251547800,XE595,1955-12-15T05:43:00,R1,1955-12-15T05:43:00.000,False,23.1232,False
tile_RA7.858_DECp2.801:1147,tile_RA7.858_DECp2.801,7.919651803500,3.053635007400,XE585,1952-09-14T06:65:00,R1,1952-09-14T07:05:00.000,True,16.1265,False
tile_RA91.857_DECp1.987:7198,tile_RA91.857_DECp1.987,91.655083137200,2.363126130500,XE599,1955-11-19T09:05:00,R1,1955-11-19T09:05:00.000,False,36.5475,False
tile_RA106.991_DECp2.705:5138,tile_RA106.991_DECp2.705,107.272164879000,2.526760989700,XE541,1955-11-22T10:35:00,R1,1955-11-22T10:35:00.000,False,49.2135,False
tile_RA116.988_DECp2.551:3586,tile_RA116.988_DECp2.551,117.286529657300,2.447353171600,XE543,1953-01-01T08:72:00,R1,1953-01-01T09:12:00.000,True,22.0443,False
tile_RA118.990_DECp2.551:3811,tile_RA118.990_DECp2.551,118.789199000100,2.663289520100,XE543,1954-12-04T10:68:00,R1,1954-12-04T11:08:00.000,True,49.0584,False
tile_RA119.991_DECp3.551:1660,tile_RA119.991_DECp3.551,119.799616548200,3.263507687500,XE543,1949-11-30T10:68:00,R1,1949-11-30T11:08:00.000,True,52.8485,False
tile_RA240.780_DECp4.607:1606,tile_RA240.780_DECp4.607,240.645397517100,4.496783814200,XE564,1954-05-24T07:40:00,R1,1954-05-24T07:40:00.000,False,29.4550,False
tile_RA118.990_DECp3.551:4680,tile_RA118.990_DECp3.551,118.856895821500,3.796928103400,XE543,1949-11-30T10:68:00,R1,1949-11-30T11:08:00.000,True,51.9210,False
tile_RA118.990_DECp4.551:554,tile_RA118.990_DECp4.551,119.061586526600,4.137757297300,XE543,1949-11-30T10:68:00,R1,1949-11-30T11:08:00.000,True,51.9785,False
tile_RA185.839_DECp5.199:906,tile_RA185.839_DECp5.199,185.652277695600,5.134937589900,XE555,1956-03-09T08:98:00,R1,1956-03-09T09:38:00.000,True,17.2294,False
tile_RA197.823_DECp5.236:1650,tile_RA197.823_DECp5.236,197.448263474900,5.203451027100,XE557,1956-03-09T10:03:00,R1,1956-03-09T10:03:00.000,False,27.9399,False
tile_RA225.811_DECp5.409:927,tile_RA225.811_DECp5.409,226.200571299800,5.235816192000,XE561,1955-05-15T05:75:00,R1,1955-05-15T06:15:00.000,True,29.1712,False
tile_RA239.776_DECp5.607:1239,tile_RA239.776_DECp5.607,239.633553695700,5.387292977700,XE564,1954-05-24T07:40:00,R1,1954-05-24T07:40:00.000,False,30.2567,False
tile_RA239.776_DECp5.607:3543,tile_RA239.776_DECp5.607,239.589444215100,5.749181219100,XE564,1954-05-24T07:40:00,R1,1954-05-24T07:40:00.000,False,30.5714,False
tile_RA240.780_DECp4.607:2645,tile_RA240.780_DECp4.607,240.686672993000,4.934280041600,XE564,1954-05-24T07:40:00,R1,1954-05-24T07:40:00.000,False,29.8333,False
tile_RA30.896_DECp5.692:982,tile_RA30.896_DECp5.692,30.552303765400,5.991104445000,XE529,1954-11-23T05:30:00,R1,1954-11-23T05:30:00.000,False,29.4811,False
tile_RA32.910_DECp5.692:1163,tile_RA32.910_DECp5.692,32.624179917800,5.891337546200,XE529,1954-11-23T05:30:00,R1,1954-11-23T05:30:00.000,False,27.8977,False
tile_RA54.923_DECp5.463:1140,tile_RA54.923_DECp5.463,55.046326476800,5.827292073800,XE533,1955-12-10T05:37:00,R1,1955-12-10T05:37:00.000,False,25.6004,False
tile_RA96.935_DECp4.902:9823,tile_RA96.935_DECp4.902,96.722216512800,5.326403138600,XE540,1953-12-10T08:37:00,R1,1953-12-10T08:37:00.000,False,22.2839,False
tile_RA98.946_DECp5.902:7424,tile_RA98.946_DECp5.902,99.208566004600,5.892657648200,XE540,1953-12-10T08:37:00,R1,1953-12-10T08:37:00.000,False,23.6672,False
tile_RA120.922_DECp5.585:875,tile_RA120.922_DECp5.585,120.772385226800,5.235918643300,XE544,1949-11-30T10:68:00,R1,1949-11-30T11:08:00.000,True,53.0202,False
tile_RA162.876_DECp6.228:1553,tile_RA162.876_DECp6.228,163.048475356000,6.361998106000,XE551,1953-04-15T05:43:00,R1,1953-04-15T05:43:00.000,False,44.1266,False
tile_RA181.856_DECp7.193:393,tile_RA181.856_DECp7.193,182.100251089000,6.973675661500,XE554,1957-04-28T05:57:00,R1,1957-04-28T05:57:00.000,False,41.1450,False
tile_RA18.879_DECp6.764:933,tile_RA18.879_DECp6.764,18.506700039300,6.715735921100,XE527,1954-09-05T09:33:00,R1,1954-09-05T09:33:00.000,False,37.3966,False
tile_RA229.796_DECp7.469:796,tile_RA229.796_DECp7.469,229.652035797000,7.218720481100,XE562,1955-05-18T07:32:00,R1,1955-05-18T07:32:00.000,False,30.9288,False
tile_RA240.780_DECp6.607:3933,tile_RA240.780_DECp6.607,240.576150108600,6.593618729300,XE564,1954-05-24T07:40:00,R1,1954-05-24T07:40:00.000,False,31.2709,False
tile_RA248.786_DECp6.683:2793,tile_RA248.786_DECp6.683,248.365498922400,6.601017772800,XE565,1950-04-18T10:75:00,R1,1950-04-18T11:15:00.000,True,47.9290,False
tile_RA320.805_DECp6.608:3198,tile_RA320.805_DECp6.608,321.092494584300,6.915913964100,XE577,1952-08-18T06:48:00,R1,1952-08-18T06:48:00.000,False,25.0332,False
tile_RA36.904_DECp7.645:171,tile_RA36.904_DECp7.645,36.997715148700,7.245983144400,XE530,1954-12-21T03:50:00,R1,1954-12-21T03:50:00.000,False,51.9483,False
tile_RA62.940_DECp6.392:664,tile_RA62.940_DECp6.392,62.861384537900,6.240946134100,XE534,1954-12-21T05:83:00,R1,1954-12-21T06:23:00.000,True,27.9480,False
tile_RA77.930_DECp6.154:5151,tile_RA77.930_DECp6.154,77.596296939700,6.217334336900,XE537,1954-11-05T10:72:00,R1,1954-11-05T11:12:00.000,True,38.5952,False
tile_RA78.935_DECp7.154:5135,tile_RA78.935_DECp7.154,79.164284430700,7.177385883600,XE537,1954-11-05T10:72:00,R1,1954-11-05T11:12:00.000,True,39.7503,False
tile_RA93.953_DECp5.986:10760,tile_RA93.953_DECp5.986,93.656860253100,6.106029991700,XE539,1950-12-10T06:67:00,R1,1950-12-10T07:07:00.000,True,18.0325,False
tile_RA13.877_DECp7.787:1298,tile_RA13.877_DECp7.787,14.332323195600,7.880465527900,XE526,1953-10-31T05:88:00,R1,1953-10-31T06:28:00.000,True,20.3778,False
tile_RA19.886_DECp8.764:670,tile_RA19.886_DECp8.764,19.701119001800,8.639904631900,XE527,1954-09-05T09:33:00,R1,1954-09-05T09:33:00.000,False,39.0530,False
tile_RA229.796_DECp7.469:2873,tile_RA229.796_DECp7.469,229.856319035300,7.523192756200,XE562,1955-05-18T07:32:00,R1,1955-05-18T07:32:00.000,False,31.1610,False
tile_RA162.886_DECp10.228:461,tile_RA162.886_DECp10.228,162.494272763200,9.970820589200,XE491,1954-02-09T09:68:00,R1,1954-02-09T10:08:00.000,True,20.3191,False
tile_RA163.905_DECp9.228:1216,tile_RA163.905_DECp9.228,163.815710289400,9.641711941100,XE491,1954-02-09T09:68:00,R1,1954-02-09T10:08:00.000,True,21.4642,False
tile_RA205.787_DECp9.268:1687,tile_RA205.787_DECp9.268,205.572719690700,9.245152957900,XE498,1954-03-31T08:80:00,R1,1954-03-31T09:20:00.000,True,23.6136,False
tile_RA337.822_DECp8.743:2203,tile_RA337.822_DECp8.743,338.216216843300,8.821210488000,XE580,1954-07-30T09:53:00,R1,1954-07-30T09:53:00.000,False,41.8438,False
tile_RA158.941_DECp11.257:360,tile_RA158.941_DECp11.257,158.592730063200,11.018986271400,XE490,1951-02-03T08:42:00,R1,1951-02-03T08:42:00.000,False,19.6309,False
tile_RA241.710_DECp10.607:99,tile_RA241.710_DECp10.607,241.860510125500,10.135932544300,XE504,1950-07-11T04:75:00,R1,1950-07-11T05:15:00.000,True,58.6810,False
tile_RA325.755_DECp10.660:3143,tile_RA325.755_DECp10.660,326.122781848900,10.604346503700,XE518,1953-08-19T07:50:00,R1,1953-08-19T07:50:00.000,False,26.7005,False
tile_RA179.815_DECp11.193:1136,tile_RA179.815_DECp11.193,179.684294233500,11.418303182900,XE494,1955-04-13T06:17:00,R1,1955-04-13T06:17:00.000,False,32.0712,False
tile_RA17.864_DECp12.764:743,tile_RA17.864_DECp12.764,17.952204749900,12.639290148700,XE467,1952-12-10T02:63:00,R1,1952-12-10T03:03:00.000,True,57.6069,False
tile_RA200.823_DECp11.236:966,tile_RA200.823_DECp11.236,200.846334720800,11.622648812900,XE497,1955-05-15T04:52:00,R1,1955-05-15T04:52:00.000,False,46.4661,False
tile_RA213.811_DECp11.307:962,tile_RA213.811_DECp11.307,213.916703355800,11.748015508400,XE499,1954-05-03T06:43:00,R1,1954-05-03T06:43:00.000,False,31.5575,False
tile_RA225.783_DECp11.408:2269,tile_RA225.783_DECp11.408,225.381812542400,11.424100424500,XE501,1954-06-02T06:23:00,R1,1954-06-02T06:23:00.000,False,43.8953,False
tile_RA269.596_DECp12.060:9623,tile_RA269.596_DECp12.060,269.557403555700,12.195685850500,XE509,1950-05-18T10:72:00,R1,1950-05-18T11:12:00.000,True,50.1170,False
tile_RA30.923_DECp12.692:781,tile_RA30.923_DECp12.692,30.913851672100,12.635611263300,XE469,1950-08-13T10:45:00,R1,1950-08-13T10:45:00.000,False,70.6806,False
tile_RA325.755_DECp12.660:796,tile_RA325.755_DECp12.660,325.870887217300,12.301923028600,XE518,1953-08-19T07:50:00,R1,1953-08-19T07:50:00.000,False,28.1735,False
tile_RA350.848_DECp12.792:741,tile_RA350.848_DECp12.792,351.321561462800,12.650049321300,XE522,1951-08-07T08:68:00,R1,1951-08-07T09:08:00.000,True,45.1623,False
tile_RA52.038_DECp12.530:525,tile_RA52.038_DECp12.530,52.006737339800,12.418685430500,XE472,1949-11-19T06:50:00,R1,1949-11-19T06:50:00.000,False,5.5650,True
tile_RA66.993_DECp12.315:1882,tile_RA66.993_DECp12.315,67.319577915000,12.566655664500,XE475,1955-12-11T07:05:00,R1,1955-12-11T07:05:00.000,False,12.3605,False
tile_RA110.017_DECp11.737:2925,tile_RA110.017_DECp11.737,109.628532623100,11.574721691500,XE482,1955-03-22T03:62:00,R1,1955-03-22T04:02:00.000,True,70.7175,False
tile_RA111.039_DECp11.737:6758,tile_RA111.039_DECp11.737,111.267255141800,12.139740648000,XE482,1955-03-22T03:62:00,R1,1955-03-22T04:02:00.000,True,69.3935,False
tile_RA122.001_DECp11.584:3206,tile_RA122.001_DECp11.584,121.714834870500,11.733691391300,XE484,1951-03-27T03:93:00,R1,1951-03-27T04:33:00.000,True,64.0622,False
tile_RA139.966_DECp13.391:1733,tile_RA139.966_DECp13.391,140.396198337800,13.408646362700,XE487,1955-12-11T10:98:00,R1,1955-12-11T11:38:00.000,True,58.1076,False
tile_RA193.820_DECp13.213:1083,tile_RA193.820_DECp13.213,193.817783785500,13.503058954000,XE496,1950-02-16T09:68:00,R1,1950-02-16T10:08:00.000,True,40.9977,False
tile_RA312.704_DECp13.549:1801,tile_RA312.704_DECp13.549,312.719092898700,13.212755749700,XE516,1952-08-19T06:47:00,R1,1952-08-19T06:47:00.000,False,32.9860,False
tile_RA320.766_DECp13.608:3752,tile_RA320.766_DECp13.608,320.595117197100,13.946753329000,XE517,1951-07-30T09:00:00,R1,1951-07-30T09:00:00.000,False,37.2112,False
tile_RA32.973_DECp13.692:1095,tile_RA32.973_DECp13.692,33.212774616900,13.997596266100,XE469,1950-08-13T10:45:00,R1,1950-08-13T10:45:00.000,False,72.9162,False
tile_RA54.976_DECp12.463:1122,tile_RA54.976_DECp12.463,54.646969060400,12.771543309500,XE473,1954-01-03T04:62:00,R1,1954-01-03T05:02:00.000,True,46.0886,False
tile_RA69.040_DECp13.315:1081,tile_RA69.040_DECp13.315,69.075763448100,13.176544620400,XE475,1955-12-11T07:05:00,R1,1955-12-11T07:05:00.000,False,10.8932,False
tile_RA217.703_DECp15.354:647,tile_RA217.703_DECp15.354,217.757909384700,15.195266430300,XE440,1955-05-11T05:98:00,R1,1955-05-11T06:38:00.000,True,37.3331,False
tile_RA38.988_DECp13.645:917,tile_RA38.988_DECp13.645,39.008329468900,14.043836047300,XE470,1954-12-20T03:48:00,R1,1954-12-20T03:48:00.000,False,47.6168,False
tile_RA174.742_DECp16.169:708,tile_RA174.742_DECp16.169,174.692332689900,16.602085725000,XE433,1955-04-23T04:47:00,R1,1955-04-23T04:47:00.000,False,48.3201,False
tile_RA235.646_DECp16.535:183,tile_RA235.646_DECp16.535,235.775121541700,16.115717302900,XE443,1950-04-17T09:20:00,R1,1950-04-17T09:20:00.000,False,41.0998,False
tile_RA265.596_DECp16.927:1618,tile_RA265.596_DECp16.927,265.608317384500,16.629477382700,XE448,1951-07-07T07:03:00,R1,1951-07-07T07:03:00.000,False,45.9121,False
tile_RA128.063_DECp15.514:2120,tile_RA128.063_DECp15.514,128.130238191300,15.668207843300,XE425,1954-12-21T10:18:00,R1,1954-12-21T10:18:00.000,False,36.2227,False
tile_RA160.051_DECp17.257:1289,tile_RA160.051_DECp17.257,159.547869821700,17.342067196300,XE430,1950-03-20T06:68:00,R1,1950-03-20T07:08:00.000,True,27.1281,False
tile_RA173.696_DECp17.169:1104,tile_RA173.696_DECp17.169,173.637175671200,17.416710827600,XE433,1955-04-23T04:47:00,R1,1955-04-23T04:47:00.000,False,49.4294,False
tile_RA173.696_DECp17.169:1239,tile_RA173.696_DECp17.169,173.424801710000,17.114316205600,XE433,1955-04-23T04:47:00,R1,1955-04-23T04:47:00.000,False,49.4082,False
tile_RA174.742_DECp17.169:1139,tile_RA174.742_DECp17.169,174.666156207300,17.385781131700,XE433,1955-04-23T04:47:00,R1,1955-04-23T04:47:00.000,False,48.7540,False
tile_RA175.789_DECp17.169:1013,tile_RA175.789_DECp17.169,175.537752595400,17.350522831800,XE433,1955-04-23T04:47:00,R1,1955-04-23T04:47:00.000,False,48.1821,False
tile_RA177.882_DECp17.169:1116,tile_RA177.882_DECp17.169,177.594403572800,17.206520155900,XE433,1955-04-23T04:47:00,R1,1955-04-23T04:47:00.000,False,46.8173,False
tile_RA217.703_DECp17.354:1538,tile_RA217.703_DECp17.354,217.281210357200,17.482112241100,XE440,1955-05-11T05:98:00,R1,1955-05-11T06:38:00.000,True,39.3181,False
tile_RA241.631_DECp17.606:2815,tile_RA241.631_DECp17.606,242.040750763200,17.772946937700,XE444,1950-04-17T10:92:00,R1,1950-04-17T11:32:00.000,True,49.2211,False
tile_RA255.708_DECp17.761:5195,tile_RA255.708_DECp17.761,255.423509687600,17.857639906900,XE446,1950-05-18T09:53:00,R1,1950-05-18T09:53:00.000,False,45.1369,False
tile_RA271.595_DECp17.011:13071,tile_RA271.595_DECp17.011,271.599788254600,17.423082498700,XE449,1952-07-16T06:22:00,R1,1952-07-16T06:22:00.000,False,47.4762,False
tile_RA318.626_DECp17.608:7990,tile_RA318.626_DECp17.608,318.648952244100,17.873766639500,XE457,1954-07-09T09:07:00,R1,1954-07-09T09:07:00.000,False,50.7921,False
tile_RA324.647_DECp17.660:1097,tile_RA324.647_DECp17.660,324.363502872700,17.355238462900,XE458,1951-09-22T04:93:00,R1,1951-09-22T05:33:00.000,True,39.2611,False
tile_RA117.141_DECp17.658:2481,tile_RA117.141_DECp17.658,117.318123814700,17.571989922800,XE423,1955-12-11T09:95:00,R1,1955-12-11T10:35:00.000,True,36.9434,False
tile_RA118.191_DECp17.658:206,tile_RA118.191_DECp17.658,118.079390535400,17.204231898300,XE423,1955-12-11T09:95:00,R1,1955-12-11T10:35:00.000,True,37.6161,False
tile_RA130.160_DECp17.514:2504,tile_RA130.160_DECp17.514,129.890307567800,17.567694428900,XE425,1954-12-21T10:18:00,R1,1954-12-21T10:18:00.000,False,37.2278,False
tile_RA0.805_DECp18.807:459,tile_RA0.805_DECp18.807,0.688768114800,18.528231461000,XE404,1954-09-03T08:10:00,R1,1954-09-03T08:10:00.000,False,32.6472,False
tile_RA141.074_DECp18.391:423,tile_RA141.074_DECp18.391,140.809044222000,18.118459487500,XE427,1950-03-20T05:67:00,R1,1950-03-20T06:07:00.000,True,41.7852,False
tile_RA141.074_DECp18.391:895,tile_RA141.074_DECp18.391,141.176587216800,18.834344985900,XE427,1950-03-20T05:67:00,R1,1950-03-20T06:07:00.000,True,41.7653,False
tile_RA144.957_DECp18.339:1352,tile_RA144.957_DECp18.339,144.696454612600,18.347459665300,XE428,1955-12-11T12:00:00,R1,1955-12-11T12:00:00.000,False,60.9518,False
tile_RA146.004_DECp19.339:582,tile_RA146.004_DECp19.339,145.789529053000,19.230583658000,XE428,1955-12-11T12:00:00,R1,1955-12-11T12:00:00.000,False,61.5987,False
tile_RA271.595_DECp18.011:11905,tile_RA271.595_DECp18.011,271.862956384300,18.293800746600,XE449,1952-07-16T06:22:00,R1,1952-07-16T06:22:00.000,False,48.0010,False
tile_RA323.592_DECp18.660:2862,tile_RA323.592_DECp18.660,323.501030204300,18.588598758300,XE458,1951-09-22T04:93:00,R1,1951-09-22T05:33:00.000,True,40.3617,False
tile_RA330.671_DECp18.705:2495,tile_RA330.671_DECp18.705,331.163615983500,18.653655581900,XE459,1950-07-16T10:35:00,R1,1950-07-16T10:35:00.000,False,54.8777,False
tile_RA354.777_DECp17.804:1837,tile_RA354.777_DECp17.804,354.550765437200,18.066575267800,XE463,1954-08-26T09:57:00,R1,1954-08-26T09:57:00.000,False,37.0428,False
tile_RA40.129_DECp18.645:723,tile_RA40.129_DECp18.645,40.160566417300,18.436251910500,XE410,1951-11-30T04:42:00,R1,1951-11-30T04:42:00.000,False,26.2993,False
tile_RA67.047_DECp18.315:2021,tile_RA67.047_DECp18.315,66.902655395900,18.228535963300,XE415,1955-12-10T07:25:00,R1,1955-12-10T07:25:00.000,False,8.9333,False
tile_RA79.063_DECp18.153:3723,tile_RA79.063_DECp18.153,78.594506366800,18.046843425000,XE417,1953-01-09T04:55:00,R1,1953-01-09T04:55:00.000,False,31.6491,False
tile_RA99.167_DECp18.901:6922,tile_RA99.167_DECp18.901,98.951467128200,18.883601863400,XE420,1955-11-10T10:88:00,R1,1955-11-10T11:28:00.000,True,51.2127,False
tile_RA116.092_DECp18.658:2365,tile_RA116.092_DECp18.658,115.831763004400,18.594677975500,XE423,1955-12-11T09:95:00,R1,1955-12-11T10:35:00.000,True,35.5899,False
tile_RA127.015_DECp18.514:618,tile_RA127.015_DECp18.514,126.889859765800,18.216591213500,XE425,1954-12-21T10:18:00,R1,1954-12-21T10:18:00.000,False,34.7291,False
tile_RA138.978_DECp18.391:1436,tile_RA138.978_DECp18.391,138.537695951500,18.662141163500,XE427,1950-03-20T05:67:00,R1,1950-03-20T06:07:00.000,True,43.6632,False
tile_RA235.646_DECp19.535:1658,tile_RA235.646_DECp19.535,235.874719477400,19.816435805300,XE443,1950-04-17T09:20:00,R1,1950-04-17T09:20:00.000,False,43.3504,False
tile_RA270.543_DECp19.011:10424,tile_RA270.543_DECp19.011,270.276766338600,19.403879154900,XE449,1952-07-16T06:22:00,R1,1952-07-16T06:22:00.000,False,49.4778,False
tile_RA349.805_DECp20.792:411,tile_RA349.805_DECp20.792,350.162087989300,20.436524747900,XE462,1951-08-12T09:13:00,R1,1951-08-12T09:13:00.000,False,45.8381,False
tile_RA80.116_DECp19.153:7430,tile_RA80.116_DECp19.153,80.482920744900,19.496513919800,XE417,1953-01-09T04:55:00,R1,1953-01-09T04:55:00.000,False,29.9701,False
tile_RA8.946_DECp19.801:2084,tile_RA8.946_DECp19.801,8.653702804000,19.805950894800,XE405,1953-11-29T03:52:00,R1,1953-11-29T03:52:00.000,False,52.3653,False
tile_RA140.026_DECp19.391:1819,tile_RA140.026_DECp19.391,140.505128160700,19.456655877400,XE427,1950-03-20T05:67:00,R1,1950-03-20T06:07:00.000,True,42.4804,False
tile_RA12.861_DECp19.787:1302,tile_RA12.861_DECp19.787,12.932424622300,20.013855224200,XE406,1953-12-31T02:17:00,R1,1953-12-31T02:17:00.000,False,79.0303,False
tile_RA170.918_DECp21.205:420,tile_RA170.918_DECp21.205,171.079824899300,21.049366518800,XE374,1955-03-21T07:42:00,R1,1955-03-21T07:42:00.000,False,24.5225,False
tile_RA331.727_DECp20.705:3714,tile_RA331.727_DECp20.705,331.737756170600,20.917854726100,XE459,1950-07-16T10:35:00,R1,1950-07-16T10:35:00.000,False,56.6305,False
tile_RA156.906_DECp22.257:1067,tile_RA156.906_DECp22.257,156.450250593300,22.487213828600,XE372,1955-04-12T04:27:00,R1,1955-04-12T04:27:00.000,False,54.6489,False
tile_RA191.387_DECp23.204:183,tile_RA191.387_DECp23.204,191.595029143100,22.899893465400,XE377,1955-05-21T04:23:00,R1,1955-05-21T04:23:00.000,False,63.6979,False
tile_RA197.849_DECp23.224:721,tile_RA197.849_DECp23.224,197.327282692100,23.127314033600,XE378,1956-03-17T07:73:00,R1,1956-03-17T08:13:00.000,True,29.1396,False
tile_RA197.849_DECp23.224:1113,tile_RA197.849_DECp23.224,197.740934094400,23.264852749400,XE378,1956-03-17T07:73:00,R1,1956-03-17T08:13:00.000,True,29.4372,False
tile_RA220.441_DECp23.398:677,tile_RA220.441_DECp23.398,220.121135723900,23.175683877600,XE382,1950-05-08T07:67:00,R1,1950-05-08T08:07:00.000,True,42.0188,False
tile_RA60.670_DECp22.409:818,tile_RA60.670_DECp22.409,60.620563026200,22.141870881700,XE357,1949-12-21T04:35:00,R1,1949-12-21T04:35:00.000,False,28.8401,False
tile_RA99.711_DECp21.879:9990,tile_RA99.711_DECp21.879,99.835237490500,22.044896247500,XE363,1949-11-25T09:10:00,R1,1949-11-25T09:10:00.000,False,33.7207,False
tile_RA139.686_DECp22.404:710,tile_RA139.686_DECp22.404,139.771599089700,22.811265837300,XE369,1951-02-03T07:17:00,R1,1951-02-03T07:17:00.000,False,7.9438,True
tile_RA151.531_DECp24.297:1147,tile_RA151.531_DECp24.297,151.982069312000,24.352873498200,XE371,1955-03-21T05:57:00,R1,1955-03-21T05:57:00.000,False,37.7992,False
tile_RA165.545_DECp24.226:980,tile_RA165.545_DECp24.226,165.775801779300,24.172088838400,XE373,1955-03-24T06:27:00,R1,1955-03-24T06:27:00.000,False,32.0334,False
tile_RA177.379_DECp23.194:910,tile_RA177.379_DECp23.194,177.044261966300,23.515635079300,XE375,1950-05-09T04:87:00,R1,1950-05-09T05:27:00.000,True,62.5057,False
tile_RA189.211_DECp24.204:536,tile_RA189.211_DECp24.204,189.379016738300,24.571308127200,XE377,1955-05-21T04:23:00,R1,1955-05-21T04:23:00.000,False,65.9341,False
tile_RA192.475_DECp23.204:723,tile_RA192.475_DECp23.204,192.427475970600,23.515947159300,XE377,1955-05-21T04:23:00,R1,1955-05-21T04:23:00.000,False,63.5488,False
tile_RA218.331_DECp23.341:1757,tile_RA218.331_DECp23.341,218.427237100400,23.422405649900,XE381,1950-03-20T11:50:00,R1,1950-03-20T11:50:00.000,False,47.0041,False
tile_RA246.343_DECp23.695:1898,tile_RA246.343_DECp23.695,246.076325754100,24.046218985800,XE386,1955-05-21T08:12:00,R1,1955-05-21T08:12:00.000,False,46.2372,False
tile_RA247.435_DECp23.695:2572,tile_RA247.435_DECp23.695,247.523168802700,23.884621551600,XE386,1955-05-21T08:12:00,R1,1955-05-21T08:12:00.000,False,46.3220,False
tile_RA255.013_DECp23.781:3364,tile_RA255.013_DECp23.781,255.206854048800,23.975041440400,XE387,1955-03-31T11:53:00,R1,1955-03-31T11:53:00.000,False,69.2865,False
tile_RA346.265_DECp24.781:980,tile_RA346.265_DECp24.781,345.966828027400,24.614589590600,XE401,1954-08-08T09:90:00,R1,1954-08-08T10:30:00.000,True,50.7209,False
tile_RA84.525_DECp24.062:2562,tile_RA84.525_DECp24.062,84.378392439600,23.936712766100,XE361,1951-11-07T09:60:00,R1,1951-11-07T10:00:00.000,True,39.5166,False
tile_RA88.906_DECp24.062:11147,tile_RA88.906_DECp24.062,88.672527347400,24.397448794000,XE361,1951-11-07T09:60:00,R1,1951-11-07T10:00:00.000,True,42.8702,False
tile_RA9.506_DECp23.800:812,tile_RA9.506_DECp23.800,9.859586019800,23.649209698700,XE349,1954-08-30T09:58:00,R1,1954-08-30T09:58:00.000,False,45.6311,False
tile_RA118.080_DECp24.620:1403,tile_RA118.080_DECp24.620,117.600312013300,24.475478416500,XE366,1950-12-08T10:63:00,R1,1950-12-08T11:03:00.000,True,39.6033,False
tile_RA129.944_DECp23.470:1631,tile_RA129.944_DECp23.470,130.077987803200,23.691014639500,XE368,1955-03-22T04:83:00,R1,1955-03-22T05:23:00.000,True,54.1961,False
tile_RA157.995_DECp25.257:1023,tile_RA157.995_DECp25.257,157.741785426200,25.405817646400,XE372,1955-04-12T04:27:00,R1,1955-04-12T04:27:00.000,False,55.1496,False
tile_RA177.379_DECp25.194:167,tile_RA177.379_DECp25.194,177.407074222700,24.804447397800,XE375,1950-05-09T04:87:00,R1,1950-05-09T05:27:00.000,True,62.9495,False
tile_RA208.598_DECp24.293:836,tile_RA208.598_DECp24.293,208.764968950100,24.727808926400,XE380,1950-04-11T08:43:00,R1,1950-04-11T08:43:00.000,False,35.6042,False
tile_RA209.686_DECp25.293:70,tile_RA209.686_DECp25.293,209.640279793800,24.836133960900,XE380,1950-04-11T08:43:00,R1,1950-04-11T08:43:00.000,False,35.8853,False
tile_RA242.045_DECp24.612:2106,tile_RA242.045_DECp24.612,242.046056476500,24.972588834900,XE385,1950-05-14T09:50:00,R1,1950-05-14T09:50:00.000,False,46.9652,False
tile_RA307.064_DECp25.478:1871,tile_RA307.064_DECp25.478,306.940217151800,25.071846236900,XE395,1956-05-10T10:55:00,R1,1956-05-10T10:55:00.000,False,85.0982,False
tile_RA339.725_DECp25.753:489,tile_RA339.725_DECp25.753,339.714555772900,25.360383605200,XE400,1953-09-15T08:20:00,R1,1953-09-15T08:20:00.000,False,31.3323,False
tile_RA340.826_DECp25.753:3438,tile_RA340.826_DECp25.753,340.985560986300,25.714473353900,XE400,1953-09-15T08:20:00,R1,1953-09-15T08:20:00.000,False,31.2664,False
tile_RA345.163_DECp25.781:3260,tile_RA345.163_DECp25.781,345.032381527200,25.854612102300,XE401,1954-08-08T09:90:00,R1,1954-08-08T10:30:00.000,True,51.1564,False
tile_RA345.163_DECp25.781:3464,tile_RA345.163_DECp25.781,344.641138280900,25.779854928300,XE401,1954-08-08T09:90:00,R1,1954-08-08T10:30:00.000,True,50.9320,False
tile_RA345.163_DECp25.781:1198,tile_RA345.163_DECp25.781,345.299056735100,25.628635206600,XE401,1954-08-08T09:90:00,R1,1954-08-08T10:30:00.000,True,51.1174,False
tile_RA67.188_DECp25.327:285,tile_RA67.188_DECp25.327,66.943021385500,24.911514548600,XE358,1950-12-10T05:03:00,R1,1950-12-10T05:03:00.000,False,13.3829,False
tile_RA85.621_DECp25.062:6573,tile_RA85.621_DECp25.062,86.079175048100,25.152106682800,XE361,1951-11-07T09:60:00,R1,1951-11-07T10:00:00.000,True,40.9155,False
tile_RA133.215_DECp24.470:805,tile_RA133.215_DECp24.470,133.261920536400,24.965836521700,XE368,1955-03-22T04:83:00,R1,1955-03-22T05:23:00.000,True,52.2840,False
tile_RA196.731_DECp27.223:541,tile_RA196.731_DECp27.223,196.979728988600,27.110228068900,XE322,1955-04-15T06:28:00,R1,1955-04-15T06:28:00.000,False,38.6359,False
tile_RA248.402_DECp27.747:119,tile_RA248.402_DECp27.747,248.284341660600,27.275618458200,XE330,1954-06-27T06:15:00,R1,1954-06-27T06:15:00.000,False,57.8494,False
tile_RA1.863_DECp26.807:1356,tile_RA1.863_DECp26.807,2.139168474100,27.206467605400,XE348,1950-08-11T10:62:00,R1,1950-08-11T11:02:00.000,True,59.2466,False
tile_RA352.805_DECp26.799:3250,tile_RA352.805_DECp26.799,353.128779360000,26.869557531600,XE402,1953-10-08T06:48:00,R1,1953-10-08T06:48:00.000,False,28.7451,False
tile_RA41.091_DECp26.618:638,tile_RA41.091_DECp26.618,41.510944087100,26.375444741700,XE354,1950-12-08T03:83:00,R1,1950-12-08T04:23:00.000,True,32.5457,False
tile_RA170.937_DECp28.205:760,tile_RA170.937_DECp28.205,170.521140439500,28.104955663100,XE318,1950-05-05T04:33:00,R1,1950-05-05T04:33:00.000,False,66.9773,False
tile_RA196.731_DECp28.223:718,tile_RA196.731_DECp28.223,197.165523433600,28.465116357500,XE322,1955-04-15T06:28:00,R1,1955-04-15T06:28:00.000,False,39.7367,False
tile_RA209.635_DECp28.293:1290,tile_RA209.635_DECp28.293,209.555946365200,28.464012179000,XE324,1950-04-18T08:10:00,R1,1950-04-18T08:10:00.000,False,40.2039,False
tile_RA214.944_DECp28.341:1099,tile_RA214.944_DECp28.341,214.577492023600,28.253134803100,XE325,1950-04-12T08:90:00,R1,1950-04-12T09:30:00.000,True,40.6154,False
tile_RA223.698_DECp28.398:198,tile_RA223.698_DECp28.398,223.592871443500,27.989633919300,XE326,1955-04-14T07:82:00,R1,1955-04-14T08:22:00.000,True,42.5224,False
tile_RA229.013_DECp27.463:1278,tile_RA229.013_DECp27.463,228.833995983600,27.363375405800,XE327,1954-06-26T04:58:00,R1,1954-06-26T04:58:00.000,False,67.9110,False
tile_RA235.480_DECp28.534:197,tile_RA235.480_DECp28.534,235.620829916800,28.111397863300,XE328,1950-05-18T08:20:00,R1,1950-05-18T08:20:00.000,False,48.5267,False
tile_RA162.195_DECp29.226:772,tile_RA162.195_DECp29.226,162.252738780100,29.616197241300,XE317,1955-03-22T07:25:00,R1,1955-03-22T07:25:00.000,False,34.9786,False
tile_RA181.543_DECp29.194:57,tile_RA181.543_DECp29.194,181.335846953000,28.741135216700,XE320,1955-04-17T05:92:00,R1,1955-04-17T06:32:00.000,True,45.6277,False
tile_RA223.698_DECp29.398:1412,tile_RA223.698_DECp29.398,223.579932173300,29.641925022400,XE326,1955-04-14T07:82:00,R1,1955-04-14T08:22:00.000,True,43.7435,False
tile_RA235.480_DECp29.534:1867,tile_RA235.480_DECp29.534,235.587105147900,29.765031449700,XE328,1950-05-18T08:20:00,R1,1950-05-18T08:20:00.000,False,49.9317,False
tile_RA236.629_DECp28.534:2095,tile_RA236.629_DECp28.534,236.604860203200,28.681093902700,XE328,1950-05-18T08:20:00,R1,1950-05-18T08:20:00.000,False,49.0362,False
tile_RA265.583_DECp29.961:1333,tile_RA265.583_DECp29.961,265.442075746700,29.677052729400,XE333,1952-07-18T06:15:00,R1,1952-07-18T06:15:00.000,False,59.5071,False
tile_RA28.016_DECp28.737:1444,tile_RA28.016_DECp28.737,28.329483056100,29.102400458000,XE296,1951-11-04T07:00:00,R1,1951-11-04T07:00:00.000,False,17.3319,False
tile_RA339.686_DECp29.753:1775,tile_RA339.686_DECp29.753,339.473207542800,29.609842630300,XE344,1954-08-08T08:67:00,R1,1954-08-08T09:07:00.000,True,50.3721,False
tile_RA339.686_DECp28.753:3644,tile_RA339.686_DECp28.753,339.752382632100,29.051231034400,XE344,1954-08-08T08:67:00,R1,1954-08-08T09:07:00.000,True,50.0404,False
tile_RA340.850_DECp29.753:2680,tile_RA340.850_DECp29.753,340.954766348600,29.695375550400,XE344,1954-08-08T08:67:00,R1,1954-08-08T09:07:00.000,True,50.9353,False
tile_RA111.636_DECp28.702:4594,tile_RA111.636_DECp28.702,111.709958966200,28.913534892900,XE309,1953-02-15T05:47:00,R1,1953-02-15T05:47:00.000,False,38.1323,False
tile_RA119.265_DECp29.619:954,tile_RA119.265_DECp29.619,119.408842625400,29.445655917600,XE310,1955-03-13T04:22:00,R1,1955-03-13T04:22:00.000,False,57.4004,False
tile_RA128.036_DECp29.541:918,tile_RA128.036_DECp29.541,128.259910706100,29.421597776000,XE311,1955-03-21T04:30:00,R1,1955-03-21T04:30:00.000,False,57.8396,False
tile_RA137.520_DECp29.404:1678,tile_RA137.520_DECp29.404,136.987341049000,29.459386119700,XE313,1955-03-24T04:72:00,R1,1955-03-24T05:12:00.000,True,53.3466,False
tile_RA0.508_DECp30.807:2748,tile_RA0.508_DECp30.807,0.708844021300,30.976869709300,XE347,1954-10-30T04:18:00,R1,1954-10-30T04:18:00.000,False,37.3114,False
tile_RA0.700_DECp30.807:2659,tile_RA0.700_DECp30.807,0.708841086700,30.976867992600,XE292,1954-10-30T04:18:00,R1,1954-10-30T04:18:00.000,False,37.3114,False
tile_RA164.487_DECp30.226:1481,tile_RA164.487_DECp30.226,163.987936272000,30.241057010900,XE317,1955-03-22T07:25:00,R1,1955-03-22T07:25:00.000,False,34.7766,False
tile_RA196.731_DECp30.223:669,tile_RA196.731_DECp30.223,196.632890143200,30.622651982300,XE322,1955-04-15T06:28:00,R1,1955-04-15T06:28:00.000,False,41.6164,False
tile_RA229.013_DECp30.463:1327,tile_RA229.013_DECp30.463,228.933242517100,30.751810252700,XE327,1954-06-26T04:58:00,R1,1954-06-26T04:58:00.000,False,69.8912,False
tile_RA253.758_DECp30.780:372,tile_RA253.758_DECp30.780,253.997273317400,30.369465460100,XE331,1950-05-20T09:15:00,R1,1950-05-20T09:15:00.000,False,53.5791,False
tile_RA25.689_DECp30.737:2051,tile_RA25.689_DECp30.737,25.935553482200,31.034778793300,XE296,1951-11-04T07:00:00,R1,1951-11-04T07:00:00.000,False,19.7053,False
tile_RA26.852_DECp30.737:398,tile_RA26.852_DECp30.737,26.615351499200,30.371870766800,XE296,1951-11-04T07:00:00,R1,1951-11-04T07:00:00.000,False,18.9556,False
tile_RA28.016_DECp29.737:1299,tile_RA28.016_DECp29.737,28.049410451500,30.158918968300,XE296,1951-11-04T07:00:00,R1,1951-11-04T07:00:00.000,False,18.1804,False
tile_RA339.686_DECp30.753:5315,tile_RA339.686_DECp30.753,339.521805118400,30.786686626900,XE344,1954-08-08T08:67:00,R1,1954-08-08T09:07:00.000,True,51.2844,False
tile_RA36.943_DECp30.673:1980,tile_RA36.943_DECp30.673,37.027874198800,31.010509085100,XE297,1954-10-04T08:33:00,R1,1954-10-04T08:33:00.000,False,35.7135,False
tile_RA64.969_DECp30.327:3893,tile_RA64.969_DECp30.327,64.929299023500,30.383766670600,XE302,1955-10-22T10:03:00,R1,1955-10-22T10:03:00.000,False,40.3853,False
tile_RA120.415_DECp30.619:2138,tile_RA120.415_DECp30.619,120.449121694400,30.885413868000,XE310,1955-03-13T04:22:00,R1,1955-03-13T04:22:00.000,False,57.0523,False
tile_RA139.815_DECp30.404:1472,tile_RA139.815_DECp30.404,140.345447420900,30.449422373800,XE313,1955-03-24T04:72:00,R1,1955-03-24T05:12:00.000,True,51.5862,False
tile_RA150.436_DECp30.297:1351,tile_RA150.436_DECp30.297,150.398129591500,30.282857909400,XE315,1955-04-17T03:50:00,R1,1955-04-17T03:50:00.000,False,67.1091,False
tile_RA248.402_DECp31.747:1528,tile_RA248.402_DECp31.747,248.372786697400,32.187837198100,XE330,1954-06-27T06:15:00,R1,1954-06-27T06:15:00.000,False,61.4477,False
tile_RA254.910_DECp31.780:3216,tile_RA254.910_DECp31.780,254.752186714500,32.001069395100,XE331,1950-05-20T09:15:00,R1,1950-05-20T09:15:00.000,False,55.0692,False
tile_RA267.892_DECp31.961:609,tile_RA267.892_DECp31.961,268.144908989100,31.554005662200,XE333,1952-07-18T06:15:00,R1,1952-07-18T06:15:00.000,False,59.7331,False
tile_RA275.547_DECp31.052:7463,tile_RA275.547_DECp31.052,275.879001998500,31.402950702300,XE334,1951-07-10T07:12:00,R1,1951-07-10T07:12:00.000,False,55.3619,False
tile_RA47.699_DECp31.555:3085,tile_RA47.699_DECp31.555,47.322633901800,31.731313352100,XE299,1953-10-09T09:78:00,R1,1953-10-09T10:18:00.000,True,40.2898,False
tile_RA163.035_DECp34.232:269,tile_RA163.035_DECp34.232,162.696430318000,33.940554363000,XE263,1953-05-07T05:02:00,R1,1953-05-07T05:02:00.000,False,75.5270,False
tile_RA253.300_DECp33.759:3385,tile_RA253.300_DECp33.759,253.329281762300,33.780944954400,XE276,1954-05-26T07:87:00,R1,1954-05-26T08:27:00.000,True,55.6933,False
tile_RA156.101_DECp33.268:917,tile_RA156.101_DECp33.268,155.804350854400,33.563598545800,XE262,1954-04-03T04:78:00,R1,1954-04-03T05:18:00.000,True,52.2101,False
tile_RA168.743_DECp34.208:1005,tile_RA168.743_DECp34.208,169.064602456000,34.444586620600,XE264,1953-03-09T08:83:00,R1,1953-03-09T09:23:00.000,True,30.2633,False
tile_RA176.898_DECp35.195:383,tile_RA176.898_DECp35.195,177.196771475600,34.948667992700,XE265,1950-05-14T04:73:00,R1,1950-05-14T05:13:00.000,True,72.4226,False
tile_RA211.561_DECp35.306:877,tile_RA211.561_DECp35.306,212.136457911600,35.209774090800,XE270,1950-05-13T07:47:00,R1,1950-05-13T07:47:00.000,False,55.4440,False
tile_RA224.221_DECp34.426:418,tile_RA224.221_DECp34.426,224.518168373000,34.240342811500,XE272,1956-06-02T06:48:00,R1,1956-06-02T06:48:00.000,False,61.0365,False
tile_RA231.173_DECp35.500:965,tile_RA231.173_DECp35.500,230.742450158200,35.326117510900,XE273,1950-05-13T08:72:00,R1,1950-05-13T09:12:00.000,True,53.8081,False
tile_RA253.300_DECp34.759:2300,tile_RA253.300_DECp34.759,253.348607516500,35.029572048100,XE276,1954-05-26T07:87:00,R1,1954-05-26T08:27:00.000,True,56.7351,False
tile_RA268.507_DECp34.953:425,tile_RA268.507_DECp34.953,268.406514875300,34.532326453200,XE278,1951-07-08T06:67:00,R1,1951-07-08T07:07:00.000,True,59.3194,False
tile_RA268.507_DECp34.953:1608,tile_RA268.507_DECp34.953,268.858040274000,34.749801046700,XE278,1951-07-08T06:67:00,R1,1951-07-08T07:07:00.000,True,59.3875,False
tile_RA44.262_DECp34.589:4420,tile_RA44.262_DECp34.589,44.442317718700,34.560943564700,XE246,1954-12-21T04:68:00,R1,1954-12-21T05:08:00.000,True,39.7634,False
tile_RA143.447_DECp35.372:369,tile_RA143.447_DECp35.372,143.658876529600,35.047493461200,XE260,1953-12-10T12:15:00,R1,1953-12-10T12:15:00.000,False,58.2109,False
tile_RA183.827_DECp36.194:305,tile_RA183.827_DECp36.194,183.345965230300,35.951762969500,XE266,1956-05-07T04:00:00,R1,1956-05-07T04:00:00.000,False,66.8598,False
tile_RA255.764_DECp35.759:1507,tile_RA255.764_DECp35.759,255.543023250000,35.651989997300,XE276,1954-05-26T07:87:00,R1,1954-05-26T08:27:00.000,True,57.5770,False
tile_RA24.328_DECp35.748:3215,tile_RA24.328_DECp35.748,24.703077595300,35.745539308800,XE243,1954-08-30T10:82:00,R1,1954-08-30T11:22:00.000,True,62.6378,False
tile_RA275.508_DECp36.051:1734,tile_RA275.508_DECp36.051,275.047068081800,35.738573692700,XE279,1950-08-08T06:13:00,R1,1950-08-08T06:13:00.000,False,64.3165,False
tile_RA285.816_DECp36.245:6320,tile_RA285.816_DECp36.245,285.289777800500,36.085226049200,XE281,1955-05-19T10:23:00,R1,1955-05-19T10:23:00.000,False,71.5617,False
tile_RA3.116_DECp35.807:621,tile_RA3.116_DECp35.807,3.134662971900,35.465362567900,XE240,1954-10-04T07:08:00,R1,1954-10-04T07:08:00.000,False,31.4390,False
tile_RA338.871_DECp35.742:3546,tile_RA338.871_DECp35.742,338.702141216600,35.754314725500,XE288,1953-08-11T08:98:00,R1,1953-08-11T09:38:00.000,True,53.5503,False
tile_RA38.453_DECp36.652:703,tile_RA38.453_DECp36.652,38.703932120000,36.303431576000,XE245,1951-11-02T07:02:00,R1,1951-11-02T07:02:00.000,False,21.1769,False
tile_RA44.262_DECp35.589:1171,tile_RA44.262_DECp35.589,44.043304093000,35.354210407600,XE246,1954-12-21T04:68:00,R1,1954-12-21T05:08:00.000,True,40.0845,False
tile_RA4.365_DECp36.807:611,tile_RA4.365_DECp36.807,4.563262410500,36.420145349500,XE240,1954-10-04T07:08:00,R1,1954-10-04T07:08:00.000,False,32.0205,False
tile_RA62.905_DECp36.351:4327,tile_RA62.905_DECp36.351,62.714662292100,36.322599764600,XE249,1955-10-23T10:62:00,R1,1955-10-23T11:02:00.000,True,41.9105,False
tile_RA65.388_DECp36.351:2983,tile_RA65.388_DECp36.351,64.948603943800,36.279350536500,XE249,1955-10-23T10:62:00,R1,1955-10-23T11:02:00.000,True,43.2640,False
tile_RA114.393_DECp35.682:697,tile_RA114.393_DECp35.682,114.363886019800,35.348528397400,XE256,1955-02-12T06:63:00,R1,1955-02-12T07:03:00.000,True,33.6440,False
tile_RA115.624_DECp35.682:2238,tile_RA115.624_DECp35.682,115.692967370400,35.586450125900,XE256,1955-02-12T06:63:00,R1,1955-02-12T07:03:00.000,True,32.9651,False
tile_RA130.777_DECp35.512:2392,tile_RA130.777_DECp35.512,130.694214876100,35.489524735200,XE258,1953-01-10T07:92:00,R1,1953-01-10T08:32:00.000,True,20.0123,False
tile_RA139.768_DECp35.372:1101,tile_RA139.768_DECp35.372,139.942400890700,35.580784941100,XE260,1953-12-10T12:15:00,R1,1953-12-10T12:15:00.000,False,55.6020,False
tile_RA139.768_DECp35.372:1290,tile_RA139.768_DECp35.372,139.664266526700,35.697654892600,XE260,1953-12-10T12:15:00,R1,1953-12-10T12:15:00.000,False,55.4023,False
tile_RA142.221_DECp36.372:1716,tile_RA142.221_DECp36.372,142.724065945200,36.404896969200,XE260,1953-12-10T12:15:00,R1,1953-12-10T12:15:00.000,False,57.4391,False
tile_RA14.762_DECp36.780:282,tile_RA14.762_DECp36.780,14.807956339000,36.346333457300,XE242,1951-11-02T05:78:00,R1,1951-11-02T06:18:00.000,True,28.8087,False
tile_RA150.389_DECp35.315:859,tile_RA150.389_DECp35.315,150.093621237100,35.688848329600,XE261,1955-03-13T05:43:00,R1,1955-03-13T05:43:00.000,False,39.5963,False
tile_RA150.389_DECp35.315:984,tile_RA150.389_DECp35.315,150.090074390400,35.684461106200,XE261,1955-03-13T05:43:00,R1,1955-03-13T05:43:00.000,False,39.5950,False
tile_RA157.326_DECp36.268:526,tile_RA157.326_DECp36.268,156.843515178300,36.083586185200,XE262,1954-04-03T04:78:00,R1,1954-04-03T05:18:00.000,True,53.1061,False
tile_RA18.508_DECp36.780:3852,tile_RA18.508_DECp36.780,18.206819318000,36.753893499700,XE242,1951-11-02T05:78:00,R1,1951-11-02T06:18:00.000,True,27.3841,False
tile_RA62.905_DECp36.351:7622,tile_RA62.905_DECp36.351,63.299722946300,36.682852521000,XE249,1955-10-23T10:62:00,R1,1955-10-23T11:02:00.000,True,42.4089,False
tile_RA163.035_DECp37.232:359,tile_RA163.035_DECp37.232,162.897377456900,36.937331294000,XE263,1953-05-07T05:02:00,R1,1953-05-07T05:02:00.000,False,76.7250,False
tile_RA16.011_DECp37.780:1226,tile_RA16.011_DECp37.780,15.487740571800,37.570656074400,XE242,1951-11-02T05:78:00,R1,1951-11-02T06:18:00.000,True,29.1718,False
tile_RA288.296_DECp38.245:7178,tile_RA288.296_DECp38.245,288.141629539100,38.160447678500,XE281,1955-05-19T10:23:00,R1,1955-05-19T10:23:00.000,False,74.1805,False
tile_RA190.582_DECp40.201:170,tile_RA190.582_DECp40.201,190.403174094300,39.851788173100,XE217,1952-08-22T05:53:00,R1,1952-08-22T05:53:00.000,False,127.2416,False
tile_RA241.228_DECp39.604:891,tile_RA241.228_DECp39.604,241.364717021400,39.499400709700,XE224,1955-03-24T10:63:00,R1,1955-03-24T11:03:00.000,True,65.2784,False
tile_RA136.022_DECp40.418:686,tile_RA136.022_DECp40.418,135.957646023100,40.223877383300,XE210,1953-04-15T04:22:00,R1,1953-04-15T04:22:00.000,False,77.7236,False
tile_RA143.451_DECp40.350:1571,tile_RA143.451_DECp40.350,144.022647644000,40.453778215100,XE211,1953-02-08T08:27:00,R1,1953-02-08T08:27:00.000,False,24.5948,False
tile_RA202.743_DECp41.259:1496,tile_RA202.743_DECp41.259,202.172582104100,41.326384717700,XE219,1950-06-18T05:58:00,R1,1950-06-18T05:58:00.000,False,84.3810,False
tile_RA243.903_DECp41.604:1493,tile_RA243.903_DECp41.604,243.921531160100,41.535186195600,XE224,1955-03-24T10:63:00,R1,1955-03-24T11:03:00.000,True,67.4650,False
tile_RA251.365_DECp41.699:568,tile_RA251.365_DECp41.699,251.693245677900,41.371060198000,XE225,1953-05-19T08:90:00,R1,1953-05-19T09:30:00.000,True,62.1491,False
tile_RA89.893_DECp41.982:5894,tile_RA89.893_DECp41.982,89.783785100700,41.909275809300,XE204,1953-02-14T04:57:00,R1,1953-02-14T04:57:00.000,False,56.2427,False
tile_RA104.832_DECp41.731:5098,tile_RA104.832_DECp41.731,105.419647037000,41.777895281100,XE206,1954-02-25T04:13:00,R1,1954-02-25T04:13:00.000,False,56.7786,False
tile_RA140.022_DECp41.418:1800,tile_RA140.022_DECp41.418,140.141780959800,41.516723557600,XE210,1953-04-15T04:22:00,R1,1953-04-15T04:22:00.000,False,75.6974,False
tile_RA158.289_DECp41.249:1108,tile_RA158.289_DECp41.249,158.608137666200,41.614871879500,XE213,1953-03-08T07:67:00,R1,1953-03-08T08:07:00.000,True,36.4891,False
tile_RA162.279_DECp41.249:556,tile_RA162.279_DECp41.249,162.868693756000,41.078683837200,XE213,1953-03-08T07:67:00,R1,1953-03-08T08:07:00.000,True,35.4594,False
tile_RA187.923_DECp42.201:867,tile_RA187.923_DECp42.201,187.661165509100,42.525170663400,XE217,1952-08-22T05:53:00,R1,1952-08-22T05:53:00.000,False,127.5358,False
tile_RA189.252_DECp42.201:1085,tile_RA189.252_DECp42.201,189.230770514800,42.381251758700,XE217,1952-08-22T05:53:00,R1,1952-08-22T05:53:00.000,False,126.6739,False
tile_RA242.565_DECp42.604:1862,tile_RA242.565_DECp42.604,242.371363528600,42.875119975400,XE224,1955-03-24T10:63:00,R1,1955-03-24T11:03:00.000,True,66.9906,False
tile_RA262.293_DECp42.903:3654,tile_RA262.293_DECp42.903,261.731632288800,42.839406593700,XE227,1953-06-14T07:82:00,R1,1953-06-14T08:22:00.000,True,64.7374,False
tile_RA258.838_DECp41.799:2726,tile_RA258.838_DECp41.799,258.968441619700,42.063353359900,XE226,1954-07-07T06:88:00,R1,1954-07-07T07:28:00.000,True,67.4115,False
tile_RA271.130_DECp43.008:4599,tile_RA271.130_DECp43.008,270.513887331300,43.041595530900,XE228,1951-08-24T04:27:00,R1,1951-08-24T04:27:00.000,False,76.5590,False
tile_RA331.497_DECp42.704:2754,tile_RA331.497_DECp42.704,331.302504821200,42.394769544200,XE236,1952-08-26T05:45:00,R1,1952-08-26T05:45:00.000,False,52.2753,False
tile_RA359.143_DECp42.807:1286,tile_RA359.143_DECp42.807,358.733747239200,42.501258640300,XE192,1954-10-03T06:08:00,R1,1954-10-03T06:08:00.000,False,38.8631,False
tile_RA44.671_DECp42.559:2244,tile_RA44.671_DECp42.559,45.120066658800,42.334040690800,XE198,1957-12-19T05:60:00,R1,1957-12-19T06:00:00.000,True,37.4676,False
tile_RA93.929_DECp42.982:4664,tile_RA93.929_DECp42.982,94.515226855000,42.905989015800,XE204,1953-02-14T04:57:00,R1,1953-02-14T04:57:00.000,False,53.5460,False
tile_RA128.584_DECp42.495:897,tile_RA128.584_DECp42.495,128.921039623600,42.276772363100,XE209,1953-03-16T04:78:00,R1,1953-03-16T05:18:00.000,True,57.1528,False
tile_RA137.355_DECp43.418:882,tile_RA137.355_DECp43.418,137.304206865700,43.299707257500,XE210,1953-04-15T04:22:00,R1,1953-04-15T04:22:00.000,False,77.9549,False
tile_RA146.115_DECp42.350:355,tile_RA146.115_DECp42.350,145.869044668400,42.052373888200,XE211,1953-02-08T08:27:00,R1,1953-02-08T08:27:00.000,False,26.0854,False
