src_id,tile_id,object_id,ra,dec,profile_diff,circularity,area,shape_defect,circle_deviation,shape_confidence,elongation,stars_used,rej_profile_diff,rej_elongation,rej_circularity,reject_flag,reject_reason,shape_failed,failure_reason,source_chunk
tile_RA0.353_DECp47.807:4501,tile_RA0.353_DECp47.807,4501,0.7554741536,47.8098778486,0.0523949,0.598902,10,0.285156,0.214829,low,1.16484,15,1,1,1,1,profile_diff=0.0524>0.05;elongation=1.165>1.1;circularity=0.599<0.8,0,,stage_S0M_MORPH.csv
tile_RA0.353_DECp47.807:5341,tile_RA0.353_DECp47.807,5341,0.9976554727,47.901243758,0.0296349,0.718683,12,0.222656,0.155403,low,1.05576,16,0,0,1,1,circularity=0.719<0.8,0,,stage_S0M_MORPH.csv
tile_RA0.353_DECp48.807:1371,tile_RA0.353_DECp48.807,1371,0.8365021709,48.4507641216,0.0281702,0.943271,14,0.841471,0,low,1.08725,14,0,0,0,0,,0,,stage_S0M_MORPH.csv
tile_RA0.353_DECp48.807:3225,tile_RA0.353_DECp48.807,3225,0.853942533,48.6355599176,0.0142182,0.898353,15,0.735938,0.0819133,low,1.06211,14,0,0,0,0,,0,,stage_S0M_MORPH.csv
tile_RA1.872_DECp46.807:6282,tile_RA1.872_DECp46.807,6282,2.0126504171,47.2749802635,0.0253883,0.387275,14,0.404297,0.243996,low,1.23396,10,0,1,1,1,elongation=1.234>1.1;circularity=0.387<0.8,0,,stage_S0M_MORPH.csv
tile_RA1.872_DECp49.807:3657,tile_RA1.872_DECp49.807,3657,1.2386539233,49.652284207,0.0361561,0.23491,47,0.288143,0.297678,low,1.1259,19,0,1,1,1,elongation=1.126>1.1;circularity=0.235<0.8,0,,stage_S0M_MORPH.csv
tile_RA1.872_DECp50.807:7244,tile_RA1.872_DECp50.807,7244,2.2174649668,50.906115747,0.0278987,0.739839,16,0.240885,0.148015,low,1.1541,18,0,1,1,1,elongation=1.154>1.1;circularity=0.740<0.8,0,,stage_S0M_MORPH.csv
tile_RA10.507_DECp46.796:2757,tile_RA10.507_DECp46.796,2757,10.5048009109,46.6721550759,0.0115091,0.819855,8.5,1.03223,0.124744,low,1.0658,12,0,0,0,0,,0,,stage_S0M_MORPH.csv
tile_RA10.507_DECp46.796:2925,tile_RA10.507_DECp46.796,2925,10.0068958243,46.6915353691,0.019528,0.272654,15.5,0.357422,0.294228,low,1.26364,15,0,1,1,1,elongation=1.264>1.1;circularity=0.273<0.8,0,,stage_S0M_MORPH.csv
tile_RA10.507_DECp46.796:4341,tile_RA10.507_DECp46.796,4341,10.8758967807,46.8736657434,0.0308365,0.712405,11.5,0.126562,0.20274,low,1.12912,11,0,1,1,1,elongation=1.129>1.1;circularity=0.712<0.8,0,,stage_S0M_MORPH.csv
tile_RA10.507_DECp47.796:6780,tile_RA10.507_DECp47.796,6780,10.5474848789,48.1965687144,0.0527438,0.838463,14,0.0742188,0.106467,low,1.19978,21,1,1,0,1,profile_diff=0.0527>0.05;elongation=1.200>1.1,0,,stage_S0M_MORPH.csv
tile_RA10.507_DECp48.796:2158,tile_RA10.507_DECp48.796,2158,10.4307170535,48.5593493595,0.0674346,0.812683,26.5,0.0636161,0.0783898,low,1.09644,14,1,0,0,1,profile_diff=0.0674>0.05,0,,stage_S0M_MORPH.csv
tile_RA10.507_DECp49.796:4637,tile_RA10.507_DECp49.796,4637,10.4172676648,49.7671922538,0.0248985,0.898353,7.5,0.77753,0.081912,low,1.05492,15,0,0,0,0,,0,,stage_S0M_MORPH.csv
tile_RA101.748_DECp47.813:3864,tile_RA101.748_DECp47.813,3864,102.0888043416,47.8684940996,0.0347544,0.218841,63.5,0.465712,0.259714,low,1.22034,7,0,1,1,1,elongation=1.220>1.1;circularity=0.219<0.8,0,,stage_S0M_MORPH.csv
tile_RA101.748_DECp47.813:6405,tile_RA101.748_DECp47.813,6405,102.0340733069,48.2534875748,0.0313637,0.228677,26,0.754687,0.235074,low,1.03465,10,0,0,1,1,circularity=0.229<0.8,0,,stage_S0M_MORPH.csv
tile_RA103.237_DECp46.813:5061,tile_RA103.237_DECp46.813,5061,103.7300762992,46.9479393495,0.0236516,0.832319,9,0.0890625,0.140237,low,1.11538,8,0,1,0,1,elongation=1.115>1.1,0,,stage_S0M_MORPH.csv
tile_RA103.237_DECp47.813:2275,tile_RA103.237_DECp47.813,2275,103.826748727,47.6785986948,0.0144925,0.845835,11.5,0.0890625,0.120161,low,1.03115,10,0,0,0,0,,0,,stage_S0M_MORPH.csv
tile_RA103.237_DECp47.813:2373,tile_RA103.237_DECp47.813,2373,103.5932931012,47.6915090046,0.00873152,0.778573,13,0.148438,0.132717,low,1.08456,14,0,0,1,1,circularity=0.779<0.8,0,,stage_S0M_MORPH.csv
tile_RA103.237_DECp47.813:5846,tile_RA103.237_DECp47.813,5846,102.6443734454,47.8254130961,0.0340292,0.290375,15.5,0.401476,0.260036,low,1.16253,13,0,1,1,1,elongation=1.163>1.1;circularity=0.290<0.8,0,,stage_S0M_MORPH.csv
tile_RA103.237_DECp48.813:934,tile_RA103.237_DECp48.813,934,102.7230167915,48.4648778825,0.00974116,0.836301,13.5,0.0890625,0.132771,low,1.10515,5,0,1,0,1,elongation=1.105>1.1,0,,stage_S0M_MORPH.csv
tile_RA104.726_DECp45.813:2464,tile_RA104.726_DECp45.813,2464,104.5962526799,45.7341101478,0.0316665,0.658793,11,0.0792411,0.133294,low,1.18751,14,0,1,1,1,elongation=1.188>1.1;circularity=0.659<0.8,0,,stage_S0M_MORPH.csv
tile_RA104.726_DECp45.813:2755,tile_RA104.726_DECp45.813,2755,105.2574339769,45.7786127574,0.0272778,0.832319,9,0.178125,0.100087,low,1.1078,12,0,1,0,1,elongation=1.108>1.1,0,,stage_S0M_MORPH.csv
tile_RA104.726_DECp45.813:4577,tile_RA104.726_DECp45.813,4577,105.3390008203,45.9121015555,0.0839637,0.763595,10,0.0890625,0.176297,low,1.14108,6,1,1,1,1,profile_diff=0.0840>0.05;elongation=1.141>1.1;circularity=0.764<0.8,0,,stage_S0M_MORPH.csv
tile_RA104.726_DECp45.813:4736,tile_RA104.726_DECp45.813,4736,104.0925988275,45.9681768873,0.00944239,0.718683,12,0.222656,0.150449,low,1.047,8,0,0,1,1,circularity=0.719<0.8,0,,stage_S0M_MORPH.csv
tile_RA104.726_DECp45.813:5274,tile_RA104.726_DECp45.813,5274,104.7397362185,46.2884741303,0.0885532,0.554879,12,0.178125,0.0655151,low,1.02024,4,1,0,1,1,profile_diff=0.0886>0.05;circularity=0.555<0.8,0,,stage_S0M_MORPH.csv
tile_RA104.726_DECp46.813:879,tile_RA104.726_DECp46.813,879,104.390453046,46.4734536567,0.0191965,0.698733,9.5,0.267188,0.188455,low,1.12618,9,0,1,1,1,elongation=1.126>1.1;circularity=0.699<0.8,0,,stage_S0M_MORPH.csv
tile_RA104.726_DECp46.813:1390,tile_RA104.726_DECp46.813,1390,104.1147728811,46.5732863326,0.0693396,0.88676,11,0.649414,0.0306713,low,1.07908,4,1,0,0,1,profile_diff=0.0693>0.05,0,,stage_S0M_MORPH.csv
tile_RA104.726_DECp47.813:2378,tile_RA104.726_DECp47.813,2378,104.9677044516,47.7390576825,0.0222172,0.606389,9,0.0924479,0.141547,low,1.12974,11,0,1,1,1,elongation=1.130>1.1;circularity=0.606<0.8,0,,stage_S0M_MORPH.csv
tile_RA104.726_DECp49.813:5435,tile_RA104.726_DECp49.813,5435,105.3151734436,49.8486249293,0.0297352,0.819855,8.5,0.30599,0.124744,low,1.04462,8,0,0,0,0,,0,,stage_S0M_MORPH.csv
tile_RA106.215_DECp46.813:2227,tile_RA106.215_DECp46.813,2227,106.2049910911,47.2640126448,0.0191575,0.606389,9,0.179688,0.20838,low,1.24917,4,0,1,1,1,elongation=1.249>1.1;circularity=0.606<0.8,0,,stage_S0M_MORPH.csv
tile_RA106.215_DECp46.813:3822,tile_RA106.215_DECp46.813,3822,105.6442700396,47.017629897,0.0276947,0.0795298,23,0.0952381,0.215939,low,1.01678,13,0,0,1,1,circularity=0.080<0.8,0,,stage_S0M_MORPH.csv
tile_RA106.215_DECp47.813:1112,tile_RA106.215_DECp47.813,1112,105.8595842401,47.5255604457,0.0104757,0.845835,11.5,1.08036,0.129463,low,1.01184,14,0,0,0,0,,0,,stage_S0M_MORPH.csv
tile_RA107.704_DECp47.813:328,tile_RA107.704_DECp47.813,328,107.7271552024,47.3751264348,0.0310239,0.682282,21.5,0.285714,0.137043,low,1.28068,6,0,1,1,1,elongation=1.281>1.1;circularity=0.682<0.8,0,,stage_S0M_MORPH.csv
tile_RA107.704_DECp47.813:1244,tile_RA107.704_DECp47.813,1244,107.6486901964,47.5544028214,0.0125875,0.836301,13.5,0.0890625,0.102504,low,1.09708,3,0,0,0,0,,0,,stage_S0M_MORPH.csv
tile_RA107.704_DECp47.813:2967,tile_RA107.704_DECp47.813,2967,107.5617161254,48.1807885154,0.0298715,0.725531,18,0.192057,0.214303,low,1.24464,5,0,1,1,1,elongation=1.245>1.1;circularity=0.726<0.8,0,,stage_S0M_MORPH.csv
tile_RA110.213_DECp47.700:4130,tile_RA110.213_DECp47.700,4130,109.6673317111,47.7405303241,0.028867,0.615152,12,0.223307,0.245249,low,1.1196,6,0,1,1,1,elongation=1.120>1.1;circularity=0.615<0.8,0,,stage_S0M_MORPH.csv
tile_RA111.699_DECp46.700:1926,tile_RA111.699_DECp46.700,1926,111.5335961503,47.1039249691,0.00519434,0.871465,8.5,,0.0935766,low,1.04366,7,0,0,0,0,,0,,stage_S0M_MORPH.csv
tile_RA111.699_DECp47.700:357,tile_RA111.699_DECp47.700,357,112.0258522848,47.2777503024,0.0225877,0.41183,10.5,0.502604,0.295253,low,1.29054,6,0,1,1,1,elongation=1.291>1.1;circularity=0.412<0.8,0,,stage_S0M_MORPH.csv
tile_RA111.699_DECp47.700:2728,tile_RA111.699_DECp47.700,2728,111.955394882,48.0008706805,0.0222881,0.802213,14.5,0.148438,0.121771,low,1.20165,9,0,1,0,1,elongation=1.202>1.1,0,,stage_S0M_MORPH.csv
tile_RA111.699_DECp48.700:1122,tile_RA111.699_DECp48.700,1122,111.412132526,48.4708354029,0.00619066,0.857372,8,0.283203,0.0457302,low,1.09016,5,0,0,0,0,,0,,stage_S0M_MORPH.csv
tile_RA111.699_DECp48.700:3576,tile_RA111.699_DECp48.700,3576,111.8130519466,48.7508721183,0.0123283,0.857372,8,1.10176,0.0457302,low,1.07056,3,0,0,0,0,,0,,stage_S0M_MORPH.csv
tile_RA111.699_DECp48.700:3645,tile_RA111.699_DECp48.700,3645,112.2126658216,48.7397896782,0.0234878,0.247946,23,0.701349,0.262729,low,1.24935,4,0,1,1,1,elongation=1.249>1.1;circularity=0.248<0.8,0,,stage_S0M_MORPH.csv
tile_RA113.185_DECp45.700:1134,tile_RA113.185_DECp45.700,1134,112.57334371,45.4611957846,0.00887198,0.785398,9,,0,low,1.03171,4,0,0,1,1,circularity=0.785<0.8,0,,stage_S0M_MORPH.csv
tile_RA113.185_DECp45.700:3169,tile_RA113.185_DECp45.700,3169,113.1275109671,45.895318517,0.0145532,0.364942,11.5,0.464286,0.246276,low,1.08525,9,0,0,1,1,circularity=0.365<0.8,0,,stage_S0M_MORPH.csv
tile_RA113.185_DECp46.700:2411,tile_RA113.185_DECp46.700,2411,113.4121946523,47.0270578387,0.0289246,0.0531673,62,1.45269,0.239899,low,1.13207,11,0,1,1,1,elongation=1.132>1.1;circularity=0.053<0.8,0,,stage_S0M_MORPH.csv
tile_RA113.185_DECp46.700:3145,tile_RA113.185_DECp46.700,3145,112.7709951622,46.8455744843,0.00990234,0.800106,14,0.0890625,0.125609,low,1.02898,8,0,0,0,0,,0,,stage_S0M_MORPH.csv
tile_RA113.185_DECp47.700:1708,tile_RA113.185_DECp47.700,1708,112.9082805895,48.1448301604,0.0187456,0.514856,14,0.495443,0.254623,low,1.15495,5,0,1,1,1,elongation=1.155>1.1;circularity=0.515<0.8,0,,stage_S0M_MORPH.csv
tile_RA113.185_DECp47.700:2846,tile_RA113.185_DECp47.700,2846,113.5445860649,47.8961354754,0.0194101,0.898353,7.5,1.33105,0.081912,low,1.15473,7,0,1,0,1,elongation=1.155>1.1,0,,stage_S0M_MORPH.csv
tile_RA113.185_DECp47.700:3328,tile_RA113.185_DECp47.700,3328,113.4111729468,47.7828474185,0.0155359,0.819855,8.5,0.875326,0.124744,low,1.11141,7,0,1,0,1,elongation=1.111>1.1,0,,stage_S0M_MORPH.csv
tile_RA113.185_DECp47.700:3765,tile_RA113.185_DECp47.700,3765,112.5158678531,47.6764227952,0.0201581,0.768939,7.5,0.0890625,0.253413,low,1.08545,4,0,0,1,1,circularity=0.769<0.8,0,,stage_S0M_MORPH.csv
tile_RA113.185_DECp48.700:1245,tile_RA113.185_DECp48.700,1245,113.3361762891,48.53195155,0.0142353,0.200004,197,0.913876,0.217684,high,1.2291,9,0,1,1,1,elongation=1.229>1.1;circularity=0.200<0.8,0,,stage_S0M_MORPH.csv
tile_RA114.670_DECp46.700:3350,tile_RA114.670_DECp46.700,3350,115.2542635307,46.6709413641,0.440575,0.240344,187.5,0.755022,0.178533,high,1.26939,2,1,1,1,1,profile_diff=0.4406>0.05;elongation=1.269>1.1;circularity=0.240<0.8,0,,stage_S0M_MORPH.csv
tile_RA114.670_DECp48.700:1103,tile_RA114.670_DECp48.700,1103,115.0211902923,48.4906828306,0.0248102,0.508639,11,0.402344,0.182549,low,1.03572,4,0,0,1,1,circularity=0.509<0.8,0,,stage_S0M_MORPH.csv
tile_RA114.670_DECp48.700:2479,tile_RA114.670_DECp48.700,2479,114.785738088,48.9841585616,0.0238701,0.165489,18,0.772135,0.271662,low,1.166,5,0,1,1,1,elongation=1.166>1.1;circularity=0.165<0.8,0,,stage_S0M_MORPH.csv
tile_RA116.156_DECp47.700:1158,tile_RA116.156_DECp47.700,1158,116.7461884313,47.5191950482,0.0334629,0.785398,9,0.148438,0,low,1.14943,3,0,1,1,1,elongation=1.149>1.1;circularity=0.785<0.8,0,,stage_S0M_MORPH.csv
tile_RA116.156_DECp47.700:1580,tile_RA116.156_DECp47.700,1580,116.0341544352,48.1526406118,0.0156622,0.772284,10.5,0.178125,0.139976,low,1.03511,3,0,0,1,1,circularity=0.772<0.8,0,,stage_S0M_MORPH.csv
tile_RA116.156_DECp47.700:2970,tile_RA116.156_DECp47.700,2970,115.9765975614,47.8294565553,0.0132245,0.819855,8.5,0.190848,0.124744,low,1.03817,5,0,0,0,0,,0,,stage_S0M_MORPH.csv
tile_RA12.025_DECp47.796:3640,tile_RA12.025_DECp47.796,3640,11.3259429252,47.775514038,0.0176459,0.539012,9,0.4,0.194549,low,1.08205,4,0,0,1,1,circularity=0.539<0.8,0,,stage_S0M_MORPH.csv
tile_RA12.025_DECp47.796:4353,tile_RA12.025_DECp47.796,4353,12.0843681607,47.8582371976,0.031848,0.768939,7.5,0.0890625,0.149268,low,1.18426,11,0,1,1,1,elongation=1.184>1.1;circularity=0.769<0.8,0,,stage_S0M_MORPH.csv
tile_RA12.025_DECp49.796:7234,tile_RA12.025_DECp49.796,7234,12.079697855,50.1761684661,0.0231869,0.139383,9,0.657227,0.175563,low,1.27648,16,0,1,1,1,elongation=1.276>1.1;circularity=0.139<0.8,0,,stage_S0M_MORPH.csv
tile_RA121.625_DECp45.593:849,tile_RA121.625_DECp45.593,849,122.2365524444,45.4298230806,0.0151669,0.32753,25,0.333333,0.282994,low,1.10926,2,0,1,1,1,elongation=1.109>1.1;circularity=0.328<0.8,0,,stage_S0M_MORPH.csv
tile_RA121.625_DECp45.593:2186,tile_RA121.625_DECp45.593,2186,120.99565541,45.6848281056,,0.840859,19.5,0.148438,0.100905,low,1.07537,0,0,0,0,0,,0,,stage_S0M_MORPH.csv
tile_RA121.625_DECp45.593:2275,tile_RA121.625_DECp45.593,2275,121.9932652002,45.6122007464,0.0300689,0.0479568,105.5,1.742,0.235276,high,1.11257,2,0,1,1,1,elongation=1.113>1.1;circularity=0.048<0.8,0,,stage_S0M_MORPH.csv
tile_RA121.625_DECp47.593:2289,tile_RA121.625_DECp47.593,2289,121.7357569201,47.6299442209,0.0102305,0.813059,12.5,0.0742188,0.105197,low,1.1205,5,0,1,0,1,elongation=1.120>1.1,0,,stage_S0M_MORPH.csv
tile_RA123.108_DECp46.593:1385,tile_RA123.108_DECp46.593,1385,122.8344496292,46.9373444184,0.013572,0.551631,15,0.255022,0.199786,low,1.14428,6,0,1,1,1,elongation=1.144>1.1;circularity=0.552<0.8,0,,stage_S0M_MORPH.csv
tile_RA123.108_DECp46.593:1883,tile_RA123.108_DECp46.593,1883,122.4443749692,46.7318838912,0.0138373,0.840859,19.5,0.0742188,0.102267,low,1.20176,1,0,1,0,1,elongation=1.202>1.1,0,,stage_S0M_MORPH.csv
tile_RA123.108_DECp46.593:1921,tile_RA123.108_DECp46.593,1921,122.5341578749,46.7173186051,0.0273674,0.42841,13.5,0.556362,0.197251,low,1.02211,5,0,0,1,1,circularity=0.428<0.8,0,,stage_S0M_MORPH.csv
tile_RA123.108_DECp47.593:2172,tile_RA123.108_DECp47.593,2172,122.8006086008,47.5736221294,0.0302303,0.786079,17,0.222656,0.140321,low,1.02235,1,0,0,1,1,circularity=0.786<0.8,0,,stage_S0M_MORPH.csv
tile_RA123.108_DECp48.593:1720,tile_RA123.108_DECp48.593,1720,122.563168272,48.8443580059,0.0192334,0.673765,10,0.215625,0.181507,low,1.21939,3,0,1,1,1,elongation=1.219>1.1;circularity=0.674<0.8,0,,stage_S0M_MORPH.csv
tile_RA123.108_DECp48.593:1893,tile_RA123.108_DECp48.593,1893,122.9822835516,48.7697095037,0.0223808,0.943271,14,1.64286,0,low,1.0114,3,0,0,0,0,,0,,stage_S0M_MORPH.csv
tile_RA124.591_DECp47.593:794,tile_RA124.591_DECp47.593,794,124.7440316048,47.4153431829,0.0202871,0.615757,23.5,0.208767,0.199165,low,1.20802,1,0,1,1,1,elongation=1.208>1.1;circularity=0.616<0.8,0,,stage_S0M_MORPH.csv
tile_RA124.591_DECp47.593:1540,tile_RA124.591_DECp47.593,1540,124.7452550425,47.908057407,0.0374129,0.871465,17,0.0742188,0.0955529,low,1.04407,2,0,0,0,0,,0,,stage_S0M_MORPH.csv
tile_RA127.090_DECp47.494:676,tile_RA127.090_DECp47.494,676,126.821841501,47.1809686439,0.00884459,0.673765,20,0.270089,0.176852,low,1.05624,3,0,0,1,1,circularity=0.674<0.8,0,,stage_S0M_MORPH.csv
tile_RA127.090_DECp47.494:690,tile_RA127.090_DECp47.494,690,126.8893542576,47.1877611183,0.0401238,0.806145,10,0.0890625,0.12272,low,1.27729,2,0,1,0,1,elongation=1.277>1.1,0,,stage_S0M_MORPH.csv
tile_RA127.090_DECp47.494:1453,tile_RA127.090_DECp47.494,1453,127.1837402161,47.9742627883,0.0216706,0.943271,14,0.190848,0,low,1.20033,1,0,1,0,1,elongation=1.200>1.1,0,,stage_S0M_MORPH.csv
tile_RA128.570_DECp46.494:771,tile_RA128.570_DECp46.494,771,129.0054276764,46.2668041261,0.0331023,0.30008,17.5,0.120443,0.27558,low,1.29264,2,0,1,1,1,elongation=1.293>1.1;circularity=0.300<0.8,0,,stage_S0M_MORPH.csv
tile_RA128.570_DECp46.494:2166,tile_RA128.570_DECp46.494,2166,129.0965244997,46.6569787806,0.0225857,0.768939,7.5,0.0890625,0.149268,low,1.06528,2,0,0,1,1,circularity=0.769<0.8,0,,stage_S0M_MORPH.csv
tile_RA128.570_DECp46.494:2203,tile_RA128.570_DECp46.494,2203,129.0275249407,46.637297622,0.0907452,0.808518,12,0.54248,0.209716,low,1.153,2,1,1,0,1,profile_diff=0.0907>0.05;elongation=1.153>1.1,0,,stage_S0M_MORPH.csv
tile_RA128.570_DECp47.494:412,tile_RA128.570_DECp47.494,412,128.1760800244,47.1287854639,0.00649825,0.898353,7.5,0.441895,0.081912,low,1.01996,1,0,0,0,0,,0,,stage_S0M_MORPH.csv
tile_RA128.570_DECp47.494:1079,tile_RA128.570_DECp47.494,1079,128.1722099945,47.3632167521,0.0111865,0.819855,8.5,,0.124744,low,1.13749,2,0,1,0,1,elongation=1.137>1.1,0,,stage_S0M_MORPH.csv
tile_RA128.570_DECp47.494:1776,tile_RA128.570_DECp47.494,1776,128.130850675,47.8065136812,0.00428367,0.798721,18,0.0742188,0.127494,low,1.09702,6,0,0,1,1,circularity=0.799<0.8,0,,stage_S0M_MORPH.csv
tile_RA128.570_DECp48.494:822,tile_RA128.570_DECp48.494,822,128.7367658744,48.2910938416,0.00992207,0.898353,7.5,0.148438,0.081912,low,1.04397,5,0,0,0,0,,0,,stage_S0M_MORPH.csv
tile_RA130.050_DECp45.494:93,tile_RA130.050_DECp45.494,93,130.0390319926,45.0246308121,0.00698696,0.898353,15,,0.0819133,low,1.02235,3,0,0,0,0,,0,,stage_S0M_MORPH.csv
tile_RA130.050_DECp45.494:458,tile_RA130.050_DECp45.494,458,129.6271082265,45.188579914,0.0192581,0.0434386,46.5,1.72909,0.225258,low,1.25271,2,0,1,1,1,elongation=1.253>1.1;circularity=0.043<0.8,0,,stage_S0M_MORPH.csv
tile_RA130.050_DECp45.494:557,tile_RA130.050_DECp45.494,557,130.3711998499,45.2259844725,0.0101352,0.832319,9,0.0890625,0.140237,low,1.00721,4,0,0,0,0,,0,,stage_S0M_MORPH.csv
tile_RA130.050_DECp45.494:720,tile_RA130.050_DECp45.494,720,130.5705537048,45.2924628112,0.0101574,0.796495,9.5,0.0890625,0.150222,low,1.17706,3,0,1,1,1,elongation=1.177>1.1;circularity=0.796<0.8,0,,stage_S0M_MORPH.csv
tile_RA130.050_DECp45.494:724,tile_RA130.050_DECp45.494,724,129.5153928792,45.2985103026,0.0381419,0.764827,19.5,0.127232,0.219285,low,1.01012,1,0,0,1,1,circularity=0.765<0.8,0,,stage_S0M_MORPH.csv
tile_RA130.050_DECp45.494:915,tile_RA130.050_DECp45.494,915,129.9459433029,45.3680744165,0.0320039,0.898353,7.5,0.888672,0.081912,low,1.04957,4,0,0,0,0,,0,,stage_S0M_MORPH.csv
tile_RA130.050_DECp45.494:1133,tile_RA130.050_DECp45.494,1133,130.0442538038,45.9350144752,0.0361796,0.512626,10,0.269531,0.221563,low,1.13468,4,0,1,1,1,elongation=1.135>1.1;circularity=0.513<0.8,0,,stage_S0M_MORPH.csv
tile_RA130.050_DECp45.494:1171,tile_RA130.050_DECp45.494,1171,130.4039253783,45.9145190851,0.0212383,0.785398,9,0.148438,0,low,1.1331,1,0,1,1,1,elongation=1.133>1.1;circularity=0.785<0.8,0,,stage_S0M_MORPH.csv
tile_RA130.050_DECp45.494:1496,tile_RA130.050_DECp45.494,1496,129.4079561857,45.411170758,0.0209335,0.871465,8.5,1.40067,0.0935766,low,1.25539,5,0,1,0,1,elongation=1.255>1.1,0,,stage_S0M_MORPH.csv
tile_RA130.050_DECp45.494:1855,tile_RA130.050_DECp45.494,1855,129.9816519843,45.7185502719,0.013473,0.263858,30,0.582031,0.236925,low,1.16017,3,0,1,1,1,elongation=1.160>1.1;circularity=0.264<0.8,0,,stage_S0M_MORPH.csv
tile_RA130.050_DECp45.494:2117,tile_RA130.050_DECp45.494,2117,129.4964963808,45.6300091439,0.0370977,0.836301,13.5,0.0890625,0.132771,low,1.08953,7,0,0,0,0,,0,,stage_S0M_MORPH.csv
tile_RA130.050_DECp45.494:2389,tile_RA130.050_DECp45.494,2389,130.5086664527,45.5025300572,0.0189997,0.660804,17.5,0.226562,0.186808,low,1.12298,4,0,1,1,1,elongation=1.123>1.1;circularity=0.661<0.8,0,,stage_S0M_MORPH.csv
tile_RA130.050_DECp47.494:659,tile_RA130.050_DECp47.494,659,130.2407341029,47.2466600885,0.021885,0.832319,9,0.609003,0.120492,low,1.15872,4,0,1,0,1,elongation=1.159>1.1,0,,stage_S0M_MORPH.csv
tile_RA130.050_DECp47.494:704,tile_RA130.050_DECp47.494,704,129.4651771946,47.2691467427,,0.539012,12.5,0.371745,0.184808,low,1.01617,0,0,0,1,1,circularity=0.539<0.8,0,,stage_S0M_MORPH.csv
tile_RA130.050_DECp47.494:930,tile_RA130.050_DECp47.494,930,130.6470412295,47.3545613731,0.0175119,0.768939,7.5,0.0890625,0.159305,low,1.04961,4,0,0,1,1,circularity=0.769<0.8,0,,stage_S0M_MORPH.csv
tile_RA130.050_DECp47.494:1884,tile_RA130.050_DECp47.494,1884,129.6115841813,47.72402507,0.00802066,0.248293,24.5,0.51893,0.249826,low,1.04699,3,0,0,1,1,circularity=0.248<0.8,0,,stage_S0M_MORPH.csv
tile_RA130.050_DECp48.494:451,tile_RA130.050_DECp48.494,451,130.2958267418,48.1661350591,0.0137547,0.898353,7.5,0.254464,0.081912,low,1.09271,6,0,0,0,0,,0,,stage_S0M_MORPH.csv
tile_RA130.050_DECp48.494:710,tile_RA130.050_DECp48.494,710,129.9890569701,48.2735686561,0.0302095,0.52656,8.5,0.342187,0.240182,low,1.23688,2,0,1,1,1,elongation=1.237>1.1;circularity=0.527<0.8,0,,stage_S0M_MORPH.csv
tile_RA130.050_DECp48.494:809,tile_RA130.050_DECp48.494,809,130.280781569,48.3208499852,,0.123726,66.5,1.16328,0.214163,low,1.0785,0,0,0,1,1,circularity=0.124<0.8,0,,stage_S0M_MORPH.csv
tile_RA130.050_DECp48.494:927,tile_RA130.050_DECp48.494,927,129.6578953412,48.3617812869,0.0410533,0.628812,7.5,0.126562,0.236622,low,1.26212,1,0,1,1,1,elongation=1.262>1.1;circularity=0.629<0.8,0,,stage_S0M_MORPH.csv
tile_RA130.050_DECp48.494:1160,tile_RA130.050_DECp48.494,1160,130.0377218857,48.9380076931,0.0578882,0.386228,305.5,0.744606,0.137502,high,1.1886,6,1,1,1,1,profile_diff=0.0579>0.05;elongation=1.189>1.1;circularity=0.386<0.8,0,,stage_S0M_MORPH.csv
tile_RA130.050_DECp48.494:1506,tile_RA130.050_DECp48.494,1506,130.3637932119,48.8115240216,0.00515132,0.924799,10,0.0742188,0.0627596,low,1.04483,2,0,0,0,0,,0,,stage_S0M_MORPH.csv
tile_RA130.050_DECp48.494:2089,tile_RA130.050_DECp48.494,2089,130.7475562634,48.4422810312,0.0175155,0.819855,8.5,0.403809,0.124744,low,1.10498,2,0,1,0,1,elongation=1.105>1.1,0,,stage_S0M_MORPH.csv
tile_RA130.050_DECp49.494:1781,tile_RA130.050_DECp49.494,1781,130.1303047716,49.7679088056,0.0136603,0.718683,12,0.0742188,0.117883,low,1.25797,2,0,1,1,1,elongation=1.258>1.1;circularity=0.719<0.8,0,,stage_S0M_MORPH.csv
tile_RA131.530_DECp46.494:253,tile_RA131.530_DECp46.494,253,131.6713395373,46.0896068577,0.0107367,0.898353,7.5,0.222656,0.081912,low,1.01948,4,0,0,0,0,,0,,stage_S0M_MORPH.csv
tile_RA131.530_DECp46.494:271,tile_RA131.530_DECp46.494,271,131.7280007273,46.0937206676,0.0537676,0.606389,9,0.296875,0.154355,low,1.0582,1,1,0,1,1,profile_diff=0.0538>0.05;circularity=0.606<0.8,0,,stage_S0M_MORPH.csv
tile_RA131.530_DECp46.494:669,tile_RA131.530_DECp46.494,669,131.4017256005,46.2577755929,0.0234836,0.0815978,167.5,1.40458,0.203879,high,1.08842,2,0,0,1,1,circularity=0.082<0.8,0,,stage_S0M_MORPH.csv
tile_RA131.530_DECp46.494:1709,tile_RA131.530_DECp46.494,1709,131.7632107569,46.7710516683,0.0262106,0.808518,12,0.0890625,0.11888,low,1.08795,2,0,0,0,0,,0,,stage_S0M_MORPH.csv
tile_RA131.530_DECp47.494:463,tile_RA131.530_DECp47.494,463,131.6948404633,47.1850716691,0.00895247,0.712405,11.5,0.148438,0.201364,low,1.0962,5,0,0,1,1,circularity=0.712<0.8,0,,stage_S0M_MORPH.csv
tile_RA131.530_DECp48.494:176,tile_RA131.530_DECp48.494,176,131.2786322552,48.0665523122,0.033315,0.839954,11,0.770833,0.115105,low,1.19973,1,0,1,0,1,elongation=1.200>1.1,0,,stage_S0M_MORPH.csv
tile_RA131.530_DECp48.494:488,tile_RA131.530_DECp48.494,488,132.0317417868,48.1698165431,0.0220356,0.768939,7.5,0.0890625,0.149268,low,1.0387,5,0,0,1,1,circularity=0.769<0.8,0,,stage_S0M_MORPH.csv
tile_RA131.530_DECp48.494:1468,tile_RA131.530_DECp48.494,1468,131.0287342452,48.4016717321,0.0231706,0.604609,15,0.346354,0.172009,low,1.03694,2,0,0,1,1,circularity=0.605<0.8,0,,stage_S0M_MORPH.csv
tile_RA133.010_DECp47.494:1888,tile_RA133.010_DECp47.494,1888,133.3556227081,47.6528858068,0.0226485,0.832319,9,0.0890625,0.140237,low,1.10144,2,0,1,0,1,elongation=1.101>1.1,0,,stage_S0M_MORPH.csv
tile_RA136.982_DECp46.407:73,tile_RA136.982_DECp46.407,73,136.7486222915,45.9460588909,0.0119877,0.149726,10,0.47619,0.237465,low,1.26203,2,0,1,1,1,elongation=1.262>1.1;circularity=0.150<0.8,0,,stage_S0M_MORPH.csv
tile_RA136.982_DECp46.407:125,tile_RA136.982_DECp46.407,125,137.2727555259,45.977235856,0.027293,0.0613387,65,1.67622,0.224465,low,1.20568,1,0,1,1,1,elongation=1.206>1.1;circularity=0.061<0.8,0,,stage_S0M_MORPH.csv
tile_RA136.982_DECp46.407:185,tile_RA136.982_DECp46.407,185,136.5933715489,46.0049779776,0.0174982,0.224547,303.5,0.869048,0.139058,high,1.0132,2,0,0,1,1,circularity=0.225<0.8,0,,stage_S0M_MORPH.csv
tile_RA136.982_DECp46.407:575,tile_RA136.982_DECp46.407,575,137.2932422547,46.2257170085,0.0501361,0.336883,10,0.444196,0.248433,low,1.17393,2,1,1,1,1,profile_diff=0.0501>0.05;elongation=1.174>1.1;circularity=0.337<0.8,0,,stage_S0M_MORPH.csv
tile_RA136.982_DECp46.407:844,tile_RA136.982_DECp46.407,844,136.9540309029,46.8220572496,0.0103844,0.746888,13.5,0.222656,0.14763,low,1.0137,3,0,0,1,1,circularity=0.747<0.8,0,,stage_S0M_MORPH.csv
tile_RA136.982_DECp46.407:917,tile_RA136.982_DECp46.407,917,137.0768303079,46.7851975426,0.0126192,0.279762,11.5,0.298611,0.301307,low,1.264,6,0,1,1,1,elongation=1.264>1.1;circularity=0.280<0.8,0,,stage_S0M_MORPH.csv
tile_RA136.982_DECp46.407:1300,tile_RA136.982_DECp46.407,1300,137.3243397133,46.6220519832,0.0278758,0.246077,19.5,0.707031,0.23124,low,1.06519,1,0,0,1,1,circularity=0.246<0.8,0,,stage_S0M_MORPH.csv
tile_RA136.982_DECp47.407:873,tile_RA136.982_DECp47.407,873,136.8742844016,47.3610428378,0.0418569,0.0833577,38.5,1.29479,0.230992,low,1.23332,2,0,1,1,1,elongation=1.233>1.1;circularity=0.083<0.8,0,,stage_S0M_MORPH.csv
tile_RA136.982_DECp48.407:424,tile_RA136.982_DECp48.407,424,136.9968871311,48.1783468185,0.0700423,0.625182,8.5,0.289062,0.257277,low,1.19705,4,1,1,1,1,profile_diff=0.0700>0.05;elongation=1.197>1.1;circularity=0.625<0.8,0,,stage_S0M_MORPH.csv
tile_RA136.982_DECp48.407:1108,tile_RA136.982_DECp48.407,1108,137.1324499997,48.6750653126,0.0176965,0.839954,11,,0.115105,low,1.14183,4,0,1,0,1,elongation=1.142>1.1,0,,stage_S0M_MORPH.csv
tile_RA138.459_DECp45.407:559,tile_RA138.459_DECp45.407,559,138.2316236807,45.2625159679,0.0274041,0.604641,17.5,0.16748,0.219588,low,1.21493,5,0,1,1,1,elongation=1.215>1.1;circularity=0.605<0.8,0,,stage_S0M_MORPH.csv
tile_RA138.459_DECp45.407:946,tile_RA138.459_DECp45.407,946,138.887290529,45.3075986959,0.0314608,0.845835,11.5,0.0890625,0.120161,low,1.03267,1,0,0,0,0,,0,,stage_S0M_MORPH.csv
tile_RA138.459_DECp45.407:1448,tile_RA138.459_DECp45.407,1448,138.8331381181,45.4642973335,0.00471186,0.845835,11.5,0.0890625,0.113769,low,1.10638,3,0,1,0,1,elongation=1.106>1.1,0,,stage_S0M_MORPH.csv
tile_RA138.459_DECp46.407:223,tile_RA138.459_DECp46.407,223,138.1628400477,46.0530858355,0.0345866,0.880337,21,0.0636161,0.0977034,low,1.10481,1,0,1,0,1,elongation=1.105>1.1,0,,stage_S0M_MORPH.csv
tile_RA138.459_DECp46.407:468,tile_RA138.459_DECp46.407,468,137.9348814419,46.1967320208,0.0124053,0.875895,13,0.0890625,0.116119,low,1.02116,1,0,0,0,0,,0,,stage_S0M_MORPH.csv
tile_RA138.459_DECp46.407:865,tile_RA138.459_DECp46.407,865,138.5244640701,46.6831413227,0.0380754,0.100389,12.5,0.585036,0.264597,low,1.08642,3,0,0,1,1,circularity=0.100<0.8,0,,stage_S0M_MORPH.csv
tile_RA138.459_DECp46.407:1150,tile_RA138.459_DECp46.407,1150,138.0301669522,46.6243559261,0.0127477,0.628812,7.5,0.215625,0.214442,low,1.28619,2,0,1,1,1,elongation=1.286>1.1;circularity=0.629<0.8,0,,stage_S0M_MORPH.csv
tile_RA138.459_DECp47.407:252,tile_RA138.459_DECp47.407,252,138.9671270654,47.068290124,0.0206271,0.943271,14,1.60993,0,low,1.02855,5,0,0,0,0,,0,,stage_S0M_MORPH.csv
tile_RA138.459_DECp47.407:438,tile_RA138.459_DECp47.407,438,138.3922694673,47.2113563384,0.0240693,0.571664,11.5,0.489063,0.208758,low,1.11719,2,0,1,1,1,elongation=1.117>1.1;circularity=0.572<0.8,0,,stage_S0M_MORPH.csv
tile_RA138.459_DECp47.407:525,tile_RA138.459_DECp47.407,525,138.8853778479,47.2732182143,0.0423187,0.167876,18.5,0.875868,0.265706,low,1.02959,2,0,0,1,1,circularity=0.168<0.8,0,,stage_S0M_MORPH.csv
tile_RA138.459_DECp47.407:828,tile_RA138.459_DECp47.407,828,138.4782998261,47.7024220141,0.0070396,0.693599,15,0.190848,0.190336,low,1.04978,1,0,0,1,1,circularity=0.694<0.8,0,,stage_S0M_MORPH.csv
tile_RA138.459_DECp48.407:734,tile_RA138.459_DECp48.407,734,138.8307068303,48.8297517111,0.0153195,0.636238,11.5,0.179688,0.193644,low,1.29478,2,0,1,1,1,elongation=1.295>1.1;circularity=0.636<0.8,0,,stage_S0M_MORPH.csv
tile_RA138.459_DECp48.407:959,tile_RA138.459_DECp48.407,959,138.5585347454,48.7590544064,0.116047,0.495307,17.5,0.1,0.2012,low,1.11837,1,1,1,1,1,profile_diff=0.1160>0.05;elongation=1.118>1.1;circularity=0.495<0.8,0,,stage_S0M_MORPH.csv
tile_RA138.459_DECp48.407:1454,tile_RA138.459_DECp48.407,1454,138.7955318437,48.4339099777,0.0229076,0.746888,13.5,0.2,0.172225,low,1.02437,2,0,0,1,1,circularity=0.747<0.8,0,,stage_S0M_MORPH.csv
tile_RA138.459_DECp49.407:440,tile_RA138.459_DECp49.407,440,138.6916552353,49.1413858946,0.0559138,0.647359,14,0.28776,0.206016,low,1.08772,1,1,0,1,1,profile_diff=0.0559>0.05;circularity=0.647<0.8,0,,stage_S0M_MORPH.csv
tile_RA138.459_DECp49.407:632,tile_RA138.459_DECp49.407,632,138.959247786,49.2556704608,0.0183605,0.333386,17,0.588379,0.284655,low,1.25248,6,0,1,1,1,elongation=1.252>1.1;circularity=0.333<0.8,0,,stage_S0M_MORPH.csv
tile_RA139.937_DECp46.407:451,tile_RA139.937_DECp46.407,451,139.9362654661,46.2005472579,0.0127639,0.880337,10.5,1.18967,0.127754,low,1.10398,3,0,1,0,1,elongation=1.104>1.1,0,,stage_S0M_MORPH.csv
tile_RA139.937_DECp46.407:488,tile_RA139.937_DECp46.407,488,139.8382145527,46.2234591457,0.0243028,0.308962,19,0.569922,0.221823,low,1.08286,2,0,0,1,1,circularity=0.309<0.8,0,,stage_S0M_MORPH.csv
tile_RA139.937_DECp47.407:188,tile_RA139.937_DECp47.407,188,140.2687997387,47.0345728888,0.0131516,0.772284,10.5,0.0742188,0.164738,low,1.16122,1,0,1,1,1,elongation=1.161>1.1;circularity=0.772<0.8,0,,stage_S0M_MORPH.csv
tile_RA139.937_DECp47.407:313,tile_RA139.937_DECp47.407,313,139.6848876937,47.121037737,0.0271917,0.796495,9.5,0.0890625,0.124688,low,1.18402,1,0,1,1,1,elongation=1.184>1.1;circularity=0.796<0.8,0,,stage_S0M_MORPH.csv
tile_RA139.937_DECp47.407:337,tile_RA139.937_DECp47.407,337,140.1055252502,47.1292112377,0.0159559,0.691563,12.5,0.166667,0.164999,low,1.21398,2,0,1,1,1,elongation=1.214>1.1;circularity=0.692<0.8,0,,stage_S0M_MORPH.csv
tile_RA139.937_DECp47.407:1072,tile_RA139.937_DECp47.407,1072,140.2983452224,47.6695068488,0.0132085,0.924799,10,0.126562,0.0627596,low,1.08757,7,0,0,0,0,,0,,stage_S0M_MORPH.csv
tile_RA139.937_DECp48.407:914,tile_RA139.937_DECp48.407,914,140.135634783,48.7536559453,0.0151601,0.839954,11,0.761905,0,low,1.21038,1,0,1,0,1,elongation=1.210>1.1,0,,stage_S0M_MORPH.csv
tile_RA139.937_DECp48.407:1450,tile_RA139.937_DECp48.407,1450,139.6394990029,48.4381691268,0.0116132,0.691563,12.5,0.253906,0.191949,low,1.06336,1,0,0,1,1,circularity=0.692<0.8,0,,stage_S0M_MORPH.csv
tile_RA141.415_DECp47.407:224,tile_RA141.415_DECp47.407,224,141.7349755873,47.0421552153,0.0120978,0.778573,13,0.148438,0.147483,low,1.09265,2,0,0,1,1,circularity=0.779<0.8,0,,stage_S0M_MORPH.csv
tile_RA141.415_DECp47.407:326,tile_RA141.415_DECp47.407,326,141.5759897585,47.1087755599,0.0136959,0.718683,12,0.179688,0.192323,low,1.16563,3,0,1,1,1,elongation=1.166>1.1;circularity=0.719<0.8,0,,stage_S0M_MORPH.csv
tile_RA141.415_DECp47.407:577,tile_RA141.415_DECp47.407,577,141.1619129368,47.2890534346,0.0283089,0.131082,275,0.904762,0.154416,high,1.18551,5,0,1,1,1,elongation=1.186>1.1;circularity=0.131<0.8,0,,stage_S0M_MORPH.csv
tile_RA141.415_DECp47.407:629,tile_RA141.415_DECp47.407,629,141.4103895541,47.8963624868,0.00991815,0.875895,13,0.0890625,0.116119,low,1.03755,1,0,0,0,0,,0,,stage_S0M_MORPH.csv
tile_RA141.415_DECp47.407:842,tile_RA141.415_DECp47.407,842,140.7805904475,47.5817737996,0.0295959,0.146043,36.5,0.535156,0.267107,low,1.21927,4,0,1,1,1,elongation=1.219>1.1;circularity=0.146<0.8,0,,stage_S0M_MORPH.csv
tile_RA141.415_DECp47.407:1288,tile_RA141.415_DECp47.407,1288,140.8117699896,47.5754885397,0.0200716,0.359341,12,0.518415,0.221347,low,1.23309,4,0,1,1,1,elongation=1.233>1.1;circularity=0.359<0.8,0,,stage_S0M_MORPH.csv
tile_RA141.415_DECp47.407:1298,tile_RA141.415_DECp47.407,1298,140.7539322017,47.5555309974,0.0319408,0.409649,19,0.502604,0.201692,low,1.09052,1,0,0,1,1,circularity=0.410<0.8,0,,stage_S0M_MORPH.csv
tile_RA141.415_DECp47.407:1339,tile_RA141.415_DECp47.407,1339,141.5100978854,47.5057897388,0.0341833,0.746888,13.5,0.2,0.172225,low,1.10861,2,0,1,1,1,elongation=1.109>1.1;circularity=0.747<0.8,0,,stage_S0M_MORPH.csv
tile_RA143.905_DECp47.333:334,tile_RA143.905_DECp47.333,334,143.4518007169,46.9885569238,0.0260909,0.40453,11,0.392857,0.196951,low,1.25138,4,0,1,1,1,elongation=1.251>1.1;circularity=0.405<0.8,0,,stage_S0M_MORPH.csv
tile_RA143.905_DECp47.333:417,tile_RA143.905_DECp47.333,417,144.2976039734,47.0478011103,0.0485248,0.647359,14,0.228237,0.185283,low,1.29912,1,0,1,1,1,elongation=1.299>1.1;circularity=0.647<0.8,0,,stage_S0M_MORPH.csv
tile_RA143.905_DECp47.333:1038,tile_RA143.905_DECp47.333,1038,143.6875764453,47.6457559422,0.013907,0.832319,9,0.230469,0.206002,low,1.21653,2,0,1,0,1,elongation=1.217>1.1,0,,stage_S0M_MORPH.csv
tile_RA143.905_DECp47.333:1753,tile_RA143.905_DECp47.333,1753,144.0918700071,47.4066475896,,0.772284,10.5,0.178125,0.203065,low,1.11364,0,0,1,1,1,elongation=1.114>1.1;circularity=0.772<0.8,0,,stage_S0M_MORPH.csv
tile_RA145.381_DECp46.333:517,tile_RA145.381_DECp46.333,517,145.4230290077,46.1048031883,0.0466983,0.606389,18,0.476562,0.150927,low,1.07174,3,0,0,1,1,circularity=0.606<0.8,0,,stage_S0M_MORPH.csv
tile_RA145.381_DECp46.333:971,tile_RA145.381_DECp46.333,971,145.4219293943,46.722554528,0.0345915,0.601119,13,0.206473,0.197775,low,1.18852,3,0,1,1,1,elongation=1.189>1.1;circularity=0.601<0.8,0,,stage_S0M_MORPH.csv
tile_RA145.381_DECp46.333:1024,tile_RA145.381_DECp46.333,1024,145.1274593745,46.2775711856,0.0191021,0.414938,30,0.517188,0.220132,low,1.02986,3,0,0,1,1,circularity=0.415<0.8,0,,stage_S0M_MORPH.csv
tile_RA145.381_DECp46.333:1405,tile_RA145.381_DECp46.333,1405,145.3381991366,46.5730191464,0.010671,0.832319,9,0.0890625,0.140237,low,1.04272,1,0,0,0,0,,0,,stage_S0M_MORPH.csv
tile_RA145.381_DECp46.333:1596,tile_RA145.381_DECp46.333,1596,144.8173282714,46.4559471174,0.0494843,0.802213,14.5,0.148438,0.12544,low,1.09565,1,0,0,0,0,,0,,stage_S0M_MORPH.csv
tile_RA145.381_DECp46.333:1803,tile_RA145.381_DECp46.333,1803,146.0581283175,46.3677185679,0.0358556,0.802213,14.5,0.148438,0.11226,low,1.01529,1,0,0,0,0,,0,,stage_S0M_MORPH.csv
tile_RA145.381_DECp47.333:159,tile_RA145.381_DECp47.333,159,145.7824879529,46.9176459127,0.0180728,0.155533,95.5,0.757812,0.19776,low,1.23206,1,0,1,1,1,elongation=1.232>1.1;circularity=0.156<0.8,0,,stage_S0M_MORPH.csv
tile_RA145.381_DECp47.333:592,tile_RA145.381_DECp47.333,592,145.700392909,47.1514257725,0.0213148,0.466438,13.5,0.329102,0.2567,low,1.03504,3,0,0,1,1,circularity=0.466<0.8,0,,stage_S0M_MORPH.csv
tile_RA145.381_DECp47.333:1144,tile_RA145.381_DECp47.333,1144,145.455010641,47.2547206988,0.0624623,0.126488,213.5,1.25893,0.18406,high,1.29705,1,1,1,1,1,profile_diff=0.0625>0.05;elongation=1.297>1.1;circularity=0.126<0.8,0,,stage_S0M_MORPH.csv
tile_RA145.381_DECp47.333:1359,tile_RA145.381_DECp47.333,1359,145.8554767646,47.615075153,0.0137134,0.739839,8,0.178125,0.158801,low,1.02363,3,0,0,1,1,circularity=0.740<0.8,0,,stage_S0M_MORPH.csv
tile_RA145.381_DECp47.333:1742,tile_RA145.381_DECp47.333,1742,144.9968686498,47.3990058609,0.00888735,0.802213,14.5,0.148438,0.11226,low,1.11624,2,0,1,0,1,elongation=1.116>1.1,0,,stage_S0M_MORPH.csv
tile_RA145.381_DECp48.333:455,tile_RA145.381_DECp48.333,455,144.7995376043,48.0414237905,0.046064,0.796495,9.5,0.0890625,0.234226,low,1.29056,1,0,1,1,1,elongation=1.291>1.1;circularity=0.796<0.8,0,,stage_S0M_MORPH.csv
tile_RA145.381_DECp48.333:1296,tile_RA145.381_DECp48.333,1296,145.2996200156,48.677125243,,0.739839,16,0.253906,0.155027,low,1.10089,0,0,1,1,1,elongation=1.101>1.1;circularity=0.740<0.8,0,,stage_S0M_MORPH.csv
tile_RA145.381_DECp48.333:1469,tile_RA145.381_DECp48.333,1469,144.7382588656,48.5936941875,0.08514,0.551631,7.5,0.178125,0.261861,low,1.29356,1,1,1,1,1,profile_diff=0.0851>0.05;elongation=1.294>1.1;circularity=0.552<0.8,0,,stage_S0M_MORPH.csv
tile_RA145.381_DECp48.333:1542,tile_RA145.381_DECp48.333,1542,144.7441852554,48.5593065594,0.0198979,0.478081,13,0.37221,0.21276,low,1.25969,2,0,1,1,1,elongation=1.260>1.1;circularity=0.478<0.8,0,,stage_S0M_MORPH.csv
tile_RA146.856_DECp45.333:1285,tile_RA146.856_DECp45.333,1285,146.8728148483,45.6183880643,0.0106871,0.739839,8,0.0890625,0.212758,low,1.1682,4,0,1,1,1,elongation=1.168>1.1;circularity=0.740<0.8,0,,stage_S0M_MORPH.csv
tile_RA146.856_DECp46.333:1043,tile_RA146.856_DECp46.333,1043,146.3453020205,46.2775299348,0.0101506,0.924799,10,0.127232,0.0627596,low,1.04683,1,0,0,0,0,,0,,stage_S0M_MORPH.csv
tile_RA146.856_DECp46.333:1688,tile_RA146.856_DECp46.333,1688,146.3484892317,46.2831463336,0.0176485,0.898353,7.5,0.142857,0.081912,low,1.03808,2,0,0,0,0,,0,,stage_S0M_MORPH.csv
tile_RA146.856_DECp48.333:52,tile_RA146.856_DECp48.333,52,146.6163397549,47.8660799276,,0.178163,17,0.914497,0.204894,low,1.1658,0,0,1,1,1,elongation=1.166>1.1;circularity=0.178<0.8,0,,stage_S0M_MORPH.csv
tile_RA146.856_DECp48.333:1270,tile_RA146.856_DECp48.333,1270,146.4807551752,48.2611665099,0.0461118,0.803114,11.5,0.539062,0.115983,low,1.27831,1,0,1,0,1,elongation=1.278>1.1,0,,stage_S0M_MORPH.csv
tile_RA146.856_DECp49.333:1077,tile_RA146.856_DECp49.333,1077,146.8167867256,49.2866313892,0.0483608,0.898353,7.5,0.253906,0.081912,low,1.0226,5,0,0,0,0,,0,,stage_S0M_MORPH.csv
tile_RA148.332_DECp46.333:924,tile_RA148.332_DECp46.333,924,148.2700550018,46.8061385471,0.0152298,0.38489,30.5,0.696615,0.203374,low,1.12935,3,0,1,1,1,elongation=1.129>1.1;circularity=0.385<0.8,0,,stage_S0M_MORPH.csv
tile_RA148.332_DECp46.333:977,tile_RA148.332_DECp46.333,977,148.0508489124,46.7762702172,0.0505075,0.49399,22,0.189453,0.224614,low,1.15953,1,1,1,1,1,profile_diff=0.0505>0.05;elongation=1.160>1.1;circularity=0.494<0.8,0,,stage_S0M_MORPH.csv
tile_RA148.332_DECp47.333:76,tile_RA148.332_DECp47.333,76,148.3918785124,46.8678261914,0.0187399,0.880337,10.5,,0.127754,low,1.07174,4,0,0,0,0,,0,,stage_S0M_MORPH.csv
tile_RA148.332_DECp47.333:920,tile_RA148.332_DECp47.333,920,148.5426941563,47.7274929529,0.0105467,0.871465,8.5,0.105469,0.0935766,low,1.23389,3,0,1,0,1,elongation=1.234>1.1,0,,stage_S0M_MORPH.csv
tile_RA148.332_DECp47.333:1544,tile_RA148.332_DECp47.333,1544,148.302659908,47.4898538925,,0.725531,9,0.178125,0.139939,low,1.09683,0,0,0,1,1,circularity=0.726<0.8,0,,stage_S0M_MORPH.csv
tile_RA148.332_DECp48.333:481,tile_RA148.332_DECp48.333,481,147.7538323742,48.0720241012,0.0372707,0.857372,8,0.535156,0.0457302,low,1.05908,1,0,0,0,0,,0,,stage_S0M_MORPH.csv
tile_RA148.332_DECp48.333:1017,tile_RA148.332_DECp48.333,1017,148.1428289664,48.7486373092,0.0445944,0.286142,21.5,0.855469,0.28779,low,1.18843,2,0,1,1,1,elongation=1.188>1.1;circularity=0.286<0.8,0,,stage_S0M_MORPH.csv
tile_RA148.332_DECp48.333:1232,tile_RA148.332_DECp48.333,1232,148.4735352164,48.2411032459,0.0094774,0.768939,7.5,0.0890625,0.1553,low,1.23123,4,0,1,1,1,elongation=1.231>1.1;circularity=0.769<0.8,0,,stage_S0M_MORPH.csv
tile_RA148.332_DECp48.333:1500,tile_RA148.332_DECp48.333,1500,148.4448670288,48.5845896742,0.0250145,0.440246,23.5,0.529297,0.181879,low,1.14813,5,0,1,1,1,elongation=1.148>1.1;circularity=0.440<0.8,0,,stage_S0M_MORPH.csv
tile_RA148.332_DECp48.333:1758,tile_RA148.332_DECp48.333,1758,148.4389142953,48.4575347952,0.0201399,0.525588,9.5,0.300781,0.197319,low,1.10888,3,0,1,1,1,elongation=1.109>1.1;circularity=0.526<0.8,0,,stage_S0M_MORPH.csv
tile_RA148.332_DECp48.333:2056,tile_RA148.332_DECp48.333,2056,148.2216576813,48.3217981458,0.0338067,0.24855,10,0.367969,0.247392,low,1.29295,4,0,1,1,1,elongation=1.293>1.1;circularity=0.249<0.8,0,,stage_S0M_MORPH.csv
tile_RA149.807_DECp47.333:298,tile_RA149.807_DECp47.333,298,150.0420583617,46.9654098014,0.0349131,0.772284,10.5,0.178125,0.139976,low,1.0234,3,0,0,1,1,circularity=0.772<0.8,0,,stage_S0M_MORPH.csv
tile_RA149.807_DECp47.333:408,tile_RA149.807_DECp47.333,408,149.2975274593,47.0358125847,0.0319664,0.498706,20.5,0.403809,0.225664,low,1.10344,3,0,1,1,1,elongation=1.103>1.1;circularity=0.499<0.8,0,,stage_S0M_MORPH.csv
tile_RA149.807_DECp47.333:1763,tile_RA149.807_DECp47.333,1763,149.2220594811,47.4037237707,0.0102871,0.796495,9.5,0.0890625,0.213686,low,1.07379,2,0,0,1,1,circularity=0.796<0.8,0,,stage_S0M_MORPH.csv
tile_RA152.296_DECp47.274:344,tile_RA152.296_DECp47.274,344,152.615713699,46.9986868171,0.0154045,0.12212,29,0.485677,0.256023,low,1.13412,3,0,1,1,1,elongation=1.134>1.1;circularity=0.122<0.8,0,,stage_S0M_MORPH.csv
tile_RA152.296_DECp47.274:941,tile_RA152.296_DECp47.274,941,151.8775720784,47.2042325314,0.0069029,0.839954,11,0.0890625,0.0720555,low,1.03743,2,0,0,0,0,,0,,stage_S0M_MORPH.csv
tile_RA152.296_DECp47.274:949,tile_RA152.296_DECp47.274,949,151.8819518147,47.2013368597,0.0173649,0.839954,11,0.0890625,0.0720555,low,1.01449,3,0,0,0,0,,0,,stage_S0M_MORPH.csv
tile_RA152.296_DECp47.274:1616,tile_RA152.296_DECp47.274,1616,151.7890839332,47.263935789,0.0498518,0.100655,130,1.15904,0.190714,high,1.22271,1,0,1,1,1,elongation=1.223>1.1;circularity=0.101<0.8,0,,stage_S0M_MORPH.csv
tile_RA153.769_DECp47.274:261,tile_RA153.769_DECp47.274,261,154.0068294888,46.934470762,0.0219556,0.898249,14.5,0.523872,0.060222,low,1.03821,3,0,0,0,0,,0,,stage_S0M_MORPH.csv
tile_RA153.769_DECp47.274:486,tile_RA153.769_DECp47.274,486,154.4169283713,47.070732558,,0.778573,13,0.0742188,0.175409,low,1.27522,0,0,1,1,1,elongation=1.275>1.1;circularity=0.779<0.8,0,,stage_S0M_MORPH.csv
tile_RA153.769_DECp47.274:804,tile_RA153.769_DECp47.274,804,153.3822212232,47.6838539327,0.0423226,0.387275,14,0.522321,0.250046,low,1.26144,1,0,1,1,1,elongation=1.261>1.1;circularity=0.387<0.8,0,,stage_S0M_MORPH.csv
tile_RA153.769_DECp47.274:809,tile_RA153.769_DECp47.274,809,153.9430889872,47.6853693742,0.0125505,0.772284,10.5,0.178125,0.19321,low,1.0954,1,0,0,1,1,circularity=0.772<0.8,0,,stage_S0M_MORPH.csv
tile_RA153.769_DECp47.274:924,tile_RA153.769_DECp47.274,924,153.9498192164,47.2303063764,0.0421289,0.345509,20,0.464453,0.22553,low,1.28423,3,0,1,1,1,elongation=1.284>1.1;circularity=0.346<0.8,0,,stage_S0M_MORPH.csv
tile_RA153.769_DECp48.274:194,tile_RA153.769_DECp48.274,194,154.0627717158,47.8842439908,,0.137953,198.5,1.41295,0.216858,high,1.21549,0,0,1,1,1,elongation=1.215>1.1;circularity=0.138<0.8,0,,stage_S0M_MORPH.csv
tile_RA155.243_DECp45.274:193,tile_RA155.243_DECp45.274,193,155.4859011413,44.8916523391,0.013766,0.785398,9,,0,low,1.05366,3,0,0,1,1,circularity=0.785<0.8,0,,stage_S0M_MORPH.csv
tile_RA155.243_DECp45.274:451,tile_RA155.243_DECp45.274,451,154.6145195055,45.0527651446,0.0137907,0.336883,40,0.539663,0.200152,low,1.00602,1,0,0,1,1,circularity=0.337<0.8,0,,stage_S0M_MORPH.csv
tile_RA155.243_DECp45.274:1473,tile_RA155.243_DECp45.274,1473,155.7633041313,45.3160007894,,0.482594,16.5,0.323103,0.20187,low,1.19646,0,0,1,1,1,elongation=1.196>1.1;circularity=0.483<0.8,0,,stage_S0M_MORPH.csv
tile_RA155.243_DECp45.274:1557,tile_RA155.243_DECp45.274,1557,155.1078259754,45.2700471931,0.0276473,0.54736,22.5,0.296875,0.15918,low,1.17056,2,0,1,1,1,elongation=1.171>1.1;circularity=0.547<0.8,0,,stage_S0M_MORPH.csv
tile_RA155.243_DECp46.274:300,tile_RA155.243_DECp46.274,300,155.648647069,46.0161362821,0.0103891,0.808518,12,0.178125,0.142448,low,1.0092,1,0,0,0,0,,0,,stage_S0M_MORPH.csv
tile_RA155.243_DECp46.274:349,tile_RA155.243_DECp46.274,349,155.7114175413,46.0459634711,0.0112993,0.772284,10.5,0.178125,0.203065,low,1.1095,1,0,1,1,1,elongation=1.110>1.1;circularity=0.772<0.8,0,,stage_S0M_MORPH.csv
tile_RA155.243_DECp46.274:554,tile_RA155.243_DECp46.274,554,155.3827928742,46.7354752514,0.102344,0.809219,25.5,0.206473,0.106815,low,1.29526,1,1,1,0,1,profile_diff=0.1023>0.05;elongation=1.295>1.1,0,,stage_S0M_MORPH.csv
tile_RA155.243_DECp46.274:758,tile_RA155.243_DECp46.274,758,155.5428980796,46.2151504659,0.0108072,0.774353,12.5,0.0890625,0.111159,low,1.07389,1,0,0,1,1,circularity=0.774<0.8,0,,stage_S0M_MORPH.csv
tile_RA155.243_DECp47.274:843,tile_RA155.243_DECp47.274,843,155.6499397385,47.189815498,0.0167377,0.808518,12,0.0890625,0.217301,low,1.14007,1,0,1,0,1,elongation=1.140>1.1,0,,stage_S0M_MORPH.csv
tile_RA155.243_DECp48.274:996,tile_RA155.243_DECp48.274,996,155.0501774907,48.6333395178,,0.857372,8,0.274339,0.0457302,low,1.098,0,0,0,0,0,,0,,stage_S0M_MORPH.csv
tile_RA155.243_DECp48.274:1301,tile_RA155.243_DECp48.274,1301,154.6322561277,48.4551265142,0.0119694,0.741142,11,0.178125,0.231778,low,1.22258,1,0,1,1,1,elongation=1.223>1.1;circularity=0.741<0.8,0,,stage_S0M_MORPH.csv
tile_RA155.243_DECp49.274:167,tile_RA155.243_DECp49.274,167,154.9881393283,48.8712099664,0.0187957,0.808518,12,0.0890625,0.11888,low,1.01884,2,0,0,0,0,,0,,stage_S0M_MORPH.csv
tile_RA156.717_DECp46.274:1077,tile_RA156.717_DECp46.274,1077,156.4194694725,46.3906503473,0.0123168,0.673765,10,0.35625,0.160537,low,1.12563,2,0,1,1,1,elongation=1.126>1.1;circularity=0.674<0.8,0,,stage_S0M_MORPH.csv
tile_RA156.717_DECp46.274:1274,tile_RA156.717_DECp46.274,1274,156.2610016192,46.2782192811,0.0162795,0.832319,9,0.757422,0.120492,low,1.25574,3,0,1,0,1,elongation=1.256>1.1,0,,stage_S0M_MORPH.csv
tile_RA156.717_DECp47.274:43,tile_RA156.717_DECp47.274,43,156.5562079076,46.8035389206,0.00668438,0.796495,9.5,0.0890625,0.124688,low,1.0832,3,0,0,1,1,circularity=0.796<0.8,0,,stage_S0M_MORPH.csv
tile_RA156.717_DECp47.274:776,tile_RA156.717_DECp47.274,776,157.1536812358,47.6465736023,0.0140464,0.839954,11,1.23103,0.0720555,low,1.27939,1,0,1,0,1,elongation=1.279>1.1,0,,stage_S0M_MORPH.csv
tile_RA156.717_DECp47.274:943,tile_RA156.717_DECp47.274,943,156.9216305217,47.1818051177,0.0744419,0.796495,9.5,0.0890625,0.213686,low,1.1833,2,1,1,1,1,profile_diff=0.0744>0.05;elongation=1.183>1.1;circularity=0.796<0.8,0,,stage_S0M_MORPH.csv
tile_RA158.191_DECp47.274:611,tile_RA158.191_DECp47.274,611,158.4469704614,47.1212679801,0.00759966,0.610876,8,0.145313,0.222639,low,1.23712,1,0,1,1,1,elongation=1.237>1.1;circularity=0.611<0.8,0,,stage_S0M_MORPH.csv
tile_RA16.104_DECp48.767:3057,tile_RA16.104_DECp48.767,3057,16.2544047528,48.6537472914,0.0171564,0.601119,13,0.389323,0.183642,low,1.08668,12,0,0,1,1,circularity=0.601<0.8,0,,stage_S0M_MORPH.csv
tile_RA16.104_DECp48.767:4485,tile_RA16.104_DECp48.767,4485,15.4936305421,48.8144611747,0.024966,0.796495,9.5,0.0890625,0.124688,low,1.0841,12,0,0,1,1,circularity=0.796<0.8,0,,stage_S0M_MORPH.csv
tile_RA17.622_DECp47.767:1764,tile_RA17.622_DECp47.767,1764,17.8547176722,47.5291022825,0.037014,0.183217,32.5,0.732143,0.259964,low,1.09837,10,0,0,1,1,circularity=0.183<0.8,0,,stage_S0M_MORPH.csv
tile_RA17.622_DECp48.767:1201,tile_RA17.622_DECp48.767,1201,18.1423687552,48.4407389606,0.0172109,0.484745,18.5,0.309462,0.293972,low,1.12057,10,0,1,1,1,elongation=1.121>1.1;circularity=0.485<0.8,0,,stage_S0M_MORPH.csv
tile_RA19.139_DECp46.767:2903,tile_RA19.139_DECp46.767,2903,18.9836929192,46.6991621289,0.136602,0.694365,26.5,0.291992,0.103052,low,1.27763,7,1,1,1,1,profile_diff=0.1366>0.05;elongation=1.278>1.1;circularity=0.694<0.8,0,,stage_S0M_MORPH.csv
tile_RA19.139_DECp46.767:3073,tile_RA19.139_DECp46.767,3073,18.9733169955,46.7237765283,0.0224547,0.508639,11,0.223307,0.255695,low,1.23297,13,0,1,1,1,elongation=1.233>1.1;circularity=0.509<0.8,0,,stage_S0M_MORPH.csv
tile_RA19.139_DECp46.767:4613,tile_RA19.139_DECp46.767,4613,18.9499512589,47.040667878,0.0117704,0.330979,9,0.114149,0.204957,low,1.01819,13,0,0,1,1,circularity=0.331<0.8,0,,stage_S0M_MORPH.csv
tile_RA19.139_DECp46.767:5203,tile_RA19.139_DECp46.767,5203,19.2817841826,46.9585179706,0.0233439,0.625254,14.5,0.253906,0.203165,low,1.26131,15,0,1,1,1,elongation=1.261>1.1;circularity=0.625<0.8,0,,stage_S0M_MORPH.csv
tile_RA19.139_DECp46.767:5582,tile_RA19.139_DECp46.767,5582,18.5785129928,46.9072668633,0.0203673,0.746888,13.5,0.222656,0.160638,low,1.10755,12,0,1,1,1,elongation=1.108>1.1;circularity=0.747<0.8,0,,stage_S0M_MORPH.csv
tile_RA19.139_DECp46.767:5665,tile_RA19.139_DECp46.767,5665,19.2411168371,46.8958520887,0.0522749,0.404259,24,0.239347,0.232968,low,1.1258,13,1,1,1,1,profile_diff=0.0523>0.05;elongation=1.126>1.1;circularity=0.404<0.8,0,,stage_S0M_MORPH.csv
tile_RA19.139_DECp47.767:3258,tile_RA19.139_DECp47.767,3258,19.4153961777,47.7355519836,0.0179039,0.30008,17.5,0.486545,0.287213,low,1.12634,7,0,1,1,1,elongation=1.126>1.1;circularity=0.300<0.8,0,,stage_S0M_MORPH.csv
tile_RA19.139_DECp48.767:1244,tile_RA19.139_DECp48.767,1244,18.6131161859,48.4373416242,0.035699,0.650456,10.5,0.234375,0.20574,low,1.19024,5,0,1,1,1,elongation=1.190>1.1;circularity=0.650<0.8,0,,stage_S0M_MORPH.csv
tile_RA19.139_DECp49.767:5296,tile_RA19.139_DECp49.767,5296,18.5987926531,49.9896810311,0.0305903,0.53554,15.5,0.246652,0.239346,low,1.1414,11,0,1,1,1,elongation=1.141>1.1;circularity=0.536<0.8,0,,stage_S0M_MORPH.csv
tile_RA19.139_DECp49.767:7520,tile_RA19.139_DECp49.767,7520,19.2499267153,50.0805499283,0.0176707,0.668375,15.5,0.233259,0.184234,low,1.13644,13,0,1,1,1,elongation=1.136>1.1;circularity=0.668<0.8,0,,stage_S0M_MORPH.csv
tile_RA20.656_DECp47.767:5826,tile_RA20.656_DECp47.767,5826,20.7176160251,47.8482699309,0.0143328,0.778573,13,0.148438,0.147483,low,1.06628,9,0,0,1,1,circularity=0.779<0.8,0,,stage_S0M_MORPH.csv
tile_RA22.173_DECp48.767:5476,tile_RA22.173_DECp48.767,5476,21.6496577996,48.9884816237,0.020126,0.498706,20.5,0.353027,0.231466,low,1.07802,17,0,0,1,1,circularity=0.499<0.8,0,,stage_S0M_MORPH.csv
tile_RA26.248_DECp47.722:2794,tile_RA26.248_DECp47.722,2794,26.5742570073,47.6514242047,0.0296858,0.763595,10,0.0890625,0.14883,low,1.23471,20,0,1,1,1,elongation=1.235>1.1;circularity=0.764<0.8,0,,stage_S0M_MORPH.csv
tile_RA26.248_DECp48.722:3798,tile_RA26.248_DECp48.722,3798,25.5564086224,48.7626453258,0.0307349,0.741142,11,0.178125,0.231778,low,1.11086,12,0,1,1,1,elongation=1.111>1.1;circularity=0.741<0.8,0,,stage_S0M_MORPH.csv
tile_RA27.764_DECp46.722:2914,tile_RA27.764_DECp46.722,2914,28.2526361785,46.6545344492,0.092588,0.642055,36.5,0.247396,0.196279,low,1.18515,9,1,1,1,1,profile_diff=0.0926>0.05;elongation=1.185>1.1;circularity=0.642<0.8,0,,stage_S0M_MORPH.csv
tile_RA27.764_DECp46.722:5106,tile_RA27.764_DECp46.722,5106,27.8112988099,46.9173716585,0.0233103,0.839954,11,0.105469,0.115105,low,1.10331,15,0,1,0,1,elongation=1.103>1.1,0,,stage_S0M_MORPH.csv
tile_RA27.764_DECp47.722:1738,tile_RA27.764_DECp47.722,1738,27.1296186022,47.4742484364,0.0181044,0.875895,13,0.0890625,0.116119,low,1.18519,7,0,1,0,1,elongation=1.185>1.1,0,,stage_S0M_MORPH.csv
tile_RA27.764_DECp49.722:985,tile_RA27.764_DECp49.722,985,27.3973779116,49.3486459858,0.0321936,0.836301,13.5,0.0890625,0.102504,low,1.09577,14,0,0,0,0,,0,,stage_S0M_MORPH.csv
tile_RA29.280_DECp47.722:3643,tile_RA29.280_DECp47.722,3643,28.8141523731,47.7531122593,0.0265213,0.210555,32.5,0.505301,0.239205,low,1.1915,19,0,1,1,1,elongation=1.192>1.1;circularity=0.211<0.8,0,,stage_S0M_MORPH.csv
tile_RA29.280_DECp48.722:732,tile_RA29.280_DECp48.722,732,29.088910524,48.3389152822,0.0149151,0.708294,20.5,0.272135,0.187191,low,1.17771,11,0,1,1,1,elongation=1.178>1.1;circularity=0.708<0.8,0,,stage_S0M_MORPH.csv
tile_RA29.280_DECp49.722:4774,tile_RA29.280_DECp49.722,4774,29.7057593931,49.8261017916,0.0446308,0.364942,11.5,0.370117,0.286698,low,1.19845,16,0,1,1,1,elongation=1.198>1.1;circularity=0.365<0.8,0,,stage_S0M_MORPH.csv
tile_RA29.280_DECp49.722:7105,tile_RA29.280_DECp49.722,7105,29.6232197244,50.0901697819,0.0239566,0.389287,13,0.434152,0.242222,low,1.23348,17,0,1,1,1,elongation=1.233>1.1;circularity=0.389<0.8,0,,stage_S0M_MORPH.csv
tile_RA3.390_DECp47.807:8541,tile_RA3.390_DECp47.807,8541,3.4310659917,48.0335709546,0.0429942,0.774353,12.5,0.0890625,0.111159,low,1.27367,15,0,1,1,1,elongation=1.274>1.1;circularity=0.774<0.8,0,,stage_S0M_MORPH.csv
tile_RA3.390_DECp48.807:1135,tile_RA3.390_DECp48.807,1135,3.1942891727,48.4277396693,0.0205258,0.53554,15.5,0.323103,0.206622,low,1.03,24,0,0,1,1,circularity=0.536<0.8,0,,stage_S0M_MORPH.csv
tile_RA3.390_DECp48.807:2735,tile_RA3.390_DECp48.807,2735,3.1001178794,48.5875855598,0.0253309,0.819855,8.5,1.61998,0.124744,low,1.03455,18,0,0,0,0,,0,,stage_S0M_MORPH.csv
tile_RA303.213_DECp54.457:3374,tile_RA303.213_DECp54.457,3374,303.916132056,54.2411477378,0.0427738,0.0573697,19.5,1.04632,0.223674,low,1.24858,27,0,1,1,1,elongation=1.249>1.1;circularity=0.057<0.8,0,,stage_S0M_MORPH.csv
tile_RA303.213_DECp54.457:10419,tile_RA303.213_DECp54.457,10419,302.6370016276,54.8115976747,0.0288326,0.712654,8.5,0.178125,0.154504,low,1.13188,10,0,1,1,1,elongation=1.132>1.1;circularity=0.713<0.8,0,,stage_S0M_MORPH.csv
tile_RA303.213_DECp55.457:323,tile_RA303.213_DECp55.457,323,303.2827220655,54.9868745203,0.0184616,0.598902,10,0.240885,0.197071,low,1.11345,4,0,1,1,1,elongation=1.113>1.1;circularity=0.599<0.8,0,,stage_S0M_MORPH.csv
tile_RA303.213_DECp55.457:4733,tile_RA303.213_DECp55.457,4733,303.1188487556,55.3798630051,0.0195082,0.419232,14,0.448103,0.281683,low,1.1276,17,0,1,1,1,elongation=1.128>1.1;circularity=0.419<0.8,0,,stage_S0M_MORPH.csv
tile_RA303.213_DECp55.457:5867,tile_RA303.213_DECp55.457,5867,302.6717860508,55.4694179731,0.0491351,0.551631,15,0.228795,0.285253,low,1.21789,25,0,1,1,1,elongation=1.218>1.1;circularity=0.552<0.8,0,,stage_S0M_MORPH.csv
tile_RA303.213_DECp55.457:9937,tile_RA303.213_DECp55.457,9937,302.8216188487,55.866249272,0.0246505,0.819855,8.5,1.07087,0.124744,low,1.14011,21,0,1,0,1,elongation=1.140>1.1,0,,stage_S0M_MORPH.csv
tile_RA303.213_DECp55.457:10452,tile_RA303.213_DECp55.457,10452,302.9060961242,55.8221952474,0.0230554,0.898353,7.5,0.309896,0.081912,low,1.0346,28,0,0,0,0,,0,,stage_S0M_MORPH.csv
tile_RA303.213_DECp55.457:11045,tile_RA303.213_DECp55.457,11045,302.9195830688,55.7653636123,0.0278377,0.615152,12,0.226562,0.238923,low,1.14437,21,0,1,1,1,elongation=1.144>1.1;circularity=0.615<0.8,0,,stage_S0M_MORPH.csv
tile_RA304.933_DECp52.457:7161,tile_RA304.933_DECp52.457,7161,304.466948423,52.3293828268,0.0408989,0.839954,11,0.632457,0.0720555,low,1.14961,39,0,1,0,1,elongation=1.150>1.1,0,,stage_S0M_MORPH.csv
tile_RA304.933_DECp52.457:7493,tile_RA304.933_DECp52.457,7493,305.4334886776,52.350424586,0.022218,0.832319,9,0.0890625,0.140237,low,1.15217,27,0,1,0,1,elongation=1.152>1.1,0,,stage_S0M_MORPH.csv
tile_RA304.933_DECp52.457:9864,tile_RA304.933_DECp52.457,9864,304.8235784931,52.4838984236,0.0434999,0.523612,16.5,0.293945,0.225463,low,1.0741,38,0,0,1,1,circularity=0.524<0.8,0,,stage_S0M_MORPH.csv
tile_RA304.933_DECp55.457:6682,tile_RA304.933_DECp55.457,6682,304.9781438583,55.4656736109,0.0322423,0.857372,8,,0.0457302,low,1.25096,26,0,1,0,1,elongation=1.251>1.1,0,,stage_S0M_MORPH.csv
tile_RA304.933_DECp55.457:11610,tile_RA304.933_DECp55.457,11610,305.28573189,55.7558705975,0.0305619,0.796495,9.5,0.0890625,0.150222,low,1.25306,20,0,1,1,1,elongation=1.253>1.1;circularity=0.796<0.8,0,,stage_S0M_MORPH.csv
tile_RA304.933_DECp56.457:2702,tile_RA304.933_DECp56.457,2702,305.2104027043,56.1314907094,0.0333625,0.159436,134,0.998326,0.209887,high,1.24711,41,0,1,1,1,elongation=1.247>1.1;circularity=0.159<0.8,0,,stage_S0M_MORPH.csv
tile_RA306.653_DECp55.457:9569,tile_RA306.653_DECp55.457,9569,306.7709080941,55.5682460494,0.0275671,0.857372,8,0.257812,0.0457302,low,1.08226,24,0,0,0,0,,0,,stage_S0M_MORPH.csv
tile_RA306.653_DECp55.457:10311,tile_RA306.653_DECp55.457,10311,306.5289957374,55.6215406875,0.034227,0.800106,14,0.0890625,0.111982,low,1.11947,29,0,1,0,1,elongation=1.119>1.1,0,,stage_S0M_MORPH.csv
tile_RA308.374_DECp54.457:9551,tile_RA308.374_DECp54.457,9551,309.1441626069,54.4498647619,0.0374089,0.41183,21,0.287891,0.255542,low,1.18415,34,0,1,1,1,elongation=1.184>1.1;circularity=0.412<0.8,0,,stage_S0M_MORPH.csv
tile_RA308.374_DECp54.457:10528,tile_RA308.374_DECp54.457,10528,307.5557126598,54.5408682103,0.0479457,0.625182,8.5,0.215625,0.237409,low,1.07185,18,0,0,1,1,circularity=0.625<0.8,0,,stage_S0M_MORPH.csv
tile_RA311.100_DECp54.561:14341,tile_RA311.100_DECp54.561,14341,311.6918327728,54.7574675109,0.0258018,0.539012,9,0.259115,0.225143,low,1.07136,38,0,0,1,1,circularity=0.539<0.8,0,,stage_S0M_MORPH.csv
tile_RA311.100_DECp54.561:17479,tile_RA311.100_DECp54.561,17479,310.5333243828,54.872077148,0.0903695,0.765838,19,0.0636161,0.096354,low,1.12856,43,1,1,1,1,profile_diff=0.0904>0.05;elongation=1.129>1.1;circularity=0.766<0.8,0,,stage_S0M_MORPH.csv
tile_RA312.825_DECp53.561:8059,tile_RA312.825_DECp53.561,8059,312.5812237828,53.6844923627,0.0206144,0.857538,15.5,0.0742188,0.0864858,low,1.11029,21,0,1,0,1,elongation=1.110>1.1,0,,stage_S0M_MORPH.csv
tile_RA312.825_DECp54.561:3542,tile_RA312.825_DECp54.561,3542,313.2222042745,54.2596539105,0.036675,0.0645245,179,1.40272,0.204171,high,1.25719,33,0,1,1,1,elongation=1.257>1.1;circularity=0.065<0.8,0,,stage_S0M_MORPH.csv
tile_RA312.825_DECp54.561:7030,tile_RA312.825_DECp54.561,7030,313.1014358158,54.4424192696,0.0390855,0.875895,13,0.0890625,0.116119,low,1.17203,25,0,1,0,1,elongation=1.172>1.1,0,,stage_S0M_MORPH.csv
tile_RA312.825_DECp55.561:5468,tile_RA312.825_DECp55.561,5468,313.6304206224,55.5597888272,0.041239,0.372608,19,0.423177,0.309118,low,1.1449,16,0,1,1,1,elongation=1.145>1.1;circularity=0.373<0.8,0,,stage_S0M_MORPH.csv
tile_RA314.550_DECp52.561:226,tile_RA314.550_DECp52.561,226,314.5952509227,52.0974908432,0.0174581,0.410101,8,0.309896,0.200102,low,1.06926,12,0,0,1,1,circularity=0.410<0.8,0,,stage_S0M_MORPH.csv
tile_RA314.550_DECp52.561:1127,tile_RA314.550_DECp52.561,1127,314.029535784,52.2197358094,0.0188121,0.372825,15,0.390137,0.281103,low,1.13901,18,0,1,1,1,elongation=1.139>1.1;circularity=0.373<0.8,0,,stage_S0M_MORPH.csv
tile_RA314.550_DECp52.561:2337,tile_RA314.550_DECp52.561,2337,314.7738688414,52.4865204527,0.0177987,0.857372,8,1.12788,0.0457302,low,1.13467,3,0,1,0,1,elongation=1.135>1.1,0,,stage_S0M_MORPH.csv
tile_RA314.550_DECp52.561:3903,tile_RA314.550_DECp52.561,3903,315.1464347219,52.8669076882,0.0320389,0.130235,71,0.993566,0.26975,low,1.2824,17,0,1,1,1,elongation=1.282>1.1;circularity=0.130<0.8,0,,stage_S0M_MORPH.csv
tile_RA314.550_DECp52.561:4127,tile_RA314.550_DECp52.561,4127,314.6209013562,52.8076030491,0.0103057,0.443734,10,0.328776,0.305086,low,1.25464,9,0,1,1,1,elongation=1.255>1.1;circularity=0.444<0.8,0,,stage_S0M_MORPH.csv
tile_RA314.550_DECp52.561:4989,tile_RA314.550_DECp52.561,4989,314.5889479678,52.6619323889,0.0189354,0.328234,9.5,0.667969,0.273235,low,1.09179,7,0,0,1,1,circularity=0.328<0.8,0,,stage_S0M_MORPH.csv
tile_RA314.550_DECp52.561:5644,tile_RA314.550_DECp52.561,5644,314.6207771124,53.0124182405,0.0295486,0.410101,8,0.272135,0.277646,low,1.21426,19,0,1,1,1,elongation=1.214>1.1;circularity=0.410<0.8,0,,stage_S0M_MORPH.csv
tile_RA314.550_DECp54.561:2193,tile_RA314.550_DECp54.561,2193,314.9237029961,54.2492726462,0.0247491,0.0910184,11,1.37914,0.274639,low,1.14601,23,0,1,1,1,elongation=1.146>1.1;circularity=0.091<0.8,0,,stage_S0M_MORPH.csv
tile_RA314.550_DECp55.561:2500,tile_RA314.550_DECp55.561,2500,314.9307877187,55.2861356509,0.0189652,0.367885,354.5,0.571429,0.174554,high,1.11471,13,0,1,1,1,elongation=1.115>1.1;circularity=0.368<0.8,0,,stage_S0M_MORPH.csv
tile_RA314.550_DECp55.561:4673,tile_RA314.550_DECp55.561,4673,315.2973450989,55.5195373715,0.0305137,0.55288,8.5,0.166667,0.204924,low,1.10645,11,0,1,1,1,elongation=1.106>1.1;circularity=0.553<0.8,0,,stage_S0M_MORPH.csv
tile_RA314.550_DECp55.561:6981,tile_RA314.550_DECp55.561,6981,315.2899484064,55.8010982756,0.0158594,0.898353,7.5,1.8378,0.081912,low,1.02057,8,0,0,0,0,,0,,stage_S0M_MORPH.csv
tile_RA314.550_DECp56.561:6766,tile_RA314.550_DECp56.561,6766,314.1689790593,56.5379304143,0.0635936,0.240507,20.5,0.625868,0.274802,low,1.10537,26,1,1,1,1,profile_diff=0.0636>0.05;elongation=1.105>1.1;circularity=0.241<0.8,0,,stage_S0M_MORPH.csv
tile_RA314.550_DECp56.561:8443,tile_RA314.550_DECp56.561,8443,315.0897040556,56.6520630065,0.0327255,0.712654,8.5,0.178125,0.207411,low,1.17221,33,0,1,1,1,elongation=1.172>1.1;circularity=0.713<0.8,0,,stage_S0M_MORPH.csv
tile_RA314.550_DECp56.561:9107,tile_RA314.550_DECp56.561,9107,313.7051526755,56.6928790445,0.0189289,0.768939,7.5,0.0890625,0.253413,low,1.24666,15,0,1,1,1,elongation=1.247>1.1;circularity=0.769<0.8,0,,stage_S0M_MORPH.csv
tile_RA314.550_DECp56.561:9830,tile_RA314.550_DECp56.561,9830,315.1198561788,56.7524285799,0.0610623,0.306188,45.5,0.542368,0.290299,low,1.20636,29,1,1,1,1,profile_diff=0.0611>0.05;elongation=1.206>1.1;circularity=0.306<0.8,0,,stage_S0M_MORPH.csv
tile_RA316.274_DECp53.561:2901,tile_RA316.274_DECp53.561,2901,317.103795453,53.590336388,0.0369079,0.898353,7.5,0.293837,0.081912,low,1.05676,15,0,0,0,0,,0,,stage_S0M_MORPH.csv
tile_RA317.999_DECp54.561:9420,tile_RA317.999_DECp54.561,9420,318.2331283013,55.0268731626,0.0208615,0.369919,8,0.334263,0.312942,low,1.24519,15,0,1,1,1,elongation=1.245>1.1;circularity=0.370<0.8,0,,stage_S0M_MORPH.csv
tile_RA33.352_DECp48.660:10352,tile_RA33.352_DECp48.660,10352,33.6035161791,49.0454681705,0.0292379,0.839954,11,0.179688,0,low,1.18382,13,0,1,0,1,elongation=1.184>1.1,0,,stage_S0M_MORPH.csv
tile_RA34.866_DECp47.660:6684,tile_RA34.866_DECp47.660,6684,35.5199845698,47.8174499314,0.0329286,0.839954,11,0.460449,0.0720555,low,1.02253,20,0,0,0,0,,0,,stage_S0M_MORPH.csv
tile_RA34.866_DECp49.660:4723,tile_RA34.866_DECp49.660,4723,35.4087135487,49.5637853474,0.0282205,0.839954,11,0.0890625,0,low,1.01201,16,0,0,0,0,,0,,stage_S0M_MORPH.csv
tile_RA341.789_DECp53.771:6963,tile_RA341.789_DECp53.771,6963,342.0173912314,53.5858175793,0.0296165,0.525588,9.5,0.206473,0.203936,low,1.083,27,0,0,1,1,circularity=0.526<0.8,0,,stage_S0M_MORPH.csv
tile_RA341.789_DECp54.771:4592,tile_RA341.789_DECp54.771,4592,341.8680720039,54.4946760207,0.0289,0.658793,11,0.179688,0.251115,low,1.12433,32,0,1,1,1,elongation=1.124>1.1;circularity=0.659<0.8,0,,stage_S0M_MORPH.csv
tile_RA341.789_DECp55.771:1715,tile_RA341.789_DECp55.771,1715,341.8596329917,55.350397007,0.0749111,0.41183,21,0.285156,0.296852,low,1.14889,29,1,1,1,1,profile_diff=0.0749>0.05;elongation=1.149>1.1;circularity=0.412<0.8,0,,stage_S0M_MORPH.csv
tile_RA343.523_DECp52.771:14730,tile_RA343.523_DECp52.771,14730,343.5760977198,53.0050299061,0.0298959,0.691563,12.5,0.296875,0.154495,low,1.11533,62,0,1,1,1,elongation=1.115>1.1;circularity=0.692<0.8,0,,stage_S0M_MORPH.csv
tile_RA345.257_DECp53.771:5939,tile_RA345.257_DECp53.771,5939,345.9358445181,53.5754170872,0.472804,0.466976,135.5,0.303168,0.237665,high,1.05842,19,1,0,1,1,profile_diff=0.4728>0.05;circularity=0.467<0.8,0,,stage_S0M_MORPH.csv
tile_RA345.257_DECp54.771:15625,tile_RA345.257_DECp54.771,15625,345.1563602842,54.9635111257,0.0944496,0.268881,9.5,0.276476,0.227814,low,1.12377,26,1,1,1,1,profile_diff=0.0944>0.05;elongation=1.124>1.1;circularity=0.269<0.8,0,,stage_S0M_MORPH.csv
tile_RA345.257_DECp54.771:19690,tile_RA345.257_DECp54.771,19690,345.4402485665,55.2317365361,0.0357361,0.839954,11,0.25,0,low,1.13702,25,0,1,0,1,elongation=1.137>1.1,0,,stage_S0M_MORPH.csv
tile_RA346.990_DECp54.771:3524,tile_RA346.990_DECp54.771,3524,346.335553185,54.4459843407,0.0356604,0.845835,11.5,0.0890625,0.120161,low,1.07615,19,0,0,0,0,,0,,stage_S0M_MORPH.csv
tile_RA354.942_DECp53.800:3336,tile_RA354.942_DECp53.800,3336,355.5945638827,53.4877752039,0.0318139,0.846452,21,0.238802,0.0703814,low,1.12403,16,0,1,0,1,elongation=1.124>1.1,0,,stage_S0M_MORPH.csv
tile_RA356.676_DECp54.800:4230,tile_RA356.676_DECp54.800,4230,356.8861154542,54.5271311364,0.0358843,0.539012,8,0.271875,0.237712,low,1.04894,28,0,0,1,1,circularity=0.539<0.8,0,,stage_S0M_MORPH.csv
tile_RA356.676_DECp54.800:4351,tile_RA356.676_DECp54.800,4351,356.3657331295,54.5472827871,0.022102,0.736324,19.5,0.0742188,0.205778,low,1.0443,33,0,0,1,1,circularity=0.736<0.8,0,,stage_S0M_MORPH.csv
tile_RA356.676_DECp54.800:17392,tile_RA356.676_DECp54.800,17392,356.3137220032,55.1819339154,0.0903645,0.819783,15.5,0.142904,0.102596,low,1.0118,26,1,0,0,1,profile_diff=0.0904>0.05,0,,stage_S0M_MORPH.csv
tile_RA36.380_DECp47.660:7921,tile_RA36.380_DECp47.660,7921,36.3351094658,47.9805573783,0.0230007,0.796495,9.5,0.0890625,0.213686,low,1.18013,18,0,1,1,1,elongation=1.180>1.1;circularity=0.796<0.8,0,,stage_S0M_MORPH.csv
tile_RA37.893_DECp49.660:4855,tile_RA37.893_DECp49.660,4855,38.3777675514,49.5394854472,0.0270627,0.741142,11,0.178125,0.238089,low,1.24705,26,0,1,1,1,elongation=1.247>1.1;circularity=0.741<0.8,0,,stage_S0M_MORPH.csv
tile_RA39.407_DECp48.660:9258,tile_RA39.407_DECp48.660,9258,39.8773247217,48.8883724048,0.0268152,0.845835,11.5,0.346354,0.129463,low,1.12901,19,0,1,0,1,elongation=1.129>1.1,0,,stage_S0M_MORPH.csv
tile_RA41.960_DECp48.583:3036,tile_RA41.960_DECp48.583,3036,41.8646411295,48.313945665,0.0285273,0.723401,7.5,0.199707,0.142448,low,1.28728,27,0,1,1,1,elongation=1.287>1.1;circularity=0.723<0.8,0,,stage_S0M_MORPH.csv
tile_RA41.960_DECp48.583:11907,tile_RA41.960_DECp48.583,11907,41.8169242365,48.8655622336,0.112897,0.389546,16.5,0.201563,0.278979,low,1.13644,15,1,1,1,1,profile_diff=0.1129>0.05;elongation=1.136>1.1;circularity=0.390<0.8,0,,stage_S0M_MORPH.csv
tile_RA43.471_DECp47.583:3680,tile_RA43.471_DECp47.583,3680,43.4182755688,47.4185689396,0.0261195,0.682969,10.5,0.148438,0.176165,low,1.16011,15,0,1,1,1,elongation=1.160>1.1;circularity=0.683<0.8,0,,stage_S0M_MORPH.csv
tile_RA43.471_DECp47.583:5269,tile_RA43.471_DECp47.583,5269,43.6490649339,47.5590161445,0.025487,0.774353,12.5,0.0742188,0.125878,low,1.12323,17,0,1,1,1,elongation=1.123>1.1;circularity=0.774<0.8,0,,stage_S0M_MORPH.csv
tile_RA44.983_DECp46.583:7768,tile_RA44.983_DECp46.583,7768,44.4911437721,46.8108747682,0.0364513,0.875895,13,1.33352,0.0456456,low,1.0932,20,0,0,0,0,,0,,stage_S0M_MORPH.csv
tile_RA46.495_DECp47.583:6233,tile_RA46.495_DECp47.583,6233,46.9356028068,47.6518429319,0.037469,0.10317,49,1.05124,0.251913,low,1.0241,23,0,0,1,1,circularity=0.103<0.8,0,,stage_S0M_MORPH.csv
tile_RA46.495_DECp47.583:8584,tile_RA46.495_DECp47.583,8584,45.928874597,47.8558340062,0.0358654,0.919386,12.5,1,0.0457123,low,1.03144,15,0,0,0,0,,0,,stage_S0M_MORPH.csv
tile_RA46.495_DECp48.583:9270,tile_RA46.495_DECp48.583,9270,46.628373111,49.0553883483,0.0290887,0.763595,10,0.0890625,0.127754,low,1.23346,16,0,1,1,1,elongation=1.233>1.1;circularity=0.764<0.8,0,,stage_S0M_MORPH.csv
tile_RA48.006_DECp48.583:10786,tile_RA48.006_DECp48.583,10786,48.2993819982,48.900973467,0.0172313,0.17355,43,0.356618,0.265921,low,1.2715,25,0,1,1,1,elongation=1.272>1.1;circularity=0.174<0.8,0,,stage_S0M_MORPH.csv
tile_RA50.554_DECp48.494:4566,tile_RA50.554_DECp48.494,4566,50.8531028778,48.424731527,0.0269199,0.88676,22,0.0742188,0.0896638,low,1.15904,19,0,1,0,1,elongation=1.159>1.1,0,,stage_S0M_MORPH.csv
tile_RA50.554_DECp48.494:5470,tile_RA50.554_DECp48.494,5470,50.3606679426,48.4882522671,0.0183068,0.796495,9.5,0.0890625,0.124688,low,1.03003,16,0,0,1,1,circularity=0.796<0.8,0,,stage_S0M_MORPH.csv
tile_RA50.554_DECp48.494:6780,tile_RA50.554_DECp48.494,6780,51.271622784,48.6260079981,0.0277421,0.796495,9.5,0.0890625,0.124688,low,1.15291,6,0,1,1,1,elongation=1.153>1.1;circularity=0.796<0.8,0,,stage_S0M_MORPH.csv
tile_RA50.554_DECp48.494:10796,tile_RA50.554_DECp48.494,10796,50.0822532059,48.8382452641,0.0593138,0.3751,14,0.272569,0.343951,low,1.25657,28,1,1,1,1,profile_diff=0.0593>0.05;elongation=1.257>1.1;circularity=0.375<0.8,0,,stage_S0M_MORPH.csv
tile_RA52.063_DECp48.494:11833,tile_RA52.063_DECp48.494,11833,52.3512620307,48.7701171742,0.0239334,0.808518,12,0.0890625,0.127524,low,1.12406,21,0,1,0,1,elongation=1.124>1.1,0,,stage_S0M_MORPH.csv
tile_RA53.572_DECp46.494:3485,tile_RA53.572_DECp46.494,3485,53.1166026051,46.3018811976,0.0227724,0.832319,9,0.0890625,0.140237,low,1.17271,34,0,1,0,1,elongation=1.173>1.1,0,,stage_S0M_MORPH.csv
tile_RA53.572_DECp46.494:3661,tile_RA53.572_DECp46.494,3661,53.0359722585,46.3185973586,0.0193713,0.673765,10,0.222656,0.166792,low,1.22647,18,0,1,1,1,elongation=1.226>1.1;circularity=0.674<0.8,0,,stage_S0M_MORPH.csv
tile_RA53.572_DECp47.494:3600,tile_RA53.572_DECp47.494,3600,53.8338961259,47.3107486038,0.0316126,0.512626,10,0.0859375,0.131053,low,1.05154,19,0,0,1,1,circularity=0.513<0.8,0,,stage_S0M_MORPH.csv
tile_RA53.572_DECp49.494:9319,tile_RA53.572_DECp49.494,9319,53.9330651888,49.6688789226,0.0361448,0.819855,8.5,0.552409,0.124744,low,1.17789,19,0,1,0,1,elongation=1.178>1.1,0,,stage_S0M_MORPH.csv
tile_RA53.572_DECp50.494:5596,tile_RA53.572_DECp50.494,5596,53.1738982518,50.3918625844,0.0453377,0.615152,12,0.142857,0.220294,low,1.15952,39,0,1,1,1,elongation=1.160>1.1;circularity=0.615<0.8,0,,stage_S0M_MORPH.csv
tile_RA55.081_DECp48.494:1039,tile_RA55.081_DECp48.494,1039,55.0539609379,48.0703576358,0.0272631,0.768939,7.5,0.428571,0.125593,low,1.0089,31,0,0,1,1,circularity=0.769<0.8,0,,stage_S0M_MORPH.csv
tile_RA55.081_DECp48.494:11365,tile_RA55.081_DECp48.494,11365,55.4363331579,48.8281384637,0.017143,0.839954,11,0.370117,0,low,1.25301,19,0,1,0,1,elongation=1.253>1.1,0,,stage_S0M_MORPH.csv
tile_RA55.081_DECp49.494:2453,tile_RA55.081_DECp49.494,2453,54.7457619821,49.155518738,0.032412,0.741142,11,0.267188,0.152417,low,1.02737,32,0,0,1,1,circularity=0.741<0.8,0,,stage_S0M_MORPH.csv
tile_RA56.590_DECp48.494:9681,tile_RA56.590_DECp48.494,9681,56.6819250052,48.7074147664,0.0258874,0.796495,9.5,0.0890625,0.150222,low,1.07422,13,0,0,1,1,circularity=0.796<0.8,0,,stage_S0M_MORPH.csv
tile_RA56.590_DECp48.494:10495,tile_RA56.590_DECp48.494,10495,56.2872496491,48.8763761771,0.031666,0.785398,9,1.27883,0,low,1.18204,19,0,1,1,1,elongation=1.182>1.1;circularity=0.785<0.8,0,,stage_S0M_MORPH.csv
tile_RA59.133_DECp48.394:1919,tile_RA59.133_DECp48.394,1919,58.7871066049,48.0279982508,0.0306293,0.871465,17,0.0742188,0.111542,low,1.14338,21,0,1,0,1,elongation=1.143>1.1,0,,stage_S0M_MORPH.csv
tile_RA60.639_DECp47.394:6940,tile_RA60.639_DECp47.394,6940,60.9604540402,47.4143347179,0.0740655,0.806644,28.5,0.0556641,0.154526,low,1.06774,27,1,0,0,1,profile_diff=0.0741>0.05,0,,stage_S0M_MORPH.csv
tile_RA60.639_DECp48.394:4993,tile_RA60.639_DECp48.394,4993,60.7707357776,48.3279783042,0.0431673,0.58708,18.5,0.180664,0.237431,low,1.1353,26,0,1,1,1,elongation=1.135>1.1;circularity=0.587<0.8,0,,stage_S0M_MORPH.csv
tile_RA60.639_DECp48.394:5883,tile_RA60.639_DECp48.394,5883,60.744579542,48.4078450778,0.017118,0.808518,12,0.178125,0.150104,low,1.1019,22,0,1,0,1,elongation=1.102>1.1,0,,stage_S0M_MORPH.csv
tile_RA60.639_DECp48.394:10354,tile_RA60.639_DECp48.394,10354,60.1882795676,48.779984302,0.0967419,0.796495,9.5,0.444957,0.0497653,low,1.29681,10,1,1,1,1,profile_diff=0.0967>0.05;elongation=1.297>1.1;circularity=0.796<0.8,0,,stage_S0M_MORPH.csv
tile_RA60.639_DECp49.394:4564,tile_RA60.639_DECp49.394,4564,60.6774237856,49.2815476152,0.0201814,0.875895,13,0.898996,0.0983378,low,1.07158,18,0,0,0,0,,0,,stage_S0M_MORPH.csv
tile_RA62.145_DECp46.394:6153,tile_RA62.145_DECp46.394,6153,61.4737700626,46.4002275463,0.0678305,0.389287,13,0.172743,0.176713,low,1.11448,23,1,1,1,1,profile_diff=0.0678>0.05;elongation=1.114>1.1;circularity=0.389<0.8,0,,stage_S0M_MORPH.csv
tile_RA62.145_DECp46.394:11957,tile_RA62.145_DECp46.394,11957,62.3027809985,46.6708874977,0.0304919,0.140972,11,0.206473,0.251004,low,1.12455,21,0,1,1,1,elongation=1.125>1.1;circularity=0.141<0.8,0,,stage_S0M_MORPH.csv
tile_RA62.145_DECp47.394:161,tile_RA62.145_DECp47.394,161,61.982357469,46.9077776347,0.0260646,0.763595,10,0.333333,0.15782,low,1.17339,11,0,1,1,1,elongation=1.173>1.1;circularity=0.764<0.8,0,,stage_S0M_MORPH.csv
tile_RA62.145_DECp47.394:7107,tile_RA62.145_DECp47.394,7107,61.8788667825,47.4728039678,0.0143813,0.763595,10,0.0890625,0.127754,low,1.09097,14,0,0,1,1,circularity=0.764<0.8,0,,stage_S0M_MORPH.csv
tile_RA62.145_DECp49.394:1315,tile_RA62.145_DECp49.394,1315,62.3731820292,49.0191731358,0.0556311,0.754617,17.5,0.127232,0.114547,low,1.14332,18,1,1,1,1,profile_diff=0.0556>0.05;elongation=1.143>1.1;circularity=0.755<0.8,0,,stage_S0M_MORPH.csv
tile_RA62.145_DECp50.394:3427,tile_RA62.145_DECp50.394,3427,62.7379494908,50.2444311748,0.0558078,0.898249,14.5,0.333333,0.0602219,low,1.29906,17,1,1,0,1,profile_diff=0.0558>0.05;elongation=1.299>1.1,0,,stage_S0M_MORPH.csv
tile_RA62.145_DECp50.394:3840,tile_RA62.145_DECp50.394,3840,61.6204699467,50.2887129016,0.0448141,0.880337,10.5,0.296875,0.127754,low,1.1715,12,0,1,0,1,elongation=1.171>1.1,0,,stage_S0M_MORPH.csv
tile_RA65.157_DECp48.394:3298,tile_RA65.157_DECp48.394,3298,65.0632026778,48.1631673638,0.017844,0.33195,24,0.417259,0.255026,low,1.25264,28,0,1,1,1,elongation=1.253>1.1;circularity=0.332<0.8,0,,stage_S0M_MORPH.csv
tile_RA65.157_DECp48.394:5362,tile_RA65.157_DECp48.394,5362,65.2340773483,48.3384477264,0.0338393,0.875895,13,1.70926,0.0983378,low,1.19745,25,0,1,0,1,elongation=1.197>1.1,0,,stage_S0M_MORPH.csv
tile_RA69.197_DECp47.285:5972,tile_RA69.197_DECp47.285,5972,69.5442091835,47.4036944326,0.0327245,0.741142,11,0.215625,0.192883,low,1.14023,14,0,1,1,1,elongation=1.140>1.1;circularity=0.741<0.8,0,,stage_S0M_MORPH.csv
tile_RA69.197_DECp47.285:6717,tile_RA69.197_DECp47.285,6717,68.8151558492,47.4595766722,0.0442624,0.88398,20.5,0.0890625,0.073546,low,1.05827,18,0,0,0,0,,0,,stage_S0M_MORPH.csv
tile_RA69.197_DECp48.285:6819,tile_RA69.197_DECp48.285,6819,69.3794753627,48.3070967811,0.0197988,0.857372,8,0.301339,0.120035,low,1.01494,24,0,0,0,0,,0,,stage_S0M_MORPH.csv
tile_RA7.471_DECp48.796:2573,tile_RA7.471_DECp48.796,2573,7.7878999305,48.5676519788,0.0372356,0.849605,22.5,0.0742188,0.105395,low,1.06947,10,0,0,0,0,,0,,stage_S0M_MORPH.csv
tile_RA70.700_DECp47.285:968,tile_RA70.700_DECp47.285,968,70.3527185201,46.8819744098,0.0174528,0.437947,13,0.479911,0.233811,low,1.01665,8,0,0,1,1,circularity=0.438<0.8,0,,stage_S0M_MORPH.csv
tile_RA70.700_DECp48.285:5567,tile_RA70.700_DECp48.285,5567,71.2626061175,48.2463336101,0.0311703,0.813059,12.5,0.0742188,0.156087,low,1.15147,39,0,1,0,1,elongation=1.151>1.1,0,,stage_S0M_MORPH.csv
tile_RA70.700_DECp48.285:9079,tile_RA70.700_DECp48.285,9079,70.8364247682,48.5167407059,0.0223164,0.610876,8,0.25,0.247583,low,1.01767,28,0,0,1,1,circularity=0.611<0.8,0,,stage_S0M_MORPH.csv
tile_RA77.737_DECp47.170:2816,tile_RA77.737_DECp47.170,2816,77.2479859228,46.826014612,0.0314528,0.38172,8.5,0.402995,0.311252,low,1.07563,20,0,0,1,1,circularity=0.382<0.8,0,,stage_S0M_MORPH.csv
tile_RA77.737_DECp47.170:5145,tile_RA77.737_DECp47.170,5145,77.4387145663,46.9638357057,0.0492273,0.359644,17.5,0.517578,0.237375,low,1.08092,26,0,0,1,1,circularity=0.360<0.8,0,,stage_S0M_MORPH.csv
tile_RA77.737_DECp48.170:8091,tile_RA77.737_DECp48.170,8091,77.7657327367,48.1261743599,0.058052,0.919386,12.5,0.447266,0.0457123,low,1.24515,31,1,1,0,1,profile_diff=0.0581>0.05;elongation=1.245>1.1,0,,stage_S0M_MORPH.csv
tile_RA79.236_DECp47.170:8230,tile_RA79.236_DECp47.170,8230,78.531096819,47.2973539171,0.0273472,0.875895,13,0.0890625,0.116119,low,1.04255,15,0,0,0,0,,0,,stage_S0M_MORPH.csv
tile_RA79.236_DECp47.170:11913,tile_RA79.236_DECp47.170,11913,79.1835227996,47.4500471017,0.0385983,0.539012,8,0.223438,0.127318,low,1.12446,24,0,1,1,1,elongation=1.124>1.1;circularity=0.539<0.8,0,,stage_S0M_MORPH.csv
tile_RA8.989_DECp47.796:3881,tile_RA8.989_DECp47.796,3881,8.3340466758,47.7674593966,0.0202332,0.819855,8.5,0.0890625,0.124744,low,1.06964,8,0,0,0,0,,0,,stage_S0M_MORPH.csv
tile_RA8.989_DECp47.796:4149,tile_RA8.989_DECp47.796,4149,9.4620686997,47.8170079195,0.0176889,0.924799,10,0.178125,0.0627596,low,1.09075,12,0,0,0,0,,0,,stage_S0M_MORPH.csv
tile_RA8.989_DECp49.796:3342,tile_RA8.989_DECp49.796,3342,8.6976508312,49.6146371766,0.0197334,0.919386,12.5,0.578125,0.0457123,low,1.05243,20,0,0,0,0,,0,,stage_S0M_MORPH.csv
tile_RA82.235_DECp48.170:2073,tile_RA82.235_DECp48.170,2073,82.1139604886,47.8087859777,0.0437801,0.567155,16,0.0981445,0.242409,low,1.019,23,0,0,1,1,circularity=0.567<0.8,0,,stage_S0M_MORPH.csv
tile_RA84.760_DECp48.051:314,tile_RA84.760_DECp48.051,314,84.8198838,47.5762369368,0.0255303,0.808518,12,0.0890625,0.145542,low,1.02905,16,0,0,0,0,,0,,stage_S0M_MORPH.csv
tile_RA84.760_DECp48.051:4240,tile_RA84.760_DECp48.051,4240,85.3327543469,47.9171761303,0.0769046,0.808518,12,0.178125,0.142448,low,1.04959,9,1,0,0,1,profile_diff=0.0769>0.05,0,,stage_S0M_MORPH.csv
tile_RA86.256_DECp47.051:2077,tile_RA86.256_DECp47.051,2077,86.20169605,46.7216801476,0.0304464,0.312144,20.5,0.362571,0.304067,low,1.12954,23,0,1,1,1,elongation=1.130>1.1;circularity=0.312<0.8,0,,stage_S0M_MORPH.csv
tile_RA86.256_DECp48.051:4981,tile_RA86.256_DECp48.051,4981,85.5968904357,47.9678467078,0.0251916,0.808518,12,0.178125,0.142448,low,1.06371,12,0,0,0,0,,0,,stage_S0M_MORPH.csv
tile_RA86.256_DECp49.051:8565,tile_RA86.256_DECp49.051,8565,86.3569751902,49.2899499774,0.0719476,0.207513,52.5,0.64401,0.152557,low,1.19833,11,1,1,1,1,profile_diff=0.0719>0.05;elongation=1.198>1.1;circularity=0.208<0.8,0,,stage_S0M_MORPH.csv
tile_RA87.752_DECp46.051:5090,tile_RA87.752_DECp46.051,5090,88.1572989696,45.9963823633,0.0571872,0.839954,11,1.07403,0,low,1.2121,20,1,1,0,1,profile_diff=0.0572>0.05;elongation=1.212>1.1,0,,stage_S0M_MORPH.csv
tile_RA87.752_DECp48.051:1500,tile_RA87.752_DECp48.051,1500,88.1333027293,47.6678409819,0.0504778,0.687235,9,0.126562,0.206002,low,1.16909,21,1,1,1,1,profile_diff=0.0505>0.05;elongation=1.169>1.1;circularity=0.687<0.8,0,,stage_S0M_MORPH.csv
tile_RA87.752_DECp50.051:4888,tile_RA87.752_DECp50.051,4888,88.3028859733,50.0059117218,0.0212248,0.832319,9,0.0890625,0.140237,low,1.10573,12,0,1,0,1,elongation=1.106>1.1,0,,stage_S0M_MORPH.csv
tile_RA87.752_DECp50.051:6451,tile_RA87.752_DECp50.051,6451,87.1632025351,50.1734906736,0.161783,0.881049,25.5,0.0636161,0.0649854,low,1.27694,6,1,1,0,1,profile_diff=0.1618>0.05;elongation=1.277>1.1,0,,stage_S0M_MORPH.csv
tile_RA89.248_DECp48.051:3244,tile_RA89.248_DECp48.051,3244,89.6555294619,47.831585979,0.160263,0.780536,24,0.190848,0.106535,low,1.19517,13,1,1,1,1,profile_diff=0.1603>0.05;elongation=1.195>1.1;circularity=0.781<0.8,0,,stage_S0M_MORPH.csv
tile_RA94.757_DECp46.931:915,tile_RA94.757_DECp46.931,915,94.3387126164,46.5422579098,0.0146841,0.451052,11.5,0.482422,0.245128,low,1.15596,8,0,1,1,1,elongation=1.156>1.1;circularity=0.451<0.8,0,,stage_S0M_MORPH.csv
tile_RA94.757_DECp47.931:5668,tile_RA94.757_DECp47.931,5668,95.2669391132,48.0654965429,0.012109,0.712654,8.5,0.178125,0.207411,low,1.24231,15,0,1,1,1,elongation=1.242>1.1;circularity=0.713<0.8,0,,stage_S0M_MORPH.csv
tile_RA94.757_DECp48.931:391,tile_RA94.757_DECp48.931,391,94.4656154255,48.4822508931,0.0325843,0.698733,9.5,0.267188,0.188455,low,1.13246,8,0,1,1,1,elongation=1.132>1.1;circularity=0.699<0.8,0,,stage_S0M_MORPH.csv
tile_RA94.757_DECp48.931:788,tile_RA94.757_DECp48.931,788,94.7957324634,48.5367686059,0.0224853,0.803786,15,0.0924479,0.125611,low,1.12631,15,0,1,0,1,elongation=1.126>1.1,0,,stage_S0M_MORPH.csv
tile_RA94.757_DECp48.931:2631,tile_RA94.757_DECp48.931,2631,95.325834913,48.7896067169,0.0261515,0.137738,66,0.939453,0.240834,low,1.14982,10,0,1,1,1,elongation=1.150>1.1;circularity=0.138<0.8,0,,stage_S0M_MORPH.csv
tile_RA96.249_DECp45.931:6848,tile_RA96.249_DECp45.931,6848,95.8054941394,46.3166365701,0.0255545,0.768939,7.5,0.0890625,0.159305,low,1.12738,11,0,1,1,1,elongation=1.127>1.1;circularity=0.769<0.8,0,,stage_S0M_MORPH.csv
tile_RA96.249_DECp46.931:1786,tile_RA96.249_DECp46.931,1786,96.468617426,46.6902042714,0.0226595,0.636238,11.5,0.289062,0.208576,low,1.05083,8,0,0,1,1,circularity=0.636<0.8,0,,stage_S0M_MORPH.csv
tile_RA96.249_DECp46.931:4011,tile_RA96.249_DECp46.931,4011,96.1567450302,47.2720367164,0.0379519,0.778573,13,0.148438,0.147483,low,1.01964,16,0,0,1,1,circularity=0.779<0.8,0,,stage_S0M_MORPH.csv
tile_RA96.249_DECp46.931:4447,tile_RA96.249_DECp46.931,4447,96.1044297746,47.2078908655,0.129748,0.880337,10.5,0.221615,0.127754,low,1.02957,13,1,0,0,1,profile_diff=0.1297>0.05,0,,stage_S0M_MORPH.csv
tile_RA96.249_DECp46.931:4777,tile_RA96.249_DECp46.931,4777,96.1648108195,47.1537187579,0.0238362,0.197657,316,1.04762,0.199489,high,1.19983,11,0,1,1,1,elongation=1.200>1.1;circularity=0.198<0.8,0,,stage_S0M_MORPH.csv
tile_RA96.249_DECp47.931:1308,tile_RA96.249_DECp47.931,1308,95.8602778,47.6358000099,0.0272145,0.772284,10.5,0.927269,0.141547,low,1.04718,10,0,0,1,1,circularity=0.772<0.8,0,,stage_S0M_MORPH.csv
tile_RA96.249_DECp47.931:1793,tile_RA96.249_DECp47.931,1793,96.8737135895,47.7063179916,0.039329,0.723401,7.5,0.111328,0.239312,low,1.29659,5,0,1,1,1,elongation=1.297>1.1;circularity=0.723<0.8,0,,stage_S0M_MORPH.csv
tile_RA96.249_DECp47.931:5877,tile_RA96.249_DECp47.931,5877,96.0421995124,47.9937765414,0.0168304,0.369919,8,0.333984,0.312613,low,1.22756,12,0,1,1,1,elongation=1.228>1.1;circularity=0.370<0.8,0,,stage_S0M_MORPH.csv
tile_RA96.249_DECp48.931:2644,tile_RA96.249_DECp48.931,2644,96.1894364463,48.8322094742,0.0143427,0.601119,13,0.191406,0.226399,low,1.20186,7,0,1,1,1,elongation=1.202>1.1;circularity=0.601<0.8,0,,stage_S0M_MORPH.csv
tile_RA96.249_DECp48.931:6156,tile_RA96.249_DECp48.931,6156,96.1689682699,49.4044538222,0.0249916,0.658793,11,0.166667,0.164602,low,1.0994,10,0,0,1,1,circularity=0.659<0.8,0,,stage_S0M_MORPH.csv
tile_RA96.249_DECp49.931:2798,tile_RA96.249_DECp49.931,2798,95.8436909535,49.8648668788,0.0117785,0.845835,11.5,0.0890625,0.192883,low,1.09965,19,0,0,0,0,,0,,stage_S0M_MORPH.csv
tile_RA96.249_DECp49.931:2850,tile_RA96.249_DECp49.931,2850,96.0199972575,49.8727521036,0.0372674,0.711496,16.5,0.195312,0.175947,low,1.17409,15,0,1,1,1,elongation=1.174>1.1;circularity=0.711<0.8,0,,stage_S0M_MORPH.csv
tile_RA96.249_DECp49.931:5928,tile_RA96.249_DECp49.931,5928,96.6469674311,49.9584698786,0.0102888,0.898353,7.5,0.851863,0.081912,low,1.17377,14,0,1,0,1,elongation=1.174>1.1,0,,stage_S0M_MORPH.csv
tile_RA97.742_DECp46.931:4292,tile_RA97.742_DECp46.931,4292,97.3899828974,47.2434432088,0.0274861,0.691563,12.5,0.296875,0.176778,low,1.0783,5,0,0,1,1,circularity=0.692<0.8,0,,stage_S0M_MORPH.csv
tile_RA97.742_DECp46.931:5089,tile_RA97.742_DECp46.931,5089,98.2678661265,47.1052103126,0.0222367,0.880337,10.5,1.61012,0.127754,low,1.04468,13,0,0,0,0,,0,,stage_S0M_MORPH.csv
tile_RA97.742_DECp46.931:5960,tile_RA97.742_DECp46.931,5960,98.1541736471,46.9796560495,0.0245774,0.857372,8,0.148438,0.0457302,low,1.00678,10,0,0,0,0,,0,,stage_S0M_MORPH.csv
tile_RA97.742_DECp47.931:2677,tile_RA97.742_DECp47.931,2677,97.5362990533,47.8540344949,0.0140257,0.606389,9,0.342187,0.231041,low,1.04511,14,0,0,1,1,circularity=0.606<0.8,0,,stage_S0M_MORPH.csv
tile_RA97.742_DECp47.931:2816,tile_RA97.742_DECp47.931,2816,97.256612911,47.8800319806,0.011544,0.364942,11.5,0.636068,0.268187,low,1.21307,10,0,1,1,1,elongation=1.213>1.1;circularity=0.365<0.8,0,,stage_S0M_MORPH.csv
tile_RA97.742_DECp48.931:5020,tile_RA97.742_DECp48.931,5020,98.4622945137,49.048382771,0.0268898,0.666414,13,0.253906,0.15881,low,1.12241,12,0,1,1,1,elongation=1.122>1.1;circularity=0.666<0.8,0,,stage_S0M_MORPH.csv
tile_RA99.234_DECp47.931:3784,tile_RA99.234_DECp47.931,3784,99.0847508025,48.2835043685,0.0152981,0.806145,10,0.0890625,0.11274,low,1.07586,5,0,0,0,0,,0,,stage_S0M_MORPH.csv
