src_id,ra,dec,has_skybot_match,wide_skybot_match,matched_count,best_sep_arcsec,epoch_used
tile_RA47.387_DECp44.559:5355,47.4356384998,44.6201076539,False,False,0,665.6775397029228,1957-12-19T06:00:00+00:00
tile_RA85.001_DECp43.060:12399,84.8245396156,43.5317958201,False,False,0,409.3338727550516,1953-01-10T05:05:00+00:00
tile_RA17.060_DECp43.776:3427,16.8445509755,43.7871371198,False,False,0,198.81516658134163,1952-10-21T05:38:00+00:00
tile_RA39.816_DECp44.630:7930,40.0678494658,44.8928303686,False,True,1,56.76256463705524,1951-12-21T04:20:00+00:00
tile_RA130.050_DECp45.494:2117,129.4965243859,45.6301068022,False,False,0,648.2848839371004,1953-02-14T07:10:00+00:00
tile_RA130.050_DECp45.494:915,129.945971809,45.3681588027,False,False,0,271.9609753275361,1953-02-14T07:10:00+00:00
tile_RA138.459_DECp45.407:946,138.887349733,45.3077011931,False,False,0,1058.724578113051,1954-03-06T05:25:00+00:00
tile_RA227.716_DECp47.482:533,227.5975074728,47.1962169083,False,False,0,,1953-03-15T12:38:00+00:00
tile_RA358.824_DECp46.807:3910,358.783370302,46.7498355278,False,False,0,3499.607290514682,1951-09-09T08:02:00+00:00
tile_RA97.742_DECp46.931:5089,98.2678469603,47.1052724916,False,False,0,522.410223173779,1950-12-08T09:37:00+00:00
tile_RA97.742_DECp46.931:5960,98.1541563841,46.9797180319,False,False,0,501.50815474696174,1950-12-08T09:37:00+00:00
tile_RA131.530_DECp46.494:1709,131.7632314052,46.7711391634,False,False,0,1066.4838827584613,1953-02-14T07:10:00+00:00
tile_RA145.381_DECp46.333:1596,144.8173570736,46.4560350272,False,False,0,558.1096736240563,1953-02-14T08:17:00+00:00
tile_RA148.332_DECp47.333:76,148.3919262433,46.8679087126,False,False,0,838.5004661580624,1953-02-14T08:17:00+00:00
tile_RA152.296_DECp47.274:949,151.8819999943,47.2014294986,False,False,0,628.7191134343431,1955-03-18T06:18:00+00:00
tile_RA208.434_DECp47.267:743,208.3986617904,47.6530788508,False,False,0,,1956-04-07T09:42:00+00:00
tile_RA230.675_DECp48.482:2656,230.596077846,48.4979389737,False,False,0,,1953-03-15T12:38:00+00:00
tile_RA244.565_DECp47.685:2669,244.2573752972,47.672565434,False,False,0,,1955-03-30T11:37:00+00:00
tile_RA249.022_DECp47.685:491,248.7418167826,47.3551450772,False,False,0,,1955-03-30T11:37:00+00:00
tile_RA255.992_DECp47.798:1892,256.1328027263,48.1472991642,False,False,0,,1955-03-24T12:23:00+00:00
tile_RA257.481_DECp47.798:2964,256.7658557068,47.801629108,False,False,0,,1955-03-24T12:23:00+00:00
tile_RA350.189_DECp47.793:3831,350.8223145649,47.6224501964,False,False,0,,1954-08-01T11:08:00+00:00
tile_RA86.256_DECp48.051:4981,85.596864169,47.9678916067,False,False,0,1022.5543714321166,1952-12-21T06:20:00+00:00
tile_RA116.156_DECp47.700:2970,115.9765951904,47.8295315897,False,False,0,454.35929009769944,1953-02-14T06:05:00+00:00
tile_RA124.591_DECp47.593:1540,124.745281413,47.9081442697,False,False,0,323.4540403362653,1954-12-29T10:03:00+00:00
tile_RA155.243_DECp48.274:996,155.0502267901,48.6334078408,False,False,0,305.39501237835157,1955-03-18T06:18:00+00:00
tile_RA162.149_DECp48.230:1416,162.1945750062,48.3306465626,False,False,0,1130.9062642893568,1953-03-16T08:22:00+00:00
tile_RA170.523_DECp48.203:814,170.5977977491,48.063020483,False,False,0,961.2494433564193,1953-03-10T09:07:00+00:00
tile_RA178.894_DECp48.193:1089,178.9239662522,48.3841911279,False,False,0,462.11903411088457,1955-02-28T09:03:00+00:00
tile_RA191.679_DECp47.200:1163,192.2957291725,47.425422471,False,False,0,3545.5283928260073,1955-04-23T06:12:00+00:00
tile_RA198.581_DECp48.225:1077,198.1697175712,48.4328135077,False,False,0,1407.1660309798679,1955-03-18T09:05:00+00:00
tile_RA247.536_DECp48.685:2448,247.29811673,48.730024588,False,False,0,,1955-03-30T11:37:00+00:00
tile_RA255.992_DECp49.798:75,255.9203226996,49.3180816123,False,False,0,,1955-03-24T12:23:00+00:00
tile_RA348.671_DECp49.793:1222,348.7604382173,49.3811974564,False,False,0,1133.4400135479473,1954-08-01T11:08:00+00:00
tile_RA351.707_DECp48.793:13167,351.766900147,49.2127712367,False,False,0,838.1558338915474,1954-08-01T11:08:00+00:00
tile_RA60.639_DECp49.394:4564,60.6774014915,49.2815811464,False,False,0,932.4162799780115,1954-10-05T10:50:00+00:00
tile_RA111.699_DECp48.700:3576,111.8130463438,48.7509518874,False,False,0,570.5754847419993,1953-02-14T06:05:00+00:00
tile_RA10.507_DECp49.796:4637,10.4172867776,49.7672231596,False,False,0,920.2860204227483,1954-09-26T08:05:00+00:00
tile_RA146.856_DECp49.333:1077,146.816821787,49.2867175587,False,False,0,902.8166057607539,1953-02-14T08:17:00+00:00
tile_RA238.422_DECp51.572:682,237.8866216376,51.3316573274,False,False,0,2950.521404862596,1955-04-27T09:50:00+00:00
tile_RA200.978_DECp51.243:1095,200.5937482087,51.1425975277,False,False,0,,1953-02-14T11:35:00+00:00
tile_RA219.664_DECp51.373:2352,220.2693380709,51.3893328668,False,False,0,,1953-04-12T09:57:00+00:00
tile_RA240.106_DECp52.572:429,239.9863004621,52.2442566116,False,False,0,,1955-04-27T09:50:00+00:00
tile_RA246.148_DECp52.690:882,246.422840548,52.5370911791,False,False,0,,1954-06-28T06:33:00+00:00
tile_RA124.578_DECp52.538:2321,123.9485832471,52.5490089638,False,False,0,1104.381894367405,1953-02-15T06:52:00+00:00
tile_RA249.526_DECp53.690:1508,249.6148399765,53.780470866,False,False,0,,1954-06-28T06:33:00+00:00
tile_RA268.448_DECp52.949:2498,268.9589540259,52.8557979218,False,False,0,,1954-06-28T07:17:00+00:00
tile_RA316.274_DECp53.561:2901,317.1038640749,53.5903940952,False,False,0,,1952-09-16T04:08:00+00:00
tile_RA78.945_DECp53.175:4651,78.7882065338,53.080557265,False,False,0,1100.228472578582,1954-12-21T07:38:00+00:00
tile_RA120.229_DECp53.653:2768,119.9989949126,53.7499150132,False,False,0,1427.6436181100912,1954-02-24T05:15:00+00:00
tile_RA152.679_DECp53.280:1371,152.6454329179,53.4964542876,False,False,0,886.9578130636963,1955-01-28T10:20:00+00:00
tile_RA154.352_DECp53.280:1034,153.6042331756,53.2137613672,False,False,0,309.6779245469601,1955-01-28T10:20:00+00:00
tile_RA156.024_DECp53.280:1624,156.0070552685,53.3677838888,False,False,0,1268.4517270673834,1955-01-28T10:20:00+00:00
tile_RA162.014_DECp53.230:488,161.5501837953,53.0330394341,False,False,0,487.24908439470835,1955-02-13T09:23:00+00:00
tile_RA180.661_DECp53.193:1215,180.3611049553,53.2719396207,False,False,0,3173.7441231336365,1955-04-14T06:32:00+00:00
tile_RA202.649_DECp54.243:201,203.1668520241,53.8559421527,False,False,0,,1953-02-14T11:35:00+00:00
tile_RA221.341_DECp53.373:1519,220.886348224,53.6842247568,False,False,0,3423.0327473568127,1953-04-12T09:57:00+00:00
tile_RA285.781_DECp55.214:5835,286.167934888,55.2639132825,False,False,0,,1952-07-27T06:18:00+00:00
tile_RA285.781_DECp54.214:4980,285.4435213134,54.4003819058,False,False,0,,1952-07-27T06:18:00+00:00
tile_RA285.781_DECp54.214:2978,285.6188953929,54.148864841,False,False,0,,1952-07-27T06:18:00+00:00
tile_RA86.764_DECp55.042:5476,87.0910635453,55.2406471235,False,False,0,896.3933999422347,1953-02-11T04:13:00+00:00
tile_RA96.261_DECp53.909:3517,95.8054147891,54.3217802359,False,False,0,840.2615167849212,1954-02-24T04:08:00+00:00
tile_RA124.578_DECp54.538:1864,124.3216016324,54.8303474942,False,False,0,832.6852220191681,1953-02-15T06:52:00+00:00
tile_RA146.681_DECp54.349:1244,147.3203430631,54.6280873411,False,False,0,2019.717094301062,1953-02-18T07:47:00+00:00
tile_RA154.352_DECp54.280:623,153.7117240425,54.0980373668,False,False,0,474.02848595601586,1955-01-28T10:20:00+00:00
tile_RA156.024_DECp54.280:1743,156.5897871029,54.3170511077,False,False,0,2205.676700199584,1955-01-28T10:20:00+00:00
tile_RA163.685_DECp54.230:1872,164.417602715,54.2330495318,False,False,0,1237.7994825412575,1955-02-13T09:23:00+00:00
tile_RA210.314_DECp54.299:1518,210.4333971637,54.30262014,False,False,0,,1955-04-23T07:37:00+00:00
tile_RA303.213_DECp55.457:10452,302.9061620581,55.8222607097,False,False,0,,1952-07-30T08:13:00+00:00
tile_RA80.232_DECp58.159:1116,80.2388946642,57.8057218383,False,False,0,,1954-03-02T03:33:00+00:00
tile_RA124.026_DECp57.566:1415,124.634501056,57.9433202958,False,False,0,1211.0161435940258,1954-01-05T09:02:00+00:00
tile_RA167.188_DECp57.216:1213,168.0406266903,57.1233649904,False,False,0,2195.739072502829,1953-03-18T07:28:00+00:00
tile_RA297.605_DECp59.370:928,297.7377516076,58.9631506592,False,False,0,,1952-08-12T06:23:00+00:00
tile_RA167.188_DECp59.216:655,167.8978280424,59.057069813,False,False,0,3554.844931636068,1953-03-18T07:28:00+00:00
tile_RA181.835_DECp59.194:726,182.0325287447,58.9847611695,False,False,0,,1953-04-15T06:58:00+00:00
tile_RA184.763_DECp59.200:494,184.1294025859,58.95687717,False,False,0,,1955-05-18T05:18:00+00:00
tile_RA218.997_DECp59.386:1165,219.1671294806,59.3208391283,False,False,0,,1955-03-16T11:25:00+00:00
tile_RA218.997_DECp58.386:300,218.6541774048,58.0328995707,False,False,0,,1955-03-16T11:25:00+00:00
tile_RA273.458_DECp60.074:1868,273.0860860391,60.465709007,False,False,0,,1952-05-26T09:42:00+00:00
tile_RA299.628_DECp59.370:8941,299.3729057685,59.6035933752,False,False,0,,1952-08-12T06:23:00+00:00
tile_RA73.195_DECp60.308:2104,72.8730140574,60.0459923842,False,False,0,3372.628691140166,1953-02-11T03:02:00+00:00
tile_RA98.245_DECp59.851:1155,98.5770986624,59.6132718486,False,False,0,1325.2323552811313,1954-11-02T12:03:00+00:00
tile_RA169.142_DECp60.216:1717,169.4901346125,60.3624732841,False,False,0,1489.1855589140678,1953-03-18T07:28:00+00:00
tile_RA217.033_DECp59.386:1225,216.7803750008,59.6725004909,False,False,0,,1955-03-16T11:25:00+00:00
tile_RA235.716_DECp59.496:1687,236.3598796557,59.7520650584,False,False,0,,1953-06-15T06:07:00+00:00
tile_RA240.650_DECp59.625:1874,240.0039922447,59.7899243366,False,False,0,,1954-06-28T05:07:00+00:00
tile_RA249.552_DECp59.768:2077,249.7734213644,59.9472047002,False,False,0,,1955-04-27T11:13:00+00:00
tile_RA249.552_DECp59.768:2511,249.7169146241,59.7905192282,False,False,0,,1955-04-27T11:13:00+00:00
tile_RA286.508_DECp60.226:5825,286.537102625,60.7189509877,False,False,0,,1953-09-30T03:32:00+00:00
tile_RA310.780_DECp61.501:10428,310.9164486844,61.8567619038,False,False,0,,1952-09-15T04:08:00+00:00
tile_RA113.149_DECp61.703:879,112.7151017009,61.4719223613,False,False,0,911.5642710745273,1954-11-24T10:05:00+00:00
tile_RA134.861_DECp61.445:695,135.2596819415,61.2790171168,False,False,0,,1954-11-26T11:02:00+00:00
tile_RA242.628_DECp60.625:2463,241.7087453988,60.6982773459,False,False,0,,1954-06-28T05:07:00+00:00
tile_RA253.524_DECp61.768:999,254.071413071,61.6307682006,False,False,0,,1955-04-27T11:13:00+00:00
tile_RA253.524_DECp60.768:1749,253.2713021297,61.0862885805,False,False,0,,1955-04-27T11:13:00+00:00
tile_RA297.605_DECp62.370:2751,296.9838854476,62.1688649634,False,False,0,,1952-08-12T06:23:00+00:00
tile_RA308.750_DECp62.501:1690,309.2570616922,62.1534438436,False,False,0,,1952-09-15T04:08:00+00:00
tile_RA133.196_DECp63.464:284,132.9809336009,63.0890941237,False,False,0,,1954-11-23T11:32:00+00:00
tile_RA68.536_DECp64.318:3974,68.5138323498,64.2668544048,False,False,0,1296.7145400699133,1954-12-20T07:23:00+00:00
tile_RA145.895_DECp64.343:1434,145.5142120571,64.247060902,False,False,0,,1953-03-16T07:05:00+00:00
tile_RA171.163_DECp63.205:1130,171.6356758106,63.3947569909,False,False,0,,1954-02-09T11:00:00+00:00
tile_RA209.006_DECp63.291:801,209.4055679144,63.5984606605,False,False,0,,1955-05-18T06:00:00+00:00
tile_RA234.402_DECp63.528:1840,235.170454746,63.5469716459,False,False,0,,1955-05-16T08:48:00+00:00
tile_RA234.402_DECp63.528:1937,235.1889510314,63.4973779811,False,False,0,,1955-05-16T08:48:00+00:00
tile_RA260.077_DECp63.860:606,260.0085661543,63.557666687,False,False,0,,1953-06-09T08:57:00+00:00
tile_RA97.121_DECp64.960:3989,97.5005987396,65.0424861026,False,False,0,2755.037410565292,1953-02-15T04:42:00+00:00
tile_RA115.589_DECp65.612:1072,115.034867471,65.3682743401,False,False,0,1742.2179998066033,1955-01-28T09:35:00+00:00
tile_RA118.011_DECp65.612:1266,117.3024287768,65.4781834675,False,False,0,2179.3575191635036,1955-01-28T09:35:00+00:00
tile_RA120.433_DECp65.612:2506,119.874419468,65.8261170324,False,False,0,763.4278285497004,1955-01-28T09:35:00+00:00
tile_RA120.433_DECp64.612:1575,120.8896235787,65.0207665782,False,False,0,1359.2957009928025,1955-01-28T09:35:00+00:00
tile_RA120.433_DECp64.612:2187,121.1234782335,64.9337987029,False,False,0,1035.2996927731044,1955-01-28T09:35:00+00:00
tile_RA179.000_DECp65.194:1085,179.0305689861,65.6004723132,False,False,0,,1953-02-14T10:30:00+00:00
tile_RA204.221_DECp65.291:1708,203.2368823694,65.3084831553,False,False,0,,1955-05-18T06:00:00+00:00
tile_RA216.873_DECp65.394:726,216.7939211814,65.8217481805,False,False,0,,1956-03-14T12:05:00+00:00
tile_RA234.402_DECp65.528:792,234.8080035374,65.4097293315,False,False,0,,1955-05-16T08:48:00+00:00
tile_RA249.628_DECp65.686:954,250.1177916875,65.5155047168,False,False,0,,1955-04-23T10:58:00+00:00
tile_RA275.507_DECp66.043:1499,274.6446047567,65.9221016564,False,False,0,,1952-08-18T04:00:00+00:00
tile_RA275.507_DECp65.043:3441,276.5967632119,65.0861939941,False,False,0,,1952-08-18T04:00:00+00:00
tile_RA312.497_DECp64.543:7658,313.2749289327,64.8561464952,False,False,0,,1952-08-17T06:03:00+00:00
tile_RA350.055_DECp66.799:7025,350.7782743559,67.1032136602,False,False,0,,1952-08-17T08:10:00+00:00
tile_RA47.091_DECp66.614:6404,47.1647321638,67.0357586334,False,False,0,,1954-10-02T10:20:00+00:00
tile_RA81.648_DECp67.143:262,81.8983499553,66.6851018148,False,False,0,,1954-10-03T11:37:00+00:00
tile_RA118.011_DECp66.612:2288,117.1645049986,66.905425343,False,False,0,1226.0654894809181,1955-01-28T09:35:00+00:00
tile_RA130.788_DECp66.464:2208,131.9146047448,66.4837550404,False,False,0,3282.689613157168,1954-11-23T11:32:00+00:00
tile_RA183.767_DECp66.194:765,184.9459792014,66.0488586482,False,False,0,3271.6894328126277,1953-02-14T10:30:00+00:00
tile_RA186.151_DECp66.194:823,185.7863029816,66.0341385437,False,False,0,3601.6371781421603,1953-02-14T10:30:00+00:00
tile_RA186.151_DECp66.194:856,184.9677074842,66.0584952274,False,False,0,3239.0535258414234,1953-02-14T10:30:00+00:00
tile_RA247.199_DECp65.686:1069,247.0618141369,66.1765760082,False,False,0,,1955-04-23T10:58:00+00:00
tile_RA247.199_DECp65.686:1267,246.6663195912,66.0947087033,False,False,0,,1955-04-23T10:58:00+00:00
tile_RA281.145_DECp66.223:4508,279.9888812428,66.2238018644,False,False,0,,1954-06-06T08:57:00+00:00
tile_RA68.536_DECp68.318:354,68.9310857969,67.8583114444,False,False,0,416.5528473197882,1954-12-20T07:23:00+00:00
tile_RA73.515_DECp67.318:6675,72.9579085322,67.7532723944,False,False,0,940.0069313252384,1954-12-20T07:23:00+00:00
tile_RA120.433_DECp67.612:2792,120.2374289753,67.7555482628,False,False,0,905.0397925536636,1955-01-28T09:35:00+00:00
tile_RA234.402_DECp67.528:1955,234.1813489436,67.6457745077,False,False,0,,1955-05-16T08:48:00+00:00
tile_RA247.199_DECp67.686:1368,247.533703536,68.0744603581,False,False,0,,1955-04-23T10:58:00+00:00
tile_RA317.522_DECp67.543:3214,317.5159065377,67.9457203984,False,False,0,,1952-08-17T06:03:00+00:00
tile_RA317.522_DECp67.543:4809,318.2918196237,67.7055640528,False,False,0,,1952-08-17T06:03:00+00:00
tile_RA317.522_DECp67.543:5280,317.5272134474,67.6601255635,False,False,0,,1952-08-17T06:03:00+00:00
tile_RA317.522_DECp67.543:2949,318.546820512,67.46758597,False,False,0,,1952-08-17T06:03:00+00:00
tile_RA191.632_DECp70.200:131,191.9189605394,69.7627941465,False,False,0,,1955-04-24T07:32:00+00:00
tile_RA288.486_DECp70.259:3407,288.3584414664,70.4708425625,False,False,0,,1954-07-28T06:00:00+00:00
tile_RA133.227_DECp72.402:213,132.5985702866,71.975388859,False,False,0,2239.94528610371,1955-01-25T10:05:00+00:00
tile_RA142.634_DECp71.402:1081,142.9669824462,71.3370899307,False,False,0,1739.0877753794166,1955-01-25T10:05:00+00:00
tile_RA227.520_DECp72.392:707,226.8412389243,72.2558296585,False,False,0,,1955-05-22T08:30:00+00:00
tile_RA227.520_DECp72.392:711,226.8534694565,72.2565465626,False,False,0,,1955-05-22T08:30:00+00:00
tile_RA227.520_DECp71.392:1889,227.5585931265,71.4144716468,False,False,0,,1955-05-22T08:30:00+00:00
tile_RA23.032_DECp71.766:10479,23.7035960465,72.1459035764,False,False,0,,1954-09-22T09:03:00+00:00
tile_RA65.643_DECp73.275:3934,64.7572049982,73.5266144178,False,False,0,,1953-10-14T11:42:00+00:00
tile_RA86.098_DECp73.040:4209,87.0807252577,73.0223553299,False,False,0,2655.184936625367,1954-02-05T04:38:00+00:00
tile_RA122.961_DECp73.584:136,123.5237635129,73.1296091663,False,False,0,,1953-02-18T06:37:00+00:00
tile_RA12.906_DECp73.766:4506,12.5109561756,73.6064718208,False,False,0,,1954-09-22T09:03:00+00:00
tile_RA264.891_DECp73.024:2281,263.6506220313,73.1585508591,False,False,0,,1953-09-03T04:03:00+00:00
tile_RA358.516_DECp73.807:6589,358.3360107053,73.9048726318,False,False,0,,1952-08-19T09:33:00+00:00
tile_RA358.763_DECp73.807:6600,358.3360045213,73.9048714004,False,False,0,,1952-08-19T09:33:00+00:00
tile_RA341.009_DECp72.761:5576,340.89350225,72.7718416598,False,False,0,,1952-08-19T08:10:00+00:00
tile_RA355.133_DECp72.807:6537,353.9584878683,72.8169007337,False,False,0,,1952-08-19T09:33:00+00:00
tile_RA1.899_DECp74.807:9506,2.6325572104,75.2525268449,False,False,0,,1954-09-22T07:33:00+00:00
tile_RA207.179_DECp75.281:1120,208.9249990512,75.2044667899,False,False,0,456.35205992930315,1955-03-30T10:15:00+00:00
tile_RA358.763_DECp74.807:9990,358.1912866266,75.2094472508,False,False,0,,1952-08-19T09:33:00+00:00
tile_RA74.504_DECp76.253:4867,75.9664520905,76.2470406248,False,False,0,,1955-01-14T05:58:00+00:00
tile_RA102.414_DECp76.932:377,102.0153480498,76.5300116988,False,False,0,,1954-10-06T11:57:00+00:00
tile_RA69.592_DECp78.253:1214,70.3008162201,77.9993633046,False,False,0,,1955-01-14T05:58:00+00:00
tile_RA102.414_DECp77.932:1238,100.5286643318,77.7809856588,False,False,0,,1954-10-06T11:57:00+00:00
tile_RA97.631_DECp77.932:1574,98.0490987855,77.8091296221,False,False,0,,1954-10-06T11:57:00+00:00
tile_RA159.439_DECp77.230:2057,159.0187462663,77.3361505646,False,False,0,,1955-01-25T11:22:00+00:00
tile_RA326.512_DECp77.634:3147,325.240854072,77.9139753505,False,False,0,,1954-09-30T05:27:00+00:00
tile_RA50.763_DECp76.536:5196,49.9534243647,76.7064305212,False,False,0,,1954-09-26T10:53:00+00:00
tile_RA74.504_DECp78.253:3451,72.7741292256,78.512323947,False,False,0,,1955-01-14T05:58:00+00:00
tile_RA88.065_DECp78.932:1416,89.2790467585,78.7813728887,False,False,0,,1954-10-06T11:57:00+00:00
tile_RA92.848_DECp77.932:2507,94.2199698523,78.3038087788,False,False,0,,1954-10-06T11:57:00+00:00
tile_RA173.012_DECp78.230:1174,172.9336100817,78.1898426235,False,False,0,,1955-01-25T11:22:00+00:00
tile_RA311.290_DECp78.634:1303,311.8048298375,78.4313908981,False,False,0,,1954-09-30T05:27:00+00:00
tile_RA311.290_DECp78.634:877,310.845075048,78.3090110929,False,False,0,,1954-09-30T05:27:00+00:00
tile_RA326.512_DECp78.634:4441,327.7927853861,78.6533662295,False,False,0,,1954-09-30T05:27:00+00:00
tile_RA340.729_DECp78.781:4063,340.6938687274,79.1334521091,False,False,0,,1954-09-20T07:12:00+00:00
tile_RA60.826_DECp78.536:4481,59.7949570049,78.8119324549,False,False,0,,1954-09-26T10:53:00+00:00
tile_RA142.229_DECp79.380:2539,139.5910901902,79.4999720826,False,False,0,,1953-03-09T06:52:00+00:00
tile_RA321.438_DECp80.634:4167,322.5025035047,80.5944995905,False,False,0,,1954-09-30T05:27:00+00:00
tile_RA326.512_DECp80.634:2970,328.3187425487,80.5054699784,False,False,0,,1954-09-30T05:27:00+00:00
tile_RA321.438_DECp79.634:3231,321.7280820098,79.9606414951,False,False,0,,1954-09-30T05:27:00+00:00
tile_RA351.009_DECp79.781:5568,350.2987280829,79.9139830256,False,False,0,,1954-09-20T07:12:00+00:00
tile_RA351.620_DECp79.807:5773,350.2987225015,79.9139819216,False,False,0,,1954-09-20T07:12:00+00:00
tile_RA50.763_DECp80.536:4521,51.5998239224,80.7372434512,False,False,0,,1954-09-26T10:53:00+00:00
tile_RA205.256_DECp83.200:1471,202.0836213883,82.9697320245,False,False,0,,1955-03-23T11:20:00+00:00
tile_RA213.107_DECp82.413:1041,211.6420396177,82.8412873268,False,False,0,,1955-03-23T11:20:00+00:00
tile_RA247.544_DECp82.855:2333,248.6299830455,83.060611446,False,False,0,,1953-08-11T04:23:00+00:00
tile_RA74.712_DECp83.144:1592,71.8977062239,82.9538396311,False,False,0,,1955-01-28T06:15:00+00:00
tile_RA213.107_DECp84.413:2335,208.5327354818,84.3260375494,False,False,0,,1955-03-23T11:20:00+00:00
tile_RA230.542_DECp84.413:1880,229.9248914962,84.6029829858,False,False,0,,1955-03-23T11:20:00+00:00
tile_RA230.542_DECp83.413:2189,229.9101058775,83.4454247386,False,False,0,,1955-03-23T11:20:00+00:00
tile_RA238.201_DECp83.855:346,235.4422967685,83.5577156419,False,False,0,,1955-03-23T11:20:00+00:00
tile_RA347.045_DECp84.742:774,348.6223282267,84.4374768468,False,False,0,,1954-09-22T06:12:00+00:00
tile_RA2.001_DECp85.807:1463,0.8222524943,85.648864422,False,False,0,,1952-08-21T10:35:00+00:00
tile_RA357.958_DECp85.742:2310,0.8223173859,85.6488675157,False,False,0,,1952-08-21T10:35:00+00:00
tile_RA339.904_DECp84.807:1687,342.7915261172,85.1583636307,False,False,0,,1954-09-22T06:12:00+00:00
tile_RA152.049_DECm24.605:1413,152.1338830322,-24.8119404798,False,False,0,1720.7304114222322,1955-04-15T03:58:00+00:00
tile_RA2.685_DECm23.304:539,2.3226522532,-23.5705310454,False,False,0,149.13765585855668,1952-08-23T09:40:00+00:00
tile_RA145.512_DECm23.561:5378,145.487028214,-23.2236702158,False,False,0,1048.1902198642235,1955-04-13T03:50:00+00:00
tile_RA1.855_DECm13.207:1174,2.0404981723,-13.1972747754,False,False,0,205.76225543980584,1954-09-02T09:12:00+00:00
tile_RA79.737_DECm12.843:3484,79.6046187284,-12.8353063023,False,False,0,1159.557606003362,1955-12-14T08:27:00+00:00
tile_RA19.833_DECm11.263:292,20.1159520702,-11.438859725,False,False,0,513.5722928726727,1951-11-29T03:55:00+00:00
tile_RA45.783_DECm11.408:403,45.613852407,-11.6482086599,False,False,0,964.773214019266,1955-11-10T06:28:00+00:00
tile_RA62.702_DECm11.638:548,63.146322888,-11.8768312105,False,False,0,746.988838866046,1953-12-06T06:48:00+00:00
tile_RA48.749_DECm10.488:1354,48.8801993836,-10.3978852588,False,False,0,1084.870120288002,1953-12-07T06:15:00+00:00
tile_RA9.845_DECm11.233:763,10.1396460153,-11.3021838941,False,False,0,330.27414718584527,1954-09-06T08:25:00+00:00
tile_RA205.805_DECm8.684:404,205.5030598369,-8.9928703669,False,False,0,117.50153593923054,1952-05-23T05:07:00+00:00
tile_RA223.918_DECm8.591:1108,223.5301272193,-8.7674018774,False,False,0,60.32417754033677,1953-06-14T05:35:00+00:00
tile_RA180.851_DECm7.807:1032,180.9889681824,-7.4496134806,False,False,0,240.94372802390373,1954-04-01T07:02:00+00:00
tile_RA193.763_DECm7.854:641,194.1741810449,-7.9823808818,False,False,0,346.0792934346433,1956-05-07T05:07:00+00:00
tile_RA204.798_DECm7.684:1637,204.7587545725,-7.4587340954,False,False,0,75.5725550007624,1952-05-23T05:07:00+00:00
tile_RA216.904_DECm7.645:823,216.5221485514,-7.8547034813,False,False,0,331.7378623420868,1954-05-22T06:15:00+00:00
tile_RA79.775_DECm7.844:1433,79.3786062698,-7.9585630349,False,False,0,913.1813940585608,1955-12-15T07:50:00+00:00
tile_RA91.772_DECm8.012:809,91.5919279963,-8.3857516565,False,False,0,705.4920110549779,1953-12-29T07:12:00+00:00
tile_RA141.812_DECm6.608:275,141.8379335775,-7.0143434634,False,False,0,465.6034767803308,1953-12-07T12:07:00+00:00
tile_RA147.819_DECm6.661:2593,148.3093189493,-6.6839858034,False,False,0,336.484658508556,1953-01-10T09:07:00+00:00
tile_RA152.820_DECm6.705:509,152.8980444684,-6.9766099355,False,False,0,807.1814648751542,1955-12-15T12:15:00+00:00
tile_RA206.812_DECm6.684:1481,206.872171433,-6.7432659378,False,False,0,99.27628776031825,1952-05-23T05:07:00+00:00
tile_RA224.924_DECm6.591:932,224.8145746758,-6.8396813705,False,False,0,295.5467740802964,1953-06-14T05:35:00+00:00
tile_RA231.937_DECm6.530:1176,231.756424037,-6.7202066938,False,False,0,527.3631270349509,1955-05-19T07:02:00+00:00
tile_RA243.946_DECm6.392:355,243.9852700395,-6.8260655598,False,False,0,345.68165811045634,1953-07-10T05:27:00+00:00
tile_RA253.940_DECm7.236:3756,254.1077466396,-7.1870596145,False,False,0,163.16050498547065,1954-06-01T07:52:00+00:00
tile_RA25.823_DECm7.268:755,25.7330234472,-6.8312864689,False,False,0,296.08881043621034,1953-12-07T05:00:00+00:00
tile_RA326.907_DECm6.339:2805,326.5736061317,-6.3185060389,False,False,0,363.1492132916554,1954-07-03T10:48:00+00:00
tile_RA338.892_DECm6.257:1831,339.3811762389,-6.2208438354,False,False,0,128.36125532749867,1954-07-09T10:25:00+00:00
tile_RA72.772_DECm6.762:883,72.5140691795,-6.9480049523,False,False,0,1274.0941307089388,1955-12-14T07:23:00+00:00
tile_RA103.773_DECm6.180:8684,103.9859945382,-6.2099740207,False,False,0,1110.098346776421,1953-01-17T07:52:00+00:00
tile_RA105.785_DECm6.180:3561,105.9610154252,-6.4930330298,False,False,0,1027.7401907325132,1953-01-17T07:52:00+00:00
tile_RA0.851_DECm6.193:1129,1.0897565765,-5.9543541484,False,False,0,270.89937393268673,1954-09-04T08:27:00+00:00
tile_RA13.839_DECm5.213:828,13.6832299856,-4.8578985528,False,False,0,434.12973018447286,1954-09-07T09:30:00+00:00
tile_RA242.940_DECm5.392:4215,242.5778060227,-5.2002176989,False,False,0,213.61290575046772,1953-07-10T05:27:00+00:00
tile_RA252.934_DECm6.236:7063,252.8806005187,-5.8592758189,False,False,0,319.09032748441723,1954-06-01T07:52:00+00:00
tile_RA332.900_DECm5.294:2154,333.2547085372,-5.3180697814,False,False,0,201.3897524214001,1951-08-07T07:48:00+00:00
tile_RA335.880_DECm5.257:1213,336.0108996264,-5.3213019272,False,False,0,225.77564014593634,1954-07-09T10:25:00+00:00
tile_RA338.892_DECm5.257:1571,339.1616049242,-5.0359459496,False,False,0,503.639577590097,1954-07-09T10:25:00+00:00
tile_RA357.872_DECm5.196:325,358.1503803155,-5.5122470763,False,True,1,28.75055024057268,1954-07-27T11:05:00+00:00
tile_RA35.800_DECm5.354:339,35.904749498,-5.6454432255,False,False,0,553.7037408567179,1954-11-26T05:38:00+00:00
tile_RA48.791_DECm5.469:781,49.114655639,-5.1779189533,False,False,0,301.1738845075628,1955-10-23T08:35:00+00:00
tile_RA51.805_DECm5.469:110,51.8850814545,-5.9109326619,False,False,0,409.024552163405,1955-10-23T08:35:00+00:00
tile_RA60.780_DECm5.607:518,60.7893318866,-5.8601851832,False,False,0,640.5534301477344,1955-12-14T06:17:00+00:00
tile_RA63.795_DECm5.607:571,63.9314810678,-5.8844431065,False,False,0,945.9006402672246,1955-12-14T06:17:00+00:00
tile_RA84.767_DECm5.928:1103,84.7709178407,-5.516791985,False,False,0,864.849775838165,1955-11-17T09:42:00+00:00
tile_RA98.778_DECm5.097:11190,98.9856814568,-4.8500770908,False,False,0,1591.5355167293776,1954-01-03T08:30:00+00:00
tile_RA12.835_DECm5.213:276,12.563001613,-5.5298621496,False,False,0,207.47658437381904,1954-09-07T09:30:00+00:00
tile_RA19.831_DECm3.236:196,19.8757343431,-3.5808202789,False,False,0,316.47475083539683,1954-11-19T05:28:00+00:00
tile_RA25.823_DECm4.268:688,26.2667891806,-4.3794590989,False,False,0,245.79176520329838,1953-12-07T05:00:00+00:00
tile_RA313.916_DECm4.450:5074,314.3349025441,-4.2888087365,False,False,0,650.2927276832062,1953-08-18T07:07:00+00:00
tile_RA31.816_DECm4.307:1033,32.0738590842,-4.3584668552,False,False,0,501.57886072002174,1954-11-23T04:43:00+00:00
tile_RA343.880_DECm3.228:574,343.9011998919,-3.4351168767,False,False,0,156.39085495658816,1953-09-06T07:03:00+00:00
tile_RA73.777_DECm3.762:2215,73.785978583,-3.5019386468,False,True,1,38.013306617872615,1955-12-14T07:23:00+00:00
tile_RA247.859_DECm2.316:470,247.7788090052,-2.7331971875,False,False,0,406.6157994686173,1950-06-12T07:00:00+00:00
tile_RA155.855_DECm0.743:1811,155.458216343,-0.7050274994,False,False,0,302.8921166370913,1952-01-30T09:23:00+00:00
tile_RA183.857_DECm0.807:1565,183.9165198167,-0.7911156019,False,False,0,328.7182182191402,1955-04-19T06:47:00+00:00
tile_RA186.857_DECm1.801:1470,186.5053524204461,-1.6617686648454717,False,True,1,38.317581395734315,1955-04-20T06:15:00+00:00
tile_RA194.858_DECm0.787:580,194.4971473131,-0.9587945095,False,True,1,40.35802833168584,1956-03-15T10:02:00+00:00
tile_RA228.860_DECm0.530:1245,229.1949054818,-0.7454933592,False,False,0,97.16718768974445,1955-04-19T08:27:00+00:00
tile_RA231.860_DECm0.530:371,231.8633269303,-0.9303105065,False,False,0,494.7887075401842,1955-04-19T08:27:00+00:00
tile_RA258.858_DECm1.155:4860,258.8331983837,-1.0584797423,False,False,0,469.17483551158114,1954-07-30T05:33:00+00:00
tile_RA277.856_DECm1.903:1585,278.177642272,-1.9060262101,False,False,0,185.22856909448956,1954-06-01T09:13:00+00:00
tile_RA307.854_DECm1.515:4284,308.2120081347,-1.5837356308,False,False,0,819.9624370247828,1953-08-16T06:53:00+00:00
tile_RA319.854_DECm0.391:286,319.904125674,-0.8152384183,False,False,0,218.97951432024706,1952-08-23T07:33:00+00:00
tile_RA108.855_DECm1.262:7655,108.669640416,-1.3405469974,False,False,0,346.7487188042375,1955-11-22T10:35:00+00:00
tile_RA126.854_DECm1.485:4583,126.6822088772,-1.4919361726,False,False,0,292.82023844855985,1954-12-20T10:40:00+00:00
tile_RA19.859_DECm0.236:288,19.5808712002,-0.5244280557,False,False,0,90.2904514192183,1954-10-30T06:48:00+00:00
tile_RA211.859_DECp0.307:1207,211.7971002006,0.2411713817,False,False,0,361.73056474262336,1955-05-16T05:12:00+00:00
tile_RA218.860_DECp0.355:926,219.1157033436,0.2234370461,False,False,0,243.0395845412362,1955-05-22T06:13:00+00:00
tile_RA219.860_DECm0.645:2428,219.7820817989,-0.5586656995,False,False,0,242.3370382082915,1955-05-22T06:13:00+00:00
tile_RA229.860_DECm0.530:2031,229.8344124813,-0.637046,False,False,0,456.8095011806121,1955-04-19T08:27:00+00:00
tile_RA348.856_DECm0.208:874,348.9607874728,0.0777329731,False,False,0,309.6296857302868,1953-10-01T06:47:00+00:00
tile_RA60.859_DECp0.392:1217,60.62068915886445,0.5870757562892779,False,False,0,291.74044683679654,1951-01-03T04:07:00+00:00
tile_RA104.856_DECm0.181:7926,104.8543363489,-0.2234272705,False,False,0,601.4527027828834,1955-03-18T03:27:00+00:00
tile_RA108.855_DECm0.262:10878,108.4343811101442,-0.1665161790318692,False,False,0,154.05492410695086,1955-11-22T10:35:00+00:00
tile_RA120.854_DECp0.585:1152,120.7645646405,0.2619069735,False,False,0,124.61571895947523,1954-12-04T11:08:00+00:00
tile_RA331.855_DECp0.706:1963,332.0468272316,0.8553485693,False,False,0,158.03706242030324,1954-07-27T09:38:00+00:00
tile_RA5.857_DECp0.801:1213,5.7616506105,1.0556738541,False,False,0,487.3491404388093,1952-09-14T07:05:00+00:00
tile_RA6.857_DECp1.801:968,7.2081761288,1.6953644376,False,False,0,312.57299070388706,1952-09-14T07:05:00+00:00
tile_RA9.858_DECp0.801:737,9.6523167894,1.2383255211,False,False,0,95.80370308583245,1952-09-14T07:05:00+00:00
tile_RA343.855_DECp2.772:79,343.6658215138,2.3174791426,False,False,0,80.97245514306692,1953-11-30T02:03:00+00:00
tile_RA67.859_DECp2.316:631,67.7359990436,2.0492515478,False,False,0,560.6286514357548,1955-12-15T05:43:00+00:00
tile_RA7.858_DECp2.801:1147,7.9196518035,3.0536350074,False,False,0,275.66535015100703,1952-09-14T07:05:00+00:00
tile_RA91.857_DECp1.987:7198,91.6550831372,2.3631261305,False,False,0,248.67268720322113,1955-11-19T09:05:00+00:00
tile_RA106.991_DECp2.705:5138,107.272164879,2.5267609897,False,False,0,286.0205291569731,1955-11-22T10:35:00+00:00
tile_RA116.988_DECp2.551:3586,117.2865296573,2.4473531716,False,False,0,431.636315869988,1953-01-01T09:12:00+00:00
tile_RA118.990_DECp2.551:3811,118.7891990001,2.6632895201,False,False,0,368.11335426070906,1954-12-04T11:08:00+00:00
tile_RA119.991_DECp3.551:1660,119.7996165482,3.2635076875,False,False,0,227.62146142389582,1949-11-30T11:08:00+00:00
tile_RA119.991_DECp2.551:2996,119.6507898837,2.7856211716,False,False,0,563.0714517755464,1954-12-04T11:08:00+00:00
tile_RA240.780_DECp4.607:1606,240.6453975171,4.4967838142,False,False,0,723.1951630946651,1954-05-24T07:40:00+00:00
tile_RA118.990_DECp3.551:4680,118.8568958215,3.7969281034,False,False,0,1140.0137305074963,1949-11-30T11:08:00+00:00
tile_RA118.990_DECp4.551:554,119.0615865266,4.1377572973,False,False,0,416.2778346813453,1949-11-30T11:08:00+00:00
tile_RA177.872_DECp5.196:1231,178.3331371449,5.3514546682,False,False,0,212.82817984623875,1952-04-18T06:32:00+00:00
tile_RA185.839_DECp5.199:906,185.6522776956,5.1349375899,False,False,0,331.95124476254813,1956-03-09T09:38:00+00:00
tile_RA197.823_DECp5.236:1650,197.4482634749,5.2034510271,False,False,0,353.4394805080543,1956-03-09T10:03:00+00:00
tile_RA225.811_DECp5.409:927,226.2005712998,5.235816192,False,False,0,151.72443046045743,1955-05-15T06:15:00+00:00
tile_RA239.776_DECp5.607:1239,239.6335536957,5.3872929777,False,False,0,603.7470853512842,1954-05-24T07:40:00+00:00
tile_RA239.776_DECp5.607:3543,239.5894442151,5.7491812191,False,False,0,612.8538164285656,1954-05-24T07:40:00+00:00
tile_RA240.780_DECp4.607:2645,240.686672993,4.9342800416,False,False,0,664.2785551912002,1954-05-24T07:40:00+00:00
tile_RA30.896_DECp5.692:982,30.5523037654,5.991104445,False,False,0,249.77481853191367,1954-11-23T05:30:00+00:00
tile_RA32.910_DECp5.692:1163,32.6241799178,5.8913375462,False,False,0,277.2725967997044,1954-11-23T05:30:00+00:00
tile_RA54.923_DECp5.463:1140,55.0463264768,5.8272920738,False,False,0,244.4907441521543,1955-12-10T05:37:00+00:00
tile_RA8.875_DECp5.801:421,8.5129905537,5.5485477029,False,False,0,168.27390959624336,1953-12-07T03:45:00+00:00
tile_RA96.935_DECp4.902:9823,96.7222165128,5.3264031386,False,False,0,109.72762716342028,1953-12-10T08:37:00+00:00
tile_RA98.946_DECp5.902:7424,99.2085660046,5.8926576482,False,False,0,63.32601476276719,1953-12-10T08:37:00+00:00
tile_RA120.922_DECp5.585:875,120.7723852268,5.2359186433,False,False,0,1245.1309172883236,1949-11-30T11:08:00+00:00
tile_RA133.916_DECp5.450:2206,133.8897035489,5.5357624457,False,False,0,586.1735364762109,1955-03-23T05:32:00+00:00
tile_RA162.876_DECp6.228:1553,163.048475356,6.361998106,False,False,0,170.6680985622023,1953-04-15T05:43:00+00:00
tile_RA181.856_DECp7.193:393,182.100251089,6.9736756615,False,False,0,152.51871819383766,1957-04-28T05:57:00+00:00
tile_RA18.879_DECp6.764:933,18.5067000393,6.7157359211,False,False,0,111.09608652666515,1954-09-05T09:33:00+00:00
tile_RA229.796_DECp7.469:796,229.652035797,7.2187204811,False,False,0,926.3139398715167,1955-05-18T07:32:00+00:00
tile_RA240.780_DECp6.607:3933,240.5761501086,6.5936187293,False,False,0,1248.147199963468,1954-05-24T07:40:00+00:00
tile_RA248.786_DECp6.683:2793,248.3654989224,6.6010177728,False,False,0,1037.2560566003533,1950-04-18T11:15:00+00:00
tile_RA320.805_DECp6.608:3198,321.0924945843,6.9159139641,False,False,0,353.8814869695098,1952-08-18T06:48:00+00:00
tile_RA349.840_DECp6.792:455,349.8087888427,6.5486770253,False,False,0,125.00414256047418,1951-08-09T10:00:00+00:00
tile_RA36.904_DECp7.645:171,36.9977151487,7.2459831444,False,True,1,37.86268335377904,1954-12-21T03:50:00+00:00
tile_RA62.940_DECp6.392:664,62.8613845379,6.2409461341,False,False,0,61.487986896127595,1954-12-21T06:23:00+00:00
tile_RA63.946_DECp6.392:420,63.8056502021,6.0784286672,False,False,0,359.31767968156305,1954-12-21T06:23:00+00:00
tile_RA77.930_DECp6.154:5151,77.5962969397,6.2173343369,False,False,0,444.6979372216211,1954-11-05T11:12:00+00:00
tile_RA78.935_DECp7.154:5135,79.1642844307,7.1773858836,False,False,0,362.0883356159781,1954-11-05T11:12:00+00:00
tile_RA93.953_DECp5.986:10760,93.6568602531,6.1060299917,False,False,0,159.13143742449142,1950-12-10T07:07:00+00:00
tile_RA13.877_DECp7.787:1298,14.3323231956,7.8804655279,False,False,0,405.7081801925388,1953-10-31T06:28:00+00:00
tile_RA19.886_DECp8.764:670,19.7011190018,8.6399046319,False,False,0,229.67494588915565,1954-09-05T09:33:00+00:00
tile_RA223.802_DECp7.409:2267,223.5700742346,7.3901914862,False,False,0,496.8540501150365,1955-05-15T06:15:00+00:00
tile_RA229.796_DECp7.469:2873,229.8563190353,7.5231927562,False,False,0,1224.1722888479128,1955-05-18T07:32:00+00:00
tile_RA44.924_DECp7.591:831,44.8620956945,7.503205845,False,False,0,198.19535238748273,1955-01-14T03:28:00+00:00
tile_RA162.886_DECp10.228:461,162.4942727632,9.9708205892,False,False,0,155.27544800993124,1954-02-09T10:08:00+00:00
tile_RA163.905_DECp9.228:1216,163.8157102894,9.6417119411,False,False,0,183.05098335203547,1954-02-09T10:08:00+00:00
tile_RA205.787_DECp9.268:1687,205.5727196907,9.2451529579,False,False,0,603.8375874146758,1954-03-31T09:20:00+00:00
tile_RA331.813_DECp8.705:2669,331.5949784842,8.9956640129,False,False,0,126.47795105376304,1953-08-16T08:42:00+00:00
tile_RA337.822_DECp8.743:2203,338.2162168433,8.821210488,False,False,0,98.95027384938365,1954-07-30T09:53:00+00:00
tile_RA158.941_DECp11.257:360,158.5927300632,11.0189862714,False,False,0,274.4607573836988,1951-02-03T08:42:00+00:00
tile_RA203.748_DECp11.268:1657,203.7681419858,11.3164679276,False,False,0,606.1825702307672,1954-03-31T09:20:00+00:00
tile_RA241.710_DECp10.607:99,241.8605101255,10.1359325443,False,False,0,237.31971278739053,1950-07-11T05:15:00+00:00
tile_RA325.755_DECp10.660:3143,326.1227818489,10.6043465037,False,False,0,968.008229164577,1953-08-19T07:50:00+00:00
tile_RA179.815_DECp11.193:1136,179.6842942335,11.4183031829,False,False,0,271.49180180072125,1955-04-13T06:17:00+00:00
tile_RA17.864_DECp12.764:743,17.9522047499,12.6392901487,False,False,0,228.23577883805007,1952-12-10T03:03:00+00:00
tile_RA200.823_DECp11.236:966,200.8463347208,11.6226488129,False,False,0,274.7834090511595,1955-05-15T04:52:00+00:00
tile_RA204.767_DECp12.268:469,205.1238371262,12.0660974833,False,False,0,675.1114292218973,1954-03-31T09:20:00+00:00
tile_RA213.811_DECp11.307:962,213.9167033558,11.7480155084,False,False,0,528.6571880388417,1954-05-03T06:43:00+00:00
tile_RA225.783_DECp11.408:2269,225.3818125424,11.4241004245,False,False,0,686.4833166245953,1954-06-02T06:23:00+00:00
tile_RA269.596_DECp12.060:9623,269.5574035557,12.1956858505,False,False,0,1053.7759159558516,1950-05-18T11:12:00+00:00
tile_RA30.923_DECp12.692:781,30.9138516721,12.6356112633,False,False,0,122.48841623009103,1950-08-13T10:45:00+00:00
tile_RA325.755_DECp12.660:796,325.8708872173,12.3019230286,False,False,0,667.6859788814971,1953-08-19T07:50:00+00:00
tile_RA350.848_DECp12.792:741,351.3215614628,12.6500493213,False,False,0,127.1384075048313,1951-08-07T09:08:00+00:00
tile_RA52.038_DECp12.530:525,52.0067373398,12.4186854305,False,False,0,1221.4100087355255,1949-11-19T06:50:00+00:00
tile_RA66.993_DECp12.315:1882,67.319577915,12.5666556645,False,False,0,102.52789241024776,1955-12-11T07:05:00+00:00
tile_RA110.017_DECp11.737:2925,109.6285326231,11.5747216915,False,False,0,126.09213805383288,1955-03-22T04:02:00+00:00
tile_RA111.039_DECp11.737:6758,111.2672551418,12.139740648,False,False,0,468.82382756922567,1955-03-22T04:02:00+00:00
tile_RA111.039_DECp11.737:8073,111.256641281,11.965049831,False,False,0,246.24018744033756,1955-03-22T04:02:00+00:00
tile_RA122.001_DECp11.584:3206,121.7148348705,11.7336913913,False,True,1,30.849347566033153,1951-03-27T04:33:00+00:00
tile_RA11.846_DECp12.787:156,11.6801605767,12.3975932554,False,False,0,154.13924055843412,1954-11-22T04:28:00+00:00
tile_RA139.966_DECp13.391:1733,140.3961983378,13.4086463627,False,False,0,261.2520768029314,1955-12-11T11:38:00+00:00
tile_RA193.820_DECp13.213:1083,193.8177837855,13.503058954,False,False,0,360.6430092980851,1950-02-16T10:08:00+00:00
tile_RA312.704_DECp13.549:1801,312.7190928987,13.2127557497,False,False,0,1710.7456894360278,1952-08-19T06:47:00+00:00
tile_RA320.766_DECp13.608:3752,320.5951171971,13.946753329,False,False,0,1055.8056963934603,1951-07-30T09:00:00+00:00
tile_RA324.730_DECp13.660:530,324.5480821397,13.2530406492,False,False,0,280.8820058674987,1953-08-19T07:50:00+00:00
tile_RA32.973_DECp13.692:1095,33.2127746169,13.9975962661,False,False,0,243.29984197959223,1950-08-13T10:45:00+00:00
tile_RA54.976_DECp12.463:1122,54.6469690604,12.7715433095,False,False,0,254.06653199880853,1954-01-03T05:02:00+00:00
tile_RA69.040_DECp13.315:1081,69.0757634481,13.1765446204,False,False,0,71.99343722393105,1955-12-11T07:05:00+00:00
tile_RA19.914_DECp14.764:1377,19.6515915625,14.6948904975,False,False,0,83.74225879680803,1952-12-10T03:03:00+00:00
tile_RA217.703_DECp15.354:647,217.7579093847,15.1952664303,False,False,0,1097.186478421345,1955-05-11T06:38:00+00:00
tile_RA38.988_DECp13.645:917,39.0083294689,14.0438360473,False,False,0,176.22690985662436,1954-12-20T03:48:00+00:00
tile_RA174.742_DECp16.169:708,174.6923326899,16.602085725,False,False,0,91.83429712359032,1955-04-23T04:47:00+00:00
tile_RA217.703_DECp15.354:1812,218.1063880534,15.3681999665,False,False,0,749.7437701083959,1955-05-11T06:38:00+00:00
tile_RA235.646_DECp16.535:183,235.7751215417,16.1157173029,False,False,0,237.78698577828294,1950-04-17T09:20:00+00:00
tile_RA265.596_DECp16.927:1618,265.6083173845,16.6294773827,False,False,0,1044.7146028986651,1951-07-07T07:03:00+00:00
tile_RA128.063_DECp15.514:2120,128.1302381913,15.6682078433,False,False,0,187.44516807462745,1954-12-21T10:18:00+00:00
tile_RA160.051_DECp17.257:1289,159.5478698217,17.3420671963,False,False,0,150.8097201437803,1950-03-20T07:08:00+00:00
tile_RA173.696_DECp17.169:1104,173.6371756712,17.4167108276,False,False,0,273.8235044228395,1955-04-23T04:47:00+00:00
tile_RA173.696_DECp17.169:1239,173.42480171,17.1143162056,False,False,0,151.6979145857055,1955-04-23T04:47:00+00:00
tile_RA174.742_DECp17.169:1139,174.6661562073,17.3857811317,False,False,0,279.09880316074134,1955-04-23T04:47:00+00:00
tile_RA175.789_DECp17.169:1013,175.5377525954,17.3505228318,False,False,0,123.67362600627916,1955-04-23T04:47:00+00:00
tile_RA177.882_DECp17.169:1116,177.5944035728,17.2065201559,False,False,0,184.93616393082334,1955-04-23T04:47:00+00:00
tile_RA217.703_DECp17.354:1538,217.2812103572,17.4821122411,False,False,0,720.1885759851218,1955-05-11T06:38:00+00:00
tile_RA241.631_DECp17.606:2815,242.0407507632,17.7729469377,False,False,0,1000.0200816602494,1950-04-17T11:32:00+00:00
tile_RA255.708_DECp17.761:5195,255.4235096876,17.8576399069,False,False,0,1545.6940553449308,1950-05-18T09:53:00+00:00
tile_RA271.595_DECp17.011:13071,271.5997882546,17.4230824987,False,False,0,1904.2463467792477,1952-07-16T06:22:00+00:00
tile_RA318.626_DECp17.608:7990,318.6489522441,17.8737666395,False,False,0,1454.0785617748202,1954-07-09T09:07:00+00:00
tile_RA324.647_DECp17.660:1097,324.3635028727,17.3552384629,False,False,0,798.6983574990143,1951-09-22T05:33:00+00:00
tile_RA117.141_DECp17.658:2481,117.3181238147,17.5719899228,False,False,0,179.59507035957807,1955-12-11T10:35:00+00:00
tile_RA118.191_DECp17.658:206,118.0793905354,17.2042318983,False,False,0,183.02419610912776,1955-12-11T10:35:00+00:00
tile_RA130.160_DECp17.514:2504,129.8903075678,17.5676944289,False,False,0,104.99792261274244,1954-12-21T10:18:00+00:00
tile_RA134.045_DECp16.449:1408,134.1319244945,16.7310393653,False,False,0,146.11469275541452,1950-03-21T05:43:00+00:00
tile_RA0.805_DECp18.807:459,0.6887681148,18.528231461,False,False,0,628.1633359499269,1954-09-03T08:10:00+00:00
tile_RA141.074_DECp18.391:423,140.809044222,18.1184594875,False,False,0,258.9789142592313,1950-03-20T06:07:00+00:00
tile_RA141.074_DECp18.391:895,141.1765872168,18.8343449859,False,False,0,203.05291154106195,1950-03-20T06:07:00+00:00
tile_RA144.957_DECp18.339:1352,144.6964546126,18.3474596653,False,False,0,165.13562948889376,1955-12-11T12:00:00+00:00
tile_RA146.004_DECp19.339:582,145.789529053,19.230583658,False,False,0,305.66059639392074,1955-12-11T12:00:00+00:00
tile_RA271.595_DECp18.011:11905,271.8629563843,18.2938007466,False,False,0,941.0198392682432,1952-07-16T06:22:00+00:00
tile_RA28.082_DECp18.732:1689,28.2783942051,18.7157595847,False,False,0,144.16118167857454,1954-11-22T05:02:00+00:00
tile_RA323.592_DECp18.660:2862,323.5010302043,18.5885987583,False,False,0,2365.354633307874,1951-09-22T05:33:00+00:00
tile_RA323.592_DECp18.660:3102,323.6307365289,18.6217044501,False,False,0,2442.0458808821036,1951-09-22T05:33:00+00:00
tile_RA330.671_DECp18.705:2495,331.1636159835,18.6536555819,False,False,0,817.489077488117,1950-07-16T10:35:00+00:00
tile_RA345.890_DECp18.772:483,345.6046732005,18.4842417893,False,False,0,1049.4325198003528,1954-08-01T09:43:00+00:00
tile_RA354.777_DECp17.804:1837,354.5507654372,18.0665752678,False,False,0,259.0258370966323,1954-08-26T09:57:00+00:00
tile_RA35.907_DECp18.645:284,35.8260835293,18.287426079,False,False,0,260.3753870407194,1951-11-30T04:42:00+00:00
tile_RA40.129_DECp18.645:723,40.1605664173,18.4362519105,False,False,0,255.1410560141886,1951-11-30T04:42:00+00:00
tile_RA67.047_DECp18.315:2021,66.9026553959,18.2285359633,False,False,0,237.79556556984414,1955-12-10T07:25:00+00:00
tile_RA79.063_DECp18.153:3723,78.5945063668,18.046843425,False,False,0,171.51328831817824,1953-01-09T04:55:00+00:00
tile_RA99.167_DECp18.901:6922,98.9514671282,18.8836018634,False,False,0,372.73475389094904,1955-11-10T11:28:00+00:00
tile_RA116.092_DECp18.658:2365,115.8317630044,18.5946779755,False,False,0,346.4503022604797,1955-12-11T10:35:00+00:00
tile_RA127.015_DECp18.514:618,126.8898597658,18.2165912135,False,False,0,113.16719327436813,1954-12-21T10:18:00+00:00
tile_RA138.978_DECp18.391:1436,138.5376959515,18.6621411635,False,False,0,61.237675856042564,1950-03-20T06:07:00+00:00
tile_RA235.646_DECp19.535:1658,235.8747194774,19.8164358053,False,False,0,673.9393921942066,1950-04-17T09:20:00+00:00
tile_RA270.543_DECp19.011:10424,270.2767663386,19.4038791549,False,False,0,2615.385233046877,1952-07-16T06:22:00+00:00
tile_RA344.834_DECp19.772:2426,344.5866976718,19.7592013913,False,False,0,544.4267374932632,1954-08-01T09:43:00+00:00
tile_RA349.805_DECp20.792:411,350.1620879893,20.4365247479,False,False,0,948.7573038557827,1951-08-12T09:13:00+00:00
tile_RA55.020_DECp19.463:2446,55.1814577095,19.4509261984,False,False,0,120.90731200192647,1951-11-30T06:28:00+00:00
tile_RA80.116_DECp19.153:7430,80.4829207449,19.4965139198,False,True,1,41.159613308702774,1953-01-09T04:55:00+00:00
tile_RA8.946_DECp19.801:2084,8.653702804,19.8059508948,False,False,0,384.77815155524223,1953-11-29T03:52:00+00:00
tile_RA140.026_DECp19.391:1819,140.5051281607,19.4566558774,False,False,0,84.87138894900087,1950-03-20T06:07:00+00:00
tile_RA12.861_DECp19.787:1302,12.9324246223,20.0138552242,False,False,0,377.99226261283144,1953-12-31T02:17:00+00:00
tile_RA170.918_DECp21.205:420,171.0798248993,21.0493665188,False,False,0,86.79503772384882,1955-03-21T07:42:00+00:00
tile_RA184.927_DECp22.194:440,184.4944240374,21.9838384435,False,False,0,653.6939676712259,1950-06-09T05:15:00+00:00
tile_RA242.045_DECp21.612:1803,241.7605444994,21.5284944427,False,False,0,568.6445243267079,1950-05-14T09:50:00+00:00
tile_RA255.013_DECp21.781:4525,255.3295311274,21.7639633803,False,False,0,,1955-03-31T11:53:00+00:00
tile_RA331.727_DECp20.705:3714,331.7377561706,20.9178547261,False,False,0,722.6568995952639,1950-07-16T10:35:00+00:00
tile_RA156.906_DECp22.257:1067,156.4502505933,22.4872138286,False,False,0,345.954063161154,1955-04-12T04:27:00+00:00
tile_RA191.387_DECp23.204:183,191.5950291431,22.8998934654,False,False,0,685.0382030854407,1955-05-21T04:23:00+00:00
tile_RA197.849_DECp23.224:721,197.3272826921,23.1273140336,False,False,0,1189.4043891117983,1956-03-17T08:13:00+00:00
tile_RA197.849_DECp23.224:1113,197.7409340944,23.2648527494,False,False,0,423.77855603863367,1956-03-17T08:13:00+00:00
tile_RA220.441_DECp23.398:677,220.1211357239,23.1756838776,False,False,0,2421.1962658579296,1950-05-08T08:07:00+00:00
tile_RA228.002_DECp23.463:713,227.6240320884,23.2926062293,False,False,0,607.0852226945558,1950-04-18T09:07:00+00:00
tile_RA60.670_DECp22.409:818,60.6205630262,22.1418708817,False,False,0,495.9342212415472,1949-12-21T04:35:00+00:00
tile_RA99.711_DECp21.879:9990,99.8352374905,22.0448962475,False,False,0,251.62197025341274,1949-11-25T09:10:00+00:00
tile_RA8.404_DECp22.800:1229,8.7402863174,22.7671192237,False,False,0,460.59848664219163,1954-08-30T09:58:00+00:00
tile_RA139.686_DECp22.404:710,139.7715990897,22.8112658373,False,False,0,94.82967022207761,1951-02-03T07:17:00+00:00
tile_RA150.442_DECp23.297:1231,149.9811891662,23.3539878049,False,False,0,701.1927191270637,1955-03-21T05:57:00+00:00
tile_RA151.531_DECp24.297:1147,151.982069312,24.3528734982,False,False,0,523.0236432011999,1955-03-21T05:57:00+00:00
tile_RA163.369_DECp23.226:968,163.588808832,23.427055404,False,False,0,371.29493885844033,1955-03-24T06:27:00+00:00
tile_RA165.545_DECp24.226:980,165.7758017793,24.1720888384,False,False,0,431.07435538098434,1955-03-24T06:27:00+00:00
tile_RA177.379_DECp23.194:910,177.0442619663,23.5156350793,False,False,0,139.61617169558227,1950-05-09T05:27:00+00:00
tile_RA189.211_DECp24.204:536,189.3790167383,24.5713081272,False,False,0,687.1749722458477,1955-05-21T04:23:00+00:00
tile_RA192.475_DECp23.204:723,192.4274759706,23.5159471593,False,False,0,229.72062879969937,1955-05-21T04:23:00+00:00
tile_RA202.134_DECp24.253:1264,202.5288876627,24.2690009511,False,False,0,296.1104826587372,1950-05-19T06:18:00+00:00
tile_RA21.485_DECp24.756:714,21.5426549924,24.6156162664,False,False,0,781.7325096924491,1954-09-27T08:25:00+00:00
tile_RA218.331_DECp23.341:1757,218.4272371004,23.4224056499,False,False,0,1564.5478360431234,1950-03-20T11:50:00+00:00
tile_RA246.343_DECp23.695:1898,246.0763257541,24.0462189858,False,False,0,2690.3008939340325,1955-05-21T08:12:00+00:00
tile_RA247.435_DECp23.695:2572,247.5231688027,23.8846215516,False,False,0,2908.894263641403,1955-05-21T08:12:00+00:00
tile_RA255.013_DECp23.781:3364,255.2068540488,23.9750414404,False,False,0,799.3383734378366,1955-03-31T11:53:00+00:00
tile_RA346.265_DECp24.781:980,345.9668280274,24.6145895906,False,False,0,986.0748764654817,1954-08-08T10:30:00+00:00
tile_RA84.525_DECp24.062:2562,84.3783924396,23.9367127661,False,False,0,251.9409405932792,1951-11-07T10:00:00+00:00
tile_RA88.906_DECp24.062:11147,88.6725273474,24.397448794,False,False,0,159.3176678379066,1951-11-07T10:00:00+00:00
tile_RA9.506_DECp23.800:812,9.8595860198,23.6492096987,False,False,0,880.5858772811986,1954-08-30T09:58:00+00:00
tile_RA118.080_DECp24.620:1403,117.6003120133,24.4754784165,False,True,1,30.82248614884828,1950-12-08T11:03:00+00:00
tile_RA125.650_DECp23.542:1298,125.6593919374,23.8982269566,False,False,0,66.13681224005853,1955-03-24T03:33:00+00:00
tile_RA129.944_DECp23.470:1631,130.0779878032,23.6910146395,False,False,0,157.9462595228058,1955-03-22T05:23:00+00:00
tile_RA157.995_DECp25.257:1023,157.7417854262,25.4058176464,False,False,0,216.9490894396827,1955-04-12T04:27:00+00:00
tile_RA177.379_DECp25.194:167,177.4070742227,24.8044473978,False,True,1,51.68860040002394,1950-05-09T05:27:00+00:00
tile_RA208.598_DECp24.293:836,208.7649689501,24.7278089264,False,False,0,573.1915908033607,1950-04-11T08:43:00+00:00
tile_RA209.686_DECp25.293:70,209.6402797938,24.8361339609,False,False,0,1210.2648303796366,1950-04-11T08:43:00+00:00
tile_RA22.586_DECp24.756:1699,22.7881156871,24.8170198704,False,False,0,315.46016377568725,1954-09-27T08:25:00+00:00
tile_RA242.045_DECp24.612:2106,242.0460564765,24.9725888349,False,False,0,2793.4834534331894,1950-05-14T09:50:00+00:00
tile_RA307.064_DECp25.478:1871,306.9402171518,25.0718462369,False,False,0,2331.921096005164,1956-05-10T10:55:00+00:00
tile_RA339.725_DECp25.753:489,339.7145557729,25.3603836052,False,False,0,1589.7281670637306,1953-09-15T08:20:00+00:00
tile_RA340.826_DECp25.753:3438,340.9855609863,25.7144733539,False,False,0,1164.9999998739693,1953-09-15T08:20:00+00:00
tile_RA345.163_DECp25.781:3260,345.0323815272,25.8546121023,False,False,0,959.6114461739475,1954-08-08T10:30:00+00:00
tile_RA345.163_DECp25.781:3464,344.6411382809,25.7798549283,False,False,0,1183.8510411167028,1954-08-08T10:30:00+00:00
tile_RA345.163_DECp25.781:1198,345.2990567351,25.6286352066,False,False,0,1098.9496811049628,1954-08-08T10:30:00+00:00
tile_RA67.188_DECp25.327:285,66.9430213855,24.9115145486,False,False,0,205.4421778003815,1950-12-10T05:03:00+00:00
tile_RA85.621_DECp25.062:6573,86.0791750481,25.1521066828,False,False,0,154.22715870330475,1951-11-07T10:00:00+00:00
tile_RA9.506_DECp24.800:2458,9.4405608626,24.7967629738,False,False,0,678.9448722262191,1954-08-30T09:58:00+00:00
tile_RA133.215_DECp24.470:805,133.2619205364,24.9658365217,False,False,0,161.61267222465207,1955-03-22T05:23:00+00:00
tile_RA196.731_DECp27.223:541,196.9797289886,27.1102280689,False,False,0,707.2906369648546,1955-04-15T06:28:00+00:00
tile_RA248.402_DECp27.747:119,248.2843416606,27.2756184582,False,False,0,,1954-06-27T06:15:00+00:00
tile_RA1.863_DECp26.807:1356,2.1391684741,27.2064676054,False,False,0,790.4722599429891,1950-08-11T11:02:00+00:00
tile_RA352.805_DECp26.799:3250,353.12877936,26.8695575316,False,False,0,1117.6046397852401,1953-10-08T06:48:00+00:00
tile_RA41.091_DECp26.618:638,41.5109440871,26.3754447417,False,False,0,152.7416899882098,1950-12-08T04:23:00+00:00
tile_RA170.937_DECp28.205:760,170.5211404395,28.1049556631,False,False,0,721.9440982608224,1950-05-05T04:33:00+00:00
tile_RA196.731_DECp28.223:718,197.1655234336,28.4651163575,False,False,0,1058.3911392673704,1955-04-15T06:28:00+00:00
tile_RA196.731_DECp28.223:780,196.2607688897,28.1160005904,False,False,0,619.8669641546708,1955-04-15T06:28:00+00:00
tile_RA209.635_DECp28.293:1290,209.5559463652,28.464012179,False,False,0,2614.0505348389147,1950-04-18T08:10:00+00:00
tile_RA214.944_DECp28.341:1099,214.5774920236,28.2531348031,False,False,0,2240.951908765006,1950-04-12T09:30:00+00:00
tile_RA223.698_DECp28.398:198,223.5928714435,27.9896339193,False,False,0,951.0587104380929,1955-04-14T08:22:00+00:00
tile_RA229.013_DECp27.463:1278,228.8339959836,27.3633754058,False,False,0,,1954-06-26T04:58:00+00:00
tile_RA235.480_DECp28.534:197,235.6208299168,28.1113978633,False,False,0,1037.3829319445838,1950-05-18T08:20:00+00:00
tile_RA113.939_DECp28.702:1923,114.451566727,28.5521056405,False,True,1,56.522367823817376,1953-02-15T05:47:00+00:00
tile_RA162.195_DECp29.226:772,162.2527387801,29.6161972413,False,False,0,448.4837617800933,1955-03-22T07:25:00+00:00
tile_RA181.543_DECp29.194:57,181.335846953,28.7411352167,False,False,0,547.9239592216436,1955-04-17T06:32:00+00:00
tile_RA223.698_DECp29.398:1412,223.5799321733,29.6419250224,False,False,0,1789.3420224060897,1955-04-14T08:22:00+00:00
tile_RA235.480_DECp29.534:1867,235.5871051479,29.7650314497,False,False,0,1761.5888150968121,1950-05-18T08:20:00+00:00
tile_RA236.629_DECp28.534:2095,236.6048602032,28.6810939027,False,False,0,1247.3595964965543,1950-05-18T08:20:00+00:00
tile_RA265.583_DECp29.961:1333,265.4420757467,29.6770527294,False,False,0,3048.598515652371,1952-07-18T06:15:00+00:00
tile_RA28.016_DECp28.737:1444,28.3294830561,29.102400458,False,False,0,136.92153544805947,1951-11-04T07:00:00+00:00
tile_RA339.686_DECp29.753:1775,339.4732075428,29.6098426303,False,False,0,805.2790253559054,1954-08-08T09:07:00+00:00
tile_RA339.686_DECp28.753:3644,339.7523826321,29.0512310344,False,False,0,267.4573284184457,1954-08-08T09:07:00+00:00
tile_RA340.850_DECp29.753:2680,340.9547663486,29.6953755504,False,False,0,3507.3443004000164,1954-08-08T09:07:00+00:00
tile_RA352.790_DECp28.799:1388,352.9346909539,29.2799610549,False,False,0,1556.197208340333,1953-12-07T02:28:00+00:00
tile_RA105.153_DECp29.789:1594,104.8699869412,29.5146910279,False,False,0,330.0423571942964,1955-02-23T04:27:00+00:00
tile_RA111.636_DECp28.702:4594,111.7099589662,28.9135348929,False,False,0,184.00053793445795,1953-02-15T05:47:00+00:00
tile_RA119.265_DECp29.619:954,119.4088426254,29.4456559176,False,False,0,305.44755272511236,1955-03-13T04:22:00+00:00
tile_RA128.036_DECp29.541:918,128.2599107061,29.421597776,False,False,0,119.2435714238473,1955-03-21T04:30:00+00:00
tile_RA137.520_DECp29.404:1678,136.987341049,29.4593861197,False,False,0,305.4424127482548,1955-03-24T05:12:00+00:00
tile_RA0.508_DECp30.807:2748,0.7088440213,30.9768697093,False,False,0,1291.5112012369705,1954-10-30T04:18:00+00:00
tile_RA0.700_DECp30.807:2659,0.7088410867,30.9768679926,False,False,0,1291.5101301862326,1954-10-30T04:18:00+00:00
tile_RA164.487_DECp30.226:1481,163.987936272,30.2410570109,False,False,0,330.93354293147115,1955-03-22T07:25:00+00:00
tile_RA196.731_DECp30.223:669,196.6328901432,30.6226519823,False,False,0,1246.3614563303088,1955-04-15T06:28:00+00:00
tile_RA229.013_DECp30.463:1327,228.9332425171,30.7518102527,False,False,0,,1954-06-26T04:58:00+00:00
tile_RA253.758_DECp30.780:372,253.9972733174,30.3694654601,False,False,0,453.14933667857514,1950-05-20T09:15:00+00:00
tile_RA25.689_DECp30.737:2051,25.9355534822,31.0347787933,False,False,0,311.1552615618426,1951-11-04T07:00:00+00:00
tile_RA266.738_DECp29.961:4275,267.0750416222,30.192540497,False,False,0,,1952-07-18T06:15:00+00:00
tile_RA26.852_DECp30.737:398,26.6153514992,30.3718707668,False,False,0,614.651062758891,1951-11-04T07:00:00+00:00
tile_RA28.016_DECp29.737:1299,28.0494104515,30.1589189683,False,False,0,390.0926976164255,1951-11-04T07:00:00+00:00
tile_RA28.016_DECp30.737:2809,28.1746481675,30.7371594183,False,False,0,273.003220401735,1951-11-04T07:00:00+00:00
tile_RA339.686_DECp30.753:5315,339.5218051184,30.7866866269,False,False,0,455.50331524603877,1954-08-08T09:07:00+00:00
tile_RA36.943_DECp30.673:1980,37.0278741988,31.0105090851,False,False,0,211.8538680781192,1954-10-04T08:33:00+00:00
tile_RA64.969_DECp30.327:3893,64.9292990235,30.3837666706,False,False,0,206.0673819977616,1955-10-22T10:03:00+00:00
tile_RA120.415_DECp30.619:2138,120.4491216944,30.885413868,False,False,0,463.0926051539255,1955-03-13T04:22:00+00:00
tile_RA139.815_DECp30.404:1472,140.3454474209,30.4494223738,False,False,0,238.48898427393135,1955-03-24T05:12:00+00:00
tile_RA150.436_DECp30.297:1351,150.3981295915,30.2828579094,False,False,0,383.24095964852046,1955-04-17T03:50:00+00:00
tile_RA248.402_DECp31.747:1528,248.3727866974,32.1878371981,False,False,0,,1954-06-27T06:15:00+00:00
tile_RA254.910_DECp31.780:3216,254.7521867145,32.0010693951,False,False,0,,1950-05-20T09:15:00+00:00
tile_RA267.892_DECp31.961:609,268.1449089891,31.5540056622,False,False,0,,1952-07-18T06:15:00+00:00
tile_RA275.547_DECp31.052:7463,275.8790019985,31.4029507023,False,False,0,,1951-07-10T07:12:00+00:00
tile_RA47.699_DECp31.555:3085,47.3226339018,31.7313133521,False,False,0,346.78885587747027,1953-10-09T10:18:00+00:00
tile_RA163.035_DECp34.232:269,162.696430318,33.940554363,False,False,0,635.2633940805063,1953-05-07T05:02:00+00:00
tile_RA197.689_DECp33.227:946,198.1200924375,33.18343703,False,False,0,1369.4876500421276,1950-05-14T06:38:00+00:00
tile_RA253.300_DECp33.759:3385,253.3292817623,33.7809449544,False,False,0,,1954-05-26T08:27:00+00:00
tile_RA156.101_DECp33.268:917,155.8043508544,33.5635985458,False,False,0,329.144119559018,1954-04-03T05:18:00+00:00
tile_RA168.743_DECp34.208:1005,169.064602456,34.4445866206,False,False,0,1175.4043595379637,1953-03-09T09:23:00+00:00
tile_RA176.898_DECp35.195:383,177.1967714756,34.9486679927,False,False,0,922.5891306399318,1950-05-14T05:13:00+00:00
tile_RA211.561_DECp35.306:877,212.1364579116,35.2097740908,False,False,0,2556.9943728235135,1950-05-13T07:47:00+00:00
tile_RA224.221_DECp34.426:418,224.518168373,34.2403428115,False,False,0,,1956-06-02T06:48:00+00:00
tile_RA231.173_DECp35.500:965,230.7424501582,35.3261175109,False,False,0,2382.422435950951,1950-05-13T09:12:00+00:00
tile_RA246.326_DECp34.667:415,246.6762297059,34.318547722,False,False,0,3539.957580316233,1954-06-26T06:23:00+00:00
tile_RA253.300_DECp34.759:2300,253.3486075165,35.0295720481,False,False,0,,1954-05-26T08:27:00+00:00
tile_RA268.507_DECp34.953:425,268.4065148753,34.5323264532,False,False,0,,1951-07-08T07:07:00+00:00
tile_RA268.507_DECp34.953:1608,268.858040274,34.7498010467,False,False,0,,1951-07-08T07:07:00+00:00
tile_RA44.262_DECp34.589:4420,44.4423177187,34.5609435647,False,False,0,340.11048999645527,1954-12-21T05:08:00+00:00
tile_RA137.728_DECp35.438:406,138.1647734218,35.1676796883,False,False,0,371.74524618464625,1955-03-12T05:30:00+00:00
tile_RA143.447_DECp35.372:369,143.6588765296,35.0474934612,False,False,0,432.5500414163259,1953-12-10T12:15:00+00:00
tile_RA183.827_DECp36.194:305,183.3459652303,35.9517629695,False,False,0,1044.7838657227592,1956-05-07T04:00:00+00:00
tile_RA255.764_DECp35.759:1507,255.54302325,35.6519899973,False,False,0,,1954-05-26T08:27:00+00:00
tile_RA24.328_DECp35.748:3215,24.7030775953,35.7455393088,False,False,0,920.0674816489103,1954-08-30T11:22:00+00:00
tile_RA275.508_DECp36.051:1734,275.0470680818,35.7385736927,False,False,0,,1950-08-08T06:13:00+00:00
tile_RA285.816_DECp36.245:6320,285.2897778005,36.0852260492,False,False,0,,1955-05-19T10:23:00+00:00
tile_RA3.116_DECp35.807:621,3.1346629719,35.4653625679,False,False,0,542.9161813894724,1954-10-04T07:08:00+00:00
tile_RA338.871_DECp35.742:3546,338.7021412166,35.7543147255,False,False,0,225.15344991590933,1953-08-11T09:38:00+00:00
tile_RA38.453_DECp36.652:703,38.70393212,36.303431576,False,False,0,385.7999748808181,1951-11-02T07:02:00+00:00
tile_RA44.262_DECp35.589:1171,44.043304093,35.3542104076,False,False,0,379.8204124267715,1954-12-21T05:08:00+00:00
tile_RA4.365_DECp36.807:611,4.5632624105,36.4201453495,False,False,0,321.18421424378386,1954-10-04T07:08:00+00:00
tile_RA50.067_DECp35.517:4347,49.7673007271,35.6492443197,False,False,0,343.7673185707082,1955-02-12T03:12:00+00:00
tile_RA62.905_DECp36.351:4327,62.7146622921,36.3225997646,False,False,0,501.0209329488667,1955-10-23T11:02:00+00:00
tile_RA65.388_DECp36.351:2983,64.9486039438,36.2793505365,False,False,0,229.23807194214663,1955-10-23T11:02:00+00:00
tile_RA114.393_DECp35.682:697,114.3638860198,35.3485283974,False,False,0,294.8532031282398,1955-02-12T07:03:00+00:00
tile_RA115.624_DECp35.682:2238,115.6929673704,35.5864501259,False,False,0,99.940656195895,1955-02-12T07:03:00+00:00
tile_RA130.777_DECp35.512:2392,130.6942148761,35.4895247352,False,False,0,109.0801315720945,1953-01-10T08:32:00+00:00
tile_RA139.768_DECp35.372:1101,139.9424008907,35.5807849411,False,False,0,194.3827854112874,1953-12-10T12:15:00+00:00
tile_RA139.768_DECp35.372:1290,139.6642665267,35.6976548926,False,False,0,450.4518819615606,1953-12-10T12:15:00+00:00
tile_RA142.221_DECp36.372:1716,142.7240659452,36.4048969692,False,False,0,851.8779917548773,1953-12-10T12:15:00+00:00
tile_RA14.762_DECp36.780:282,14.807956339,36.3463334573,False,False,0,1184.5387414561364,1951-11-02T06:18:00+00:00
tile_RA150.389_DECp35.315:859,150.0936212371,35.6888483296,False,False,0,225.1997469906692,1955-03-13T05:43:00+00:00
tile_RA150.389_DECp35.315:984,150.0900743904,35.6844611062,False,False,0,218.19463116594008,1955-03-13T05:43:00+00:00
tile_RA157.326_DECp36.268:526,156.8435151783,36.0835861852,False,False,0,953.6404120113489,1954-04-03T05:18:00+00:00
tile_RA18.508_DECp36.780:3852,18.206819318,36.7538934997,False,False,0,1986.073930070268,1951-11-02T06:18:00+00:00
tile_RA62.905_DECp36.351:7622,63.2997229463,36.682852521,False,False,0,91.23285820118599,1955-10-23T11:02:00+00:00
tile_RA163.035_DECp37.232:359,162.8973774569,36.937331294,False,False,0,540.366615727041,1953-05-07T05:02:00+00:00
tile_RA16.011_DECp37.780:1226,15.4877405718,37.5706560744,False,False,0,635.6932966775839,1951-11-02T06:18:00+00:00
tile_RA288.296_DECp38.245:7178,288.1416295391,38.1604476785,False,False,0,,1955-05-19T10:23:00+00:00
tile_RA190.582_DECp40.201:170,190.4031740943,39.8517881731,False,False,0,,1952-08-22T05:53:00+00:00
tile_RA211.490_DECp39.306:1115,211.7165278351,39.4643110588,False,False,0,1131.3863495242006,1955-04-13T07:38:00+00:00
tile_RA241.228_DECp39.604:891,241.3647170214,39.4994007097,False,False,0,,1955-03-24T11:03:00+00:00
tile_RA136.022_DECp40.418:686,135.9576460231,40.2238773833,False,False,0,295.0331743855709,1953-04-15T04:22:00+00:00
tile_RA143.451_DECp40.350:1571,144.022647644,40.4537782151,False,False,0,669.3308603070377,1953-02-08T08:27:00+00:00
tile_RA202.743_DECp41.259:1496,202.1725821041,41.3263847177,False,False,0,,1950-06-18T05:58:00+00:00
tile_RA243.903_DECp41.604:1493,243.9215311601,41.5351861956,False,False,0,,1955-03-24T11:03:00+00:00
tile_RA251.365_DECp41.699:568,251.6932456779,41.371060198,False,False,0,1371.2536698110237,1953-05-19T09:30:00+00:00
tile_RA89.893_DECp41.982:5894,89.7837851007,41.9092758093,False,False,0,322.16824126428315,1953-02-14T04:57:00+00:00
tile_RA104.832_DECp41.731:5098,105.419647037,41.7778952811,False,False,0,527.598808488549,1954-02-25T04:13:00+00:00
tile_RA140.022_DECp41.418:1800,140.1417809598,41.5167235576,False,False,0,836.9720695634363,1953-04-15T04:22:00+00:00
tile_RA158.289_DECp41.249:1108,158.6081376662,41.6148718795,False,False,0,76.54181848777478,1953-03-08T08:07:00+00:00
tile_RA162.279_DECp41.249:556,162.868693756,41.0786838372,False,False,0,741.2662521214953,1953-03-08T08:07:00+00:00
tile_RA187.923_DECp42.201:867,187.6611655091,42.5251706634,False,False,0,,1952-08-22T05:53:00+00:00
tile_RA189.252_DECp42.201:1085,189.2307705148,42.3812517587,False,False,0,,1952-08-22T05:53:00+00:00
tile_RA242.565_DECp42.604:1862,242.3713635286,42.8751199754,False,False,0,,1955-03-24T11:03:00+00:00
tile_RA262.293_DECp42.903:3654,261.7316322888,42.8394065937,False,False,0,,1953-06-14T08:22:00+00:00
tile_RA258.838_DECp41.799:2726,258.9684416197,42.0633533599,False,False,0,,1954-07-07T07:28:00+00:00
tile_RA271.130_DECp43.008:4599,270.5138873313,43.0415955309,False,False,0,,1951-08-24T04:27:00+00:00
tile_RA331.497_DECp42.704:2754,331.3025048212,42.3947695442,False,False,0,2612.061703360039,1952-08-26T05:45:00+00:00
tile_RA359.143_DECp42.807:1286,358.7337472392,42.5012586403,False,False,0,818.8687576294544,1954-10-03T06:08:00+00:00
tile_RA44.671_DECp42.559:2244,45.1200666588,42.3340406908,False,False,0,277.18579540255354,1957-12-19T06:00:00+00:00
tile_RA93.929_DECp42.982:4664,94.515226855,42.9059890158,False,False,0,352.20644204945836,1953-02-14T04:57:00+00:00
tile_RA128.584_DECp42.495:897,128.9210396236,42.2767723631,False,False,0,775.7218299965398,1953-03-16T05:18:00+00:00
tile_RA137.355_DECp43.418:882,137.3042068657,43.2997072575,False,False,0,891.6281489525243,1953-04-15T04:22:00+00:00
tile_RA143.451_DECp42.350:512,143.5477618873,42.1473100515,False,False,0,579.9209683417959,1953-02-08T08:27:00+00:00
tile_RA143.451_DECp42.350:1614,143.3404762135,42.3731971702,False,False,0,486.29337042345026,1953-02-08T08:27:00+00:00
tile_RA144.783_DECp42.350:917,145.0481935482,42.6627156339,False,False,0,2217.6503974858106,1953-02-08T08:27:00+00:00
tile_RA146.115_DECp42.350:355,145.8690446684,42.0523738882,False,False,0,663.9736706675097,1953-02-08T08:27:00+00:00
