src_id,ra,dec,has_supercosmos_match,matched_count,source_part
tile_RA47.387_DECp44.559:5355,47.435638499800,44.620107653900,0,0,part_0001
tile_RA85.001_DECp43.060:12399,84.824539615600,43.531795820100,1,1,part_0001
tile_RA17.060_DECp43.776:3427,16.844550975500,43.787137119800,0,0,part_0001
tile_RA39.816_DECp44.630:7930,40.067849465800,44.892830368600,1,1,part_0001
tile_RA130.050_DECp45.494:2117,129.496524385900,45.630106802200,1,1,part_0001
tile_RA130.050_DECp45.494:915,129.945971809000,45.368158802700,1,1,part_0001
tile_RA138.459_DECp45.407:946,138.887349733000,45.307701193100,0,0,part_0001
tile_RA227.716_DECp47.482:533,227.597507472800,47.196216908300,1,1,part_0001
tile_RA358.824_DECp46.807:3910,358.783370302000,46.749835527800,1,1,part_0001
tile_RA97.742_DECp46.931:5089,98.267846960300,47.105272491600,1,1,part_0001
tile_RA97.742_DECp46.931:5960,98.154156384100,46.979718031900,1,1,part_0001
tile_RA131.530_DECp46.494:1709,131.763231405200,46.771139163400,1,1,part_0001
tile_RA145.381_DECp46.333:1596,144.817357073600,46.456035027200,1,1,part_0001
tile_RA148.332_DECp47.333:76,148.391926243300,46.867908712600,0,0,part_0001
tile_RA152.296_DECp47.274:949,151.881999994300,47.201429498600,1,1,part_0001
tile_RA208.434_DECp47.267:743,208.398661790400,47.653078850800,1,1,part_0001
tile_RA230.675_DECp48.482:2656,230.596077846000,48.497938973700,1,1,part_0001
tile_RA244.565_DECp47.685:2669,244.257375297200,47.672565434000,1,2,part_0001
tile_RA249.022_DECp47.685:491,248.741816782600,47.355145077200,1,1,part_0001
tile_RA255.992_DECp47.798:1892,256.132802726300,48.147299164200,1,1,part_0001
tile_RA257.481_DECp47.798:2964,256.765855706800,47.801629108000,1,1,part_0001
tile_RA350.189_DECp47.793:3831,350.822314564900,47.622450196400,1,1,part_0001
tile_RA86.256_DECp48.051:4981,85.596864169000,47.967891606700,1,1,part_0001
tile_RA116.156_DECp47.700:2970,115.976595190400,47.829531589700,1,1,part_0001
tile_RA124.591_DECp47.593:1540,124.745281413000,47.908144269700,1,1,part_0001
tile_RA155.243_DECp48.274:996,155.050226790100,48.633407840800,1,1,part_0001
tile_RA162.149_DECp48.230:1416,162.194575006200,48.330646562600,1,1,part_0001
tile_RA170.523_DECp48.203:814,170.597797749100,48.063020483000,0,0,part_0001
tile_RA178.894_DECp48.193:1089,178.923966252200,48.384191127900,1,1,part_0001
tile_RA191.679_DECp47.200:1163,192.295729172500,47.425422471000,1,1,part_0001
tile_RA198.581_DECp48.225:1077,198.169717571200,48.432813507700,1,1,part_0001
tile_RA247.536_DECp48.685:2448,247.298116730000,48.730024588000,0,0,part_0001
tile_RA255.992_DECp49.798:75,255.920322699600,49.318081612300,1,1,part_0001
tile_RA348.671_DECp49.793:1222,348.760438217300,49.381197456400,1,1,part_0001
tile_RA351.707_DECp48.793:13167,351.766900147000,49.212771236700,1,1,part_0001
tile_RA60.639_DECp49.394:4564,60.677401491500,49.281581146400,0,0,part_0001
tile_RA111.699_DECp48.700:3576,111.813046343800,48.750951887400,1,1,part_0001
tile_RA10.507_DECp49.796:4637,10.417286777600,49.767223159600,1,1,part_0001
tile_RA146.856_DECp49.333:1077,146.816821787000,49.286717558700,1,1,part_0001
tile_RA238.422_DECp51.572:682,237.886621637600,51.331657327400,1,1,part_0001
tile_RA200.978_DECp51.243:1095,200.593748208700,51.142597527700,1,1,part_0001
tile_RA219.664_DECp51.373:2352,220.269338070900,51.389332866800,1,2,part_0001
tile_RA240.106_DECp52.572:429,239.986300462100,52.244256611600,1,1,part_0001
tile_RA246.148_DECp52.690:882,246.422840548000,52.537091179100,1,1,part_0001
tile_RA124.578_DECp52.538:2321,123.948583247100,52.549008963800,1,1,part_0001
tile_RA249.526_DECp53.690:1508,249.614839976500,53.780470866000,1,1,part_0001
tile_RA268.448_DECp52.949:2498,268.958954025900,52.855797921800,1,1,part_0001
tile_RA316.274_DECp53.561:2901,317.103864074900,53.590394095200,1,1,part_0001
tile_RA78.945_DECp53.175:4651,78.788206533800,53.080557265000,1,1,part_0001
tile_RA120.229_DECp53.653:2768,119.998994912600,53.749915013200,1,1,part_0001
tile_RA152.679_DECp53.280:1371,152.645432917900,53.496454287600,1,1,part_0001
tile_RA154.352_DECp53.280:1034,153.604233175600,53.213761367200,1,1,part_0001
tile_RA156.024_DECp53.280:1624,156.007055268500,53.367783888800,1,1,part_0001
tile_RA162.014_DECp53.230:488,161.550183795300,53.033039434100,1,1,part_0001
tile_RA180.661_DECp53.193:1215,180.361104955300,53.271939620700,1,1,part_0001
tile_RA202.649_DECp54.243:201,203.166852024100,53.855942152700,1,1,part_0001
tile_RA221.341_DECp53.373:1519,220.886348224000,53.684224756800,1,1,part_0001
tile_RA285.781_DECp55.214:5835,286.167934888000,55.263913282500,1,1,part_0001
tile_RA285.781_DECp54.214:4980,285.443521313400,54.400381905800,1,1,part_0001
tile_RA285.781_DECp54.214:2978,285.618895392900,54.148864841000,1,1,part_0001
tile_RA86.764_DECp55.042:5476,87.091063545300,55.240647123500,0,0,part_0001
tile_RA96.261_DECp53.909:3517,95.805414789100,54.321780235900,1,1,part_0001
tile_RA124.578_DECp54.538:1864,124.321601632400,54.830347494200,1,1,part_0001
tile_RA146.681_DECp54.349:1244,147.320343063100,54.628087341100,0,0,part_0001
tile_RA154.352_DECp54.280:623,153.711724042500,54.098037366800,1,1,part_0001
tile_RA156.024_DECp54.280:1743,156.589787102900,54.317051107700,1,1,part_0001
tile_RA163.685_DECp54.230:1872,164.417602715000,54.233049531800,1,1,part_0001
tile_RA210.314_DECp54.299:1518,210.433397163700,54.302620140000,1,1,part_0001
tile_RA303.213_DECp55.457:10452,302.906162058100,55.822260709700,1,1,part_0001
tile_RA80.232_DECp58.159:1116,80.238894664200,57.805721838300,1,1,part_0001
tile_RA124.026_DECp57.566:1415,124.634501056000,57.943320295800,1,1,part_0001
tile_RA167.188_DECp57.216:1213,168.040626690300,57.123364990400,1,1,part_0001
tile_RA297.605_DECp59.370:928,297.737751607600,58.963150659200,1,1,part_0001
tile_RA167.188_DECp59.216:655,167.897828042400,59.057069813000,1,1,part_0001
tile_RA181.835_DECp59.194:726,182.032528744700,58.984761169500,1,1,part_0001
tile_RA184.763_DECp59.200:494,184.129402585900,58.956877170000,1,1,part_0001
tile_RA218.997_DECp59.386:1165,219.167129480600,59.320839128300,1,1,part_0001
tile_RA218.997_DECp58.386:300,218.654177404800,58.032899570700,1,1,part_0001
tile_RA273.458_DECp60.074:1868,273.086086039100,60.465709007000,1,1,part_0001
tile_RA299.628_DECp59.370:8941,299.372905768500,59.603593375200,1,1,part_0001
tile_RA73.195_DECp60.308:2104,72.873014057400,60.045992384200,1,1,part_0001
tile_RA98.245_DECp59.851:1155,98.577098662400,59.613271848600,0,0,part_0001
tile_RA169.142_DECp60.216:1717,169.490134612500,60.362473284100,1,1,part_0001
tile_RA217.033_DECp59.386:1225,216.780375000800,59.672500490900,1,1,part_0001
tile_RA235.716_DECp59.496:1687,236.359879655700,59.752065058400,1,1,part_0001
tile_RA240.650_DECp59.625:1874,240.003992244700,59.789924336600,1,1,part_0001
tile_RA249.552_DECp59.768:2077,249.773421364400,59.947204700200,1,1,part_0001
tile_RA249.552_DECp59.768:2511,249.716914624100,59.790519228200,1,1,part_0001
tile_RA286.508_DECp60.226:5825,286.537102625000,60.718950987700,1,1,part_0001
tile_RA310.780_DECp61.501:10428,310.916448684400,61.856761903800,1,1,part_0001
tile_RA113.149_DECp61.703:879,112.715101700900,61.471922361300,1,1,part_0001
tile_RA134.861_DECp61.445:695,135.259681941500,61.279017116800,1,1,part_0001
tile_RA242.628_DECp60.625:2463,241.708745398800,60.698277345900,1,1,part_0001
tile_RA253.524_DECp61.768:999,254.071413071000,61.630768200600,1,1,part_0001
tile_RA253.524_DECp60.768:1749,253.271302129700,61.086288580500,1,1,part_0001
tile_RA297.605_DECp62.370:2751,296.983885447600,62.168864963400,1,1,part_0001
tile_RA308.750_DECp62.501:1690,309.257061692200,62.153443843600,1,2,part_0001
tile_RA133.196_DECp63.464:284,132.980933600900,63.089094123700,1,1,part_0001
tile_RA68.536_DECp64.318:3974,68.513832349800,64.266854404800,1,1,part_0001
tile_RA145.895_DECp64.343:1434,145.514212057100,64.247060902000,1,1,part_0001
tile_RA171.163_DECp63.205:1130,171.635675810600,63.394756990900,1,1,part_0001
tile_RA209.006_DECp63.291:801,209.405567914400,63.598460660500,1,1,part_0001
tile_RA234.402_DECp63.528:1840,235.170454746000,63.546971645900,0,0,part_0001
tile_RA234.402_DECp63.528:1937,235.188951031400,63.497377981100,1,1,part_0001
tile_RA260.077_DECp63.860:606,260.008566154300,63.557666687000,0,0,part_0001
tile_RA97.121_DECp64.960:3989,97.500598739600,65.042486102600,0,0,part_0001
tile_RA115.589_DECp65.612:1072,115.034867471000,65.368274340100,1,2,part_0001
tile_RA118.011_DECp65.612:1266,117.302428776800,65.478183467500,1,1,part_0001
tile_RA120.433_DECp65.612:2506,119.874419468000,65.826117032400,1,1,part_0001
tile_RA120.433_DECp64.612:1575,120.889623578700,65.020766578200,0,0,part_0001
tile_RA120.433_DECp64.612:2187,121.123478233500,64.933798702900,1,1,part_0001
tile_RA179.000_DECp65.194:1085,179.030568986100,65.600472313200,1,1,part_0001
tile_RA204.221_DECp65.291:1708,203.236882369400,65.308483155300,0,0,part_0001
tile_RA216.873_DECp65.394:726,216.793921181400,65.821748180500,1,1,part_0001
tile_RA234.402_DECp65.528:792,234.808003537400,65.409729331500,1,1,part_0001
tile_RA249.628_DECp65.686:954,250.117791687500,65.515504716800,1,1,part_0001
tile_RA275.507_DECp66.043:1499,274.644604756700,65.922101656400,1,1,part_0001
tile_RA275.507_DECp65.043:3441,276.596763211900,65.086193994100,1,1,part_0001
tile_RA312.497_DECp64.543:7658,313.274928932700,64.856146495200,1,1,part_0001
tile_RA350.055_DECp66.799:7025,350.778274355900,67.103213660200,1,1,part_0001
tile_RA47.091_DECp66.614:6404,47.164732163800,67.035758633400,1,1,part_0001
tile_RA81.648_DECp67.143:262,81.898349955300,66.685101814800,1,1,part_0001
tile_RA118.011_DECp66.612:2288,117.164504998600,66.905425343000,1,1,part_0001
tile_RA130.788_DECp66.464:2208,131.914604744800,66.483755040400,1,1,part_0001
tile_RA183.767_DECp66.194:765,184.945979201400,66.048858648200,1,1,part_0001
tile_RA186.151_DECp66.194:823,185.786302981600,66.034138543700,1,1,part_0001
tile_RA186.151_DECp66.194:856,184.967707484200,66.058495227400,1,1,part_0001
tile_RA247.199_DECp65.686:1069,247.061814136900,66.176576008200,1,1,part_0001
tile_RA247.199_DECp65.686:1267,246.666319591200,66.094708703300,1,1,part_0001
tile_RA281.145_DECp66.223:4508,279.988881242800,66.223801864400,1,1,part_0001
tile_RA68.536_DECp68.318:354,68.931085796900,67.858311444400,1,1,part_0001
tile_RA73.515_DECp67.318:6675,72.957908532200,67.753272394400,1,1,part_0001
tile_RA120.433_DECp67.612:2792,120.237428975300,67.755548262800,1,1,part_0001
tile_RA234.402_DECp67.528:1955,234.181348943600,67.645774507700,1,1,part_0001
tile_RA247.199_DECp67.686:1368,247.533703536000,68.074460358100,1,1,part_0001
tile_RA317.522_DECp67.543:3214,317.515906537700,67.945720398400,1,1,part_0001
tile_RA317.522_DECp67.543:4809,318.291819623700,67.705564052800,1,1,part_0001
tile_RA317.522_DECp67.543:5280,317.527213447400,67.660125563500,1,1,part_0001
tile_RA317.522_DECp67.543:2949,318.546820512000,67.467585970000,1,1,part_0001
tile_RA191.632_DECp70.200:131,191.918960539400,69.762794146500,1,1,part_0001
tile_RA288.486_DECp70.259:3407,288.358441466400,70.470842562500,0,0,part_0001
tile_RA133.227_DECp72.402:213,132.598570286600,71.975388859000,1,1,part_0001
tile_RA142.634_DECp71.402:1081,142.966982446200,71.337089930700,1,1,part_0001
tile_RA227.520_DECp72.392:707,226.841238924300,72.255829658500,1,1,part_0001
tile_RA227.520_DECp72.392:711,226.853469456500,72.256546562600,1,1,part_0001
tile_RA227.520_DECp71.392:1889,227.558593126500,71.414471646800,1,1,part_0001
tile_RA23.032_DECp71.766:10479,23.703596046500,72.145903576400,1,1,part_0001
tile_RA65.643_DECp73.275:3934,64.757204998200,73.526614417800,1,1,part_0001
tile_RA86.098_DECp73.040:4209,87.080725257700,73.022355329900,1,1,part_0001
tile_RA122.961_DECp73.584:136,123.523763512900,73.129609166300,1,2,part_0001
tile_RA12.906_DECp73.766:4506,12.510956175600,73.606471820800,1,1,part_0001
tile_RA264.891_DECp73.024:2281,263.650622031300,73.158550859100,1,1,part_0001
tile_RA358.516_DECp73.807:6589,358.336010705300,73.904872631800,1,1,part_0001
tile_RA358.763_DECp73.807:6600,358.336004521300,73.904871400400,1,1,part_0001
tile_RA341.009_DECp72.761:5576,340.893502250000,72.771841659800,1,1,part_0001
tile_RA355.133_DECp72.807:6537,353.958487868300,72.816900733700,1,1,part_0001
tile_RA1.899_DECp74.807:9506,2.632557210400,75.252526844900,1,1,part_0001
tile_RA207.179_DECp75.281:1120,208.924999051200,75.204466789900,1,1,part_0001
tile_RA358.763_DECp74.807:9990,358.191286626600,75.209447250800,1,1,part_0001
tile_RA74.504_DECp76.253:4867,75.966452090500,76.247040624800,1,1,part_0001
tile_RA102.414_DECp76.932:377,102.015348049800,76.530011698800,1,1,part_0001
tile_RA69.592_DECp78.253:1214,70.300816220100,77.999363304600,1,1,part_0001
tile_RA102.414_DECp77.932:1238,100.528664331800,77.780985658800,1,1,part_0001
tile_RA97.631_DECp77.932:1574,98.049098785500,77.809129622100,1,1,part_0001
tile_RA159.439_DECp77.230:2057,159.018746266300,77.336150564600,1,1,part_0001
tile_RA326.512_DECp77.634:3147,325.240854072000,77.913975350500,0,0,part_0001
tile_RA50.763_DECp76.536:5196,49.953424364700,76.706430521200,0,0,part_0001
tile_RA74.504_DECp78.253:3451,72.774129225600,78.512323947000,1,1,part_0001
tile_RA88.065_DECp78.932:1416,89.279046758500,78.781372888700,0,0,part_0001
tile_RA92.848_DECp77.932:2507,94.219969852300,78.303808778800,1,1,part_0001
tile_RA173.012_DECp78.230:1174,172.933610081700,78.189842623500,1,1,part_0001
tile_RA311.290_DECp78.634:1303,311.804829837500,78.431390898100,1,1,part_0001
tile_RA311.290_DECp78.634:877,310.845075048000,78.309011092900,1,1,part_0001
tile_RA326.512_DECp78.634:4441,327.792785386100,78.653366229500,0,0,part_0001
tile_RA340.729_DECp78.781:4063,340.693868727400,79.133452109100,1,1,part_0001
tile_RA60.826_DECp78.536:4481,59.794957004900,78.811932454900,1,1,part_0001
tile_RA142.229_DECp79.380:2539,139.591090190200,79.499972082600,1,1,part_0001
tile_RA321.438_DECp80.634:4167,322.502503504700,80.594499590500,1,1,part_0001
tile_RA326.512_DECp80.634:2970,328.318742548700,80.505469978400,1,1,part_0001
tile_RA321.438_DECp79.634:3231,321.728082009800,79.960641495100,0,0,part_0001
tile_RA351.009_DECp79.781:5568,350.298728082900,79.913983025600,1,1,part_0001
tile_RA351.620_DECp79.807:5773,350.298722501500,79.913981921600,1,1,part_0001
tile_RA50.763_DECp80.536:4521,51.599823922400,80.737243451200,1,1,part_0001
tile_RA205.256_DECp83.200:1471,202.083621388300,82.969732024500,1,1,part_0001
tile_RA213.107_DECp82.413:1041,211.642039617700,82.841287326800,1,1,part_0001
tile_RA247.544_DECp82.855:2333,248.629983045500,83.060611446000,1,1,part_0001
tile_RA74.712_DECp83.144:1592,71.897706223900,82.953839631100,1,1,part_0001
tile_RA213.107_DECp84.413:2335,208.532735481800,84.326037549400,1,2,part_0001
tile_RA230.542_DECp84.413:1880,229.924891496200,84.602982985800,1,1,part_0001
tile_RA230.542_DECp83.413:2189,229.910105877500,83.445424738600,1,1,part_0001
tile_RA238.201_DECp83.855:346,235.442296768500,83.557715641900,1,1,part_0001
tile_RA347.045_DECp84.742:774,348.622328226700,84.437476846800,1,1,part_0001
tile_RA2.001_DECp85.807:1463,0.822252494300,85.648864422000,1,1,part_0001
tile_RA357.958_DECp85.742:2310,0.822317385900,85.648867515700,1,1,part_0001
tile_RA339.904_DECp84.807:1687,342.791526117200,85.158363630700,1,1,part_0001
tile_RA152.049_DECm24.605:1413,152.133883032200,-24.811940479800,0,0,part_0001
tile_RA2.685_DECm23.304:539,2.322652253200,-23.570531045400,0,0,part_0001
tile_RA145.512_DECm23.561:5378,145.487028214000,-23.223670215800,0,0,part_0001
tile_RA1.855_DECm13.207:1174,2.040498172300,-13.197274775400,1,1,part_0001
tile_RA79.737_DECm12.843:3484,79.604618728400,-12.835306302300,0,0,part_0001
tile_RA19.833_DECm11.263:292,20.115952070200,-11.438859725000,1,1,part_0001
tile_RA45.783_DECm11.408:403,45.613852407000,-11.648208659900,1,1,part_0001
tile_RA62.702_DECm11.638:548,63.146322888000,-11.876831210500,1,1,part_0001
tile_RA48.749_DECm10.488:1354,48.880199383600,-10.397885258800,1,1,part_0001
tile_RA9.845_DECm11.233:763,10.139646015300,-11.302183894100,1,1,part_0001
tile_RA205.805_DECm8.684:404,205.503059836900,-8.992870366900,0,0,part_0001
tile_RA223.918_DECm8.591:1108,223.530127219300,-8.767401877400,1,1,part_0001
tile_RA180.851_DECm7.807:1032,180.988968182400,-7.449613480600,1,1,part_0001
tile_RA193.763_DECm7.854:641,194.174181044900,-7.982380881800,1,1,part_0001
tile_RA204.798_DECm7.684:1637,204.758754572500,-7.458734095400,0,0,part_0001
tile_RA216.904_DECm7.645:823,216.522148551400,-7.854703481300,1,1,part_0001
tile_RA79.775_DECm7.844:1433,79.378606269800,-7.958563034900,1,1,part_0001
tile_RA91.772_DECm8.012:809,91.591927996300,-8.385751656500,1,1,part_0001
tile_RA141.812_DECm6.608:275,141.837933577500,-7.014343463400,1,1,part_0001
tile_RA147.819_DECm6.661:2593,148.309318949300,-6.683985803400,1,1,part_0001
tile_RA152.820_DECm6.705:509,152.898044468400,-6.976609935500,1,1,part_0001
tile_RA206.812_DECm6.684:1481,206.872171433000,-6.743265937800,1,1,part_0001
tile_RA224.924_DECm6.591:932,224.814574675800,-6.839681370500,1,1,part_0001
tile_RA231.937_DECm6.530:1176,231.756424037000,-6.720206693800,1,1,part_0001
tile_RA243.946_DECm6.392:355,243.985270039500,-6.826065559800,1,1,part_0001
tile_RA253.940_DECm7.236:3756,254.107746639600,-7.187059614500,1,2,part_0001
tile_RA25.823_DECm7.268:755,25.733023447200,-6.831286468900,0,0,part_0001
tile_RA326.907_DECm6.339:2805,326.573606131700,-6.318506038900,0,0,part_0001
tile_RA338.892_DECm6.257:1831,339.381176238900,-6.220843835400,0,0,part_0001
tile_RA72.772_DECm6.762:883,72.514069179500,-6.948004952300,1,1,part_0001
tile_RA103.773_DECm6.180:8684,103.985994538200,-6.209974020700,1,1,part_0001
tile_RA105.785_DECm6.180:3561,105.961015425200,-6.493033029800,1,1,part_0001
tile_RA0.851_DECm6.193:1129,1.089756576500,-5.954354148400,0,0,part_0001
tile_RA13.839_DECm5.213:828,13.683229985600,-4.857898552800,1,1,part_0001
tile_RA242.940_DECm5.392:4215,242.577806022700,-5.200217698900,1,1,part_0001
tile_RA252.934_DECm6.236:7063,252.880600518700,-5.859275818900,0,0,part_0001
tile_RA332.900_DECm5.294:2154,333.254708537200,-5.318069781400,1,1,part_0001
tile_RA335.880_DECm5.257:1213,336.010899626400,-5.321301927200,1,1,part_0001
tile_RA338.892_DECm5.257:1571,339.161604924200,-5.035945949600,1,1,part_0001
tile_RA357.872_DECm5.196:325,358.150380315500,-5.512247076300,1,1,part_0001
tile_RA35.800_DECm5.354:339,35.904749498000,-5.645443225500,1,1,part_0001
tile_RA48.791_DECm5.469:781,49.114655639000,-5.177918953300,1,1,part_0001
tile_RA51.805_DECm5.469:110,51.885081454500,-5.910932661900,1,1,part_0001
tile_RA60.780_DECm5.607:518,60.789331886600,-5.860185183200,1,1,part_0001
tile_RA63.795_DECm5.607:571,63.931481067800,-5.884443106500,1,1,part_0001
tile_RA84.767_DECm5.928:1103,84.770917840700,-5.516791985000,1,1,part_0001
tile_RA98.778_DECm5.097:11190,98.985681456800,-4.850077090800,1,1,part_0001
tile_RA12.835_DECm5.213:276,12.563001613000,-5.529862149600,0,0,part_0001
tile_RA19.831_DECm3.236:196,19.875734343100,-3.580820278900,1,1,part_0001
tile_RA25.823_DECm4.268:688,26.266789180600,-4.379459098900,0,0,part_0001
tile_RA313.916_DECm4.450:5074,314.334902544100,-4.288808736500,1,1,part_0001
tile_RA31.816_DECm4.307:1033,32.073859084200,-4.358466855200,1,1,part_0001
tile_RA343.880_DECm3.228:574,343.901199891900,-3.435116876700,1,1,part_0001
tile_RA73.777_DECm3.762:2215,73.785978583000,-3.501938646800,1,1,part_0001
tile_RA247.859_DECm2.316:470,247.778809005200,-2.733197187500,1,1,part_0001
tile_RA155.855_DECm0.743:1811,155.458216343000,-0.705027499400,1,1,part_0001
tile_RA183.857_DECm0.807:1565,183.916519816700,-0.791115601900,0,0,part_0001
tile_RA186.857_DECm1.801:1470,186.505352420446,-1.661768664845,1,1,part_0001
tile_RA194.858_DECm0.787:580,194.497147313100,-0.958794509500,1,1,part_0001
tile_RA228.860_DECm0.530:1245,229.194905481800,-0.745493359200,1,1,part_0001
tile_RA231.860_DECm0.530:371,231.863326930300,-0.930310506500,1,1,part_0001
tile_RA258.858_DECm1.155:4860,258.833198383700,-1.058479742300,1,1,part_0001
tile_RA277.856_DECm1.903:1585,278.177642272000,-1.906026210100,0,0,part_0001
tile_RA307.854_DECm1.515:4284,308.212008134700,-1.583735630800,0,0,part_0001
tile_RA319.854_DECm0.391:286,319.904125674000,-0.815238418300,1,1,part_0001
tile_RA108.855_DECm1.262:7655,108.669640416000,-1.340546997400,1,1,part_0001
tile_RA126.854_DECm1.485:4583,126.682208877200,-1.491936172600,1,1,part_0001
tile_RA19.859_DECm0.236:288,19.580871200200,-0.524428055700,1,1,part_0001
tile_RA211.859_DECp0.307:1207,211.797100200600,0.241171381700,1,1,part_0001
tile_RA218.860_DECp0.355:926,219.115703343600,0.223437046100,1,1,part_0001
tile_RA219.860_DECm0.645:2428,219.782081798900,-0.558665699500,1,1,part_0001
tile_RA229.860_DECm0.530:2031,229.834412481300,-0.637046000000,1,1,part_0001
tile_RA348.856_DECm0.208:874,348.960787472800,0.077732973100,1,1,part_0001
tile_RA60.859_DECp0.392:1217,60.620689158864,0.587075756289,1,1,part_0001
tile_RA104.856_DECm0.181:7926,104.854336348900,-0.223427270500,1,1,part_0001
tile_RA108.855_DECm0.262:10878,108.434381110144,-0.166516179032,1,1,part_0001
tile_RA120.854_DECp0.585:1152,120.764564640500,0.261906973500,0,0,part_0001
tile_RA331.855_DECp0.706:1963,332.046827231600,0.855348569300,1,1,part_0001
tile_RA5.857_DECp0.801:1213,5.761650610500,1.055673854100,1,1,part_0001
tile_RA6.857_DECp1.801:968,7.208176128800,1.695364437600,1,1,part_0001
tile_RA9.858_DECp0.801:737,9.652316789400,1.238325521100,1,1,part_0001
tile_RA343.855_DECp2.772:79,343.665821513800,2.317479142600,1,1,part_0001
tile_RA67.859_DECp2.316:631,67.735999043600,2.049251547800,1,1,part_0001
tile_RA7.858_DECp2.801:1147,7.919651803500,3.053635007400,1,1,part_0001
tile_RA91.857_DECp1.987:7198,91.655083137200,2.363126130500,1,1,part_0001
tile_RA106.991_DECp2.705:5138,107.272164879000,2.526760989700,1,1,part_0001
tile_RA116.988_DECp2.551:3586,117.286529657300,2.447353171600,1,1,part_0001
tile_RA118.990_DECp2.551:3811,118.789199000100,2.663289520100,1,1,part_0001
tile_RA119.991_DECp3.551:1660,119.799616548200,3.263507687500,1,1,part_0001
tile_RA119.991_DECp2.551:2996,119.650789883700,2.785621171600,0,0,part_0001
tile_RA240.780_DECp4.607:1606,240.645397517100,4.496783814200,1,1,part_0001
tile_RA118.990_DECp3.551:4680,118.856895821500,3.796928103400,1,1,part_0001
tile_RA118.990_DECp4.551:554,119.061586526600,4.137757297300,1,1,part_0001
tile_RA177.872_DECp5.196:1231,178.333137144900,5.351454668200,0,0,part_0001
tile_RA185.839_DECp5.199:906,185.652277695600,5.134937589900,1,1,part_0001
tile_RA197.823_DECp5.236:1650,197.448263474900,5.203451027100,1,1,part_0001
tile_RA225.811_DECp5.409:927,226.200571299800,5.235816192000,1,1,part_0001
tile_RA239.776_DECp5.607:1239,239.633553695700,5.387292977700,1,1,part_0001
tile_RA239.776_DECp5.607:3543,239.589444215100,5.749181219100,1,1,part_0001
tile_RA240.780_DECp4.607:2645,240.686672993000,4.934280041600,1,1,part_0001
tile_RA30.896_DECp5.692:982,30.552303765400,5.991104445000,1,1,part_0001
tile_RA32.910_DECp5.692:1163,32.624179917800,5.891337546200,1,1,part_0001
tile_RA54.923_DECp5.463:1140,55.046326476800,5.827292073800,1,1,part_0001
tile_RA8.875_DECp5.801:421,8.512990553700,5.548547702900,0,0,part_0001
tile_RA96.935_DECp4.902:9823,96.722216512800,5.326403138600,1,1,part_0001
tile_RA98.946_DECp5.902:7424,99.208566004600,5.892657648200,1,1,part_0001
tile_RA120.922_DECp5.585:875,120.772385226800,5.235918643300,1,1,part_0001
tile_RA133.916_DECp5.450:2206,133.889703548900,5.535762445700,0,0,part_0001
tile_RA162.876_DECp6.228:1553,163.048475356000,6.361998106000,1,1,part_0001
tile_RA181.856_DECp7.193:393,182.100251089000,6.973675661500,1,1,part_0001
tile_RA18.879_DECp6.764:933,18.506700039300,6.715735921100,1,1,part_0001
tile_RA229.796_DECp7.469:796,229.652035797000,7.218720481100,1,1,part_0001
tile_RA240.780_DECp6.607:3933,240.576150108600,6.593618729300,1,1,part_0001
tile_RA248.786_DECp6.683:2793,248.365498922400,6.601017772800,1,1,part_0001
tile_RA320.805_DECp6.608:3198,321.092494584300,6.915913964100,1,1,part_0001
tile_RA349.840_DECp6.792:455,349.808788842700,6.548677025300,0,0,part_0001
tile_RA36.904_DECp7.645:171,36.997715148700,7.245983144400,1,1,part_0001
tile_RA62.940_DECp6.392:664,62.861384537900,6.240946134100,1,1,part_0001
tile_RA63.946_DECp6.392:420,63.805650202100,6.078428667200,0,0,part_0001
tile_RA77.930_DECp6.154:5151,77.596296939700,6.217334336900,1,1,part_0001
tile_RA78.935_DECp7.154:5135,79.164284430700,7.177385883600,1,1,part_0001
tile_RA93.953_DECp5.986:10760,93.656860253100,6.106029991700,1,1,part_0001
tile_RA13.877_DECp7.787:1298,14.332323195600,7.880465527900,1,1,part_0001
tile_RA19.886_DECp8.764:670,19.701119001800,8.639904631900,1,1,part_0001
tile_RA223.802_DECp7.409:2267,223.570074234600,7.390191486200,0,0,part_0001
tile_RA229.796_DECp7.469:2873,229.856319035300,7.523192756200,1,1,part_0001
tile_RA44.924_DECp7.591:831,44.862095694500,7.503205845000,0,0,part_0001
tile_RA162.886_DECp10.228:461,162.494272763200,9.970820589200,1,1,part_0001
tile_RA163.905_DECp9.228:1216,163.815710289400,9.641711941100,1,1,part_0001
tile_RA205.787_DECp9.268:1687,205.572719690700,9.245152957900,1,1,part_0001
tile_RA331.813_DECp8.705:2669,331.594978484200,8.995664012900,0,0,part_0001
tile_RA337.822_DECp8.743:2203,338.216216843300,8.821210488000,1,1,part_0001
tile_RA158.941_DECp11.257:360,158.592730063200,11.018986271400,1,1,part_0001
tile_RA203.748_DECp11.268:1657,203.768141985800,11.316467927600,0,0,part_0001
tile_RA241.710_DECp10.607:99,241.860510125500,10.135932544300,1,1,part_0001
tile_RA325.755_DECp10.660:3143,326.122781848900,10.604346503700,1,1,part_0001
tile_RA179.815_DECp11.193:1136,179.684294233500,11.418303182900,1,1,part_0001
tile_RA17.864_DECp12.764:743,17.952204749900,12.639290148700,1,1,part_0001
tile_RA200.823_DECp11.236:966,200.846334720800,11.622648812900,1,1,part_0001
tile_RA204.767_DECp12.268:469,205.123837126200,12.066097483300,0,0,part_0001
tile_RA213.811_DECp11.307:962,213.916703355800,11.748015508400,1,1,part_0001
tile_RA225.783_DECp11.408:2269,225.381812542400,11.424100424500,1,1,part_0001
tile_RA269.596_DECp12.060:9623,269.557403555700,12.195685850500,1,1,part_0001
tile_RA30.923_DECp12.692:781,30.913851672100,12.635611263300,1,1,part_0001
tile_RA325.755_DECp12.660:796,325.870887217300,12.301923028600,1,1,part_0001
tile_RA350.848_DECp12.792:741,351.321561462800,12.650049321300,1,1,part_0001
tile_RA52.038_DECp12.530:525,52.006737339800,12.418685430500,1,1,part_0001
tile_RA66.993_DECp12.315:1882,67.319577915000,12.566655664500,1,1,part_0001
tile_RA110.017_DECp11.737:2925,109.628532623100,11.574721691500,1,1,part_0001
tile_RA111.039_DECp11.737:6758,111.267255141800,12.139740648000,1,1,part_0001
tile_RA111.039_DECp11.737:8073,111.256641281000,11.965049831000,0,0,part_0001
tile_RA122.001_DECp11.584:3206,121.714834870500,11.733691391300,1,1,part_0001
tile_RA11.846_DECp12.787:156,11.680160576700,12.397593255400,0,0,part_0001
tile_RA139.966_DECp13.391:1733,140.396198337800,13.408646362700,1,1,part_0001
tile_RA193.820_DECp13.213:1083,193.817783785500,13.503058954000,1,1,part_0001
tile_RA312.704_DECp13.549:1801,312.719092898700,13.212755749700,1,1,part_0001
tile_RA320.766_DECp13.608:3752,320.595117197100,13.946753329000,1,1,part_0001
tile_RA324.730_DECp13.660:530,324.548082139700,13.253040649200,0,0,part_0001
tile_RA32.973_DECp13.692:1095,33.212774616900,13.997596266100,1,1,part_0001
tile_RA54.976_DECp12.463:1122,54.646969060400,12.771543309500,1,1,part_0001
tile_RA69.040_DECp13.315:1081,69.075763448100,13.176544620400,1,1,part_0001
tile_RA19.914_DECp14.764:1377,19.651591562500,14.694890497500,0,0,part_0001
tile_RA217.703_DECp15.354:647,217.757909384700,15.195266430300,1,1,part_0001
tile_RA38.988_DECp13.645:917,39.008329468900,14.043836047300,1,1,part_0001
tile_RA174.742_DECp16.169:708,174.692332689900,16.602085725000,1,1,part_0001
tile_RA217.703_DECp15.354:1812,218.106388053400,15.368199966500,0,0,part_0001
tile_RA235.646_DECp16.535:183,235.775121541700,16.115717302900,1,1,part_0001
tile_RA265.596_DECp16.927:1618,265.608317384500,16.629477382700,1,1,part_0001
tile_RA128.063_DECp15.514:2120,128.130238191300,15.668207843300,1,1,part_0001
tile_RA160.051_DECp17.257:1289,159.547869821700,17.342067196300,1,1,part_0001
tile_RA173.696_DECp17.169:1104,173.637175671200,17.416710827600,1,1,part_0001
tile_RA173.696_DECp17.169:1239,173.424801710000,17.114316205600,1,1,part_0001
tile_RA174.742_DECp17.169:1139,174.666156207300,17.385781131700,1,1,part_0001
tile_RA175.789_DECp17.169:1013,175.537752595400,17.350522831800,1,1,part_0001
tile_RA177.882_DECp17.169:1116,177.594403572800,17.206520155900,1,1,part_0001
tile_RA217.703_DECp17.354:1538,217.281210357200,17.482112241100,1,1,part_0001
tile_RA241.631_DECp17.606:2815,242.040750763200,17.772946937700,1,1,part_0001
tile_RA255.708_DECp17.761:5195,255.423509687600,17.857639906900,1,1,part_0001
tile_RA271.595_DECp17.011:13071,271.599788254600,17.423082498700,1,1,part_0001
tile_RA318.626_DECp17.608:7990,318.648952244100,17.873766639500,1,1,part_0001
tile_RA324.647_DECp17.660:1097,324.363502872700,17.355238462900,1,2,part_0001
tile_RA117.141_DECp17.658:2481,117.318123814700,17.571989922800,1,1,part_0001
tile_RA118.191_DECp17.658:206,118.079390535400,17.204231898300,1,1,part_0001
tile_RA130.160_DECp17.514:2504,129.890307567800,17.567694428900,1,1,part_0001
tile_RA134.045_DECp16.449:1408,134.131924494500,16.731039365300,1,1,part_0001
tile_RA0.805_DECp18.807:459,0.688768114800,18.528231461000,1,1,part_0001
tile_RA141.074_DECp18.391:423,140.809044222000,18.118459487500,1,1,part_0001
tile_RA141.074_DECp18.391:895,141.176587216800,18.834344985900,1,1,part_0001
tile_RA144.957_DECp18.339:1352,144.696454612600,18.347459665300,1,1,part_0001
tile_RA146.004_DECp19.339:582,145.789529053000,19.230583658000,1,1,part_0001
tile_RA271.595_DECp18.011:11905,271.862956384300,18.293800746600,1,1,part_0001
tile_RA28.082_DECp18.732:1689,28.278394205100,18.715759584700,1,1,part_0001
tile_RA323.592_DECp18.660:2862,323.501030204300,18.588598758300,1,1,part_0001
tile_RA323.592_DECp18.660:3102,323.630736528900,18.621704450100,1,1,part_0001
tile_RA330.671_DECp18.705:2495,331.163615983500,18.653655581900,1,1,part_0001
tile_RA345.890_DECp18.772:483,345.604673200500,18.484241789300,1,1,part_0001
tile_RA354.777_DECp17.804:1837,354.550765437200,18.066575267800,1,1,part_0001
tile_RA35.907_DECp18.645:284,35.826083529300,18.287426079000,1,1,part_0001
tile_RA40.129_DECp18.645:723,40.160566417300,18.436251910500,1,1,part_0001
tile_RA67.047_DECp18.315:2021,66.902655395900,18.228535963300,1,1,part_0001
tile_RA79.063_DECp18.153:3723,78.594506366800,18.046843425000,1,1,part_0001
tile_RA99.167_DECp18.901:6922,98.951467128200,18.883601863400,1,1,part_0001
tile_RA116.092_DECp18.658:2365,115.831763004400,18.594677975500,1,1,part_0001
tile_RA127.015_DECp18.514:618,126.889859765800,18.216591213500,1,1,part_0001
tile_RA138.978_DECp18.391:1436,138.537695951500,18.662141163500,1,1,part_0001
tile_RA235.646_DECp19.535:1658,235.874719477400,19.816435805300,1,1,part_0001
tile_RA270.543_DECp19.011:10424,270.276766338600,19.403879154900,1,1,part_0001
tile_RA344.834_DECp19.772:2426,344.586697671800,19.759201391300,0,0,part_0001
tile_RA349.805_DECp20.792:411,350.162087989300,20.436524747900,1,1,part_0001
tile_RA55.020_DECp19.463:2446,55.181457709500,19.450926198400,1,1,part_0001
tile_RA80.116_DECp19.153:7430,80.482920744900,19.496513919800,1,1,part_0001
tile_RA8.946_DECp19.801:2084,8.653702804000,19.805950894800,1,1,part_0001
tile_RA140.026_DECp19.391:1819,140.505128160700,19.456655877400,1,1,part_0001
tile_RA12.861_DECp19.787:1302,12.932424622300,20.013855224200,1,1,part_0001
tile_RA170.918_DECp21.205:420,171.079824899300,21.049366518800,1,1,part_0001
tile_RA184.927_DECp22.194:440,184.494424037400,21.983838443500,0,0,part_0001
tile_RA242.045_DECp21.612:1803,241.760544499400,21.528494442700,1,1,part_0001
tile_RA255.013_DECp21.781:4525,255.329531127400,21.763963380300,0,0,part_0001
tile_RA331.727_DECp20.705:3714,331.737756170600,20.917854726100,1,1,part_0001
tile_RA156.906_DECp22.257:1067,156.450250593300,22.487213828600,1,1,part_0001
tile_RA191.387_DECp23.204:183,191.595029143100,22.899893465400,1,1,part_0001
tile_RA197.849_DECp23.224:721,197.327282692100,23.127314033600,1,1,part_0001
tile_RA197.849_DECp23.224:1113,197.740934094400,23.264852749400,1,1,part_0001
tile_RA220.441_DECp23.398:677,220.121135723900,23.175683877600,1,1,part_0001
tile_RA228.002_DECp23.463:713,227.624032088400,23.292606229300,1,1,part_0001
tile_RA60.670_DECp22.409:818,60.620563026200,22.141870881700,1,1,part_0001
tile_RA99.711_DECp21.879:9990,99.835237490500,22.044896247500,1,1,part_0001
tile_RA8.404_DECp22.800:1229,8.740286317400,22.767119223700,0,0,part_0001
tile_RA139.686_DECp22.404:710,139.771599089700,22.811265837300,1,1,part_0001
tile_RA150.442_DECp23.297:1231,149.981189166200,23.353987804900,0,0,part_0001
tile_RA151.531_DECp24.297:1147,151.982069312000,24.352873498200,1,1,part_0001
tile_RA163.369_DECp23.226:968,163.588808832000,23.427055404000,0,0,part_0001
tile_RA165.545_DECp24.226:980,165.775801779300,24.172088838400,1,1,part_0001
tile_RA177.379_DECp23.194:910,177.044261966300,23.515635079300,1,1,part_0001
tile_RA189.211_DECp24.204:536,189.379016738300,24.571308127200,1,1,part_0001
tile_RA192.475_DECp23.204:723,192.427475970600,23.515947159300,1,1,part_0001
tile_RA202.134_DECp24.253:1264,202.528887662700,24.269000951100,0,0,part_0001
tile_RA21.485_DECp24.756:714,21.542654992400,24.615616266400,0,0,part_0001
tile_RA218.331_DECp23.341:1757,218.427237100400,23.422405649900,1,1,part_0001
tile_RA246.343_DECp23.695:1898,246.076325754100,24.046218985800,1,1,part_0001
tile_RA247.435_DECp23.695:2572,247.523168802700,23.884621551600,1,1,part_0001
tile_RA255.013_DECp23.781:3364,255.206854048800,23.975041440400,1,1,part_0001
tile_RA346.265_DECp24.781:980,345.966828027400,24.614589590600,1,1,part_0001
tile_RA84.525_DECp24.062:2562,84.378392439600,23.936712766100,1,1,part_0001
tile_RA88.906_DECp24.062:11147,88.672527347400,24.397448794000,1,1,part_0001
tile_RA9.506_DECp23.800:812,9.859586019800,23.649209698700,1,1,part_0001
tile_RA118.080_DECp24.620:1403,117.600312013300,24.475478416500,1,1,part_0001
tile_RA125.650_DECp23.542:1298,125.659391937400,23.898226956600,0,0,part_0001
tile_RA129.944_DECp23.470:1631,130.077987803200,23.691014639500,1,1,part_0001
tile_RA157.995_DECp25.257:1023,157.741785426200,25.405817646400,1,1,part_0001
tile_RA177.379_DECp25.194:167,177.407074222700,24.804447397800,1,1,part_0001
tile_RA208.598_DECp24.293:836,208.764968950100,24.727808926400,1,1,part_0001
tile_RA209.686_DECp25.293:70,209.640279793800,24.836133960900,1,1,part_0001
tile_RA22.586_DECp24.756:1699,22.788115687100,24.817019870400,0,0,part_0001
tile_RA242.045_DECp24.612:2106,242.046056476500,24.972588834900,1,1,part_0001
tile_RA307.064_DECp25.478:1871,306.940217151800,25.071846236900,1,1,part_0001
tile_RA339.725_DECp25.753:489,339.714555772900,25.360383605200,1,1,part_0001
tile_RA340.826_DECp25.753:3438,340.985560986300,25.714473353900,1,1,part_0001
tile_RA345.163_DECp25.781:3260,345.032381527200,25.854612102300,1,1,part_0001
tile_RA345.163_DECp25.781:3464,344.641138280900,25.779854928300,1,2,part_0001
tile_RA345.163_DECp25.781:1198,345.299056735100,25.628635206600,1,1,part_0001
tile_RA67.188_DECp25.327:285,66.943021385500,24.911514548600,1,1,part_0001
tile_RA85.621_DECp25.062:6573,86.079175048100,25.152106682800,1,1,part_0001
tile_RA9.506_DECp24.800:2458,9.440560862600,24.796762973800,1,1,part_0001
tile_RA133.215_DECp24.470:805,133.261920536400,24.965836521700,1,1,part_0001
tile_RA196.731_DECp27.223:541,196.979728988600,27.110228068900,1,2,part_0001
tile_RA248.402_DECp27.747:119,248.284341660600,27.275618458200,1,1,part_0001
tile_RA1.863_DECp26.807:1356,2.139168474100,27.206467605400,1,1,part_0001
tile_RA352.805_DECp26.799:3250,353.128779360000,26.869557531600,1,1,part_0001
tile_RA41.091_DECp26.618:638,41.510944087100,26.375444741700,1,1,part_0001
tile_RA170.937_DECp28.205:760,170.521140439500,28.104955663100,1,1,part_0001
tile_RA196.731_DECp28.223:718,197.165523433600,28.465116357500,1,1,part_0001
tile_RA196.731_DECp28.223:780,196.260768889700,28.116000590400,1,1,part_0001
tile_RA209.635_DECp28.293:1290,209.555946365200,28.464012179000,1,1,part_0001
tile_RA214.944_DECp28.341:1099,214.577492023600,28.253134803100,1,1,part_0001
tile_RA223.698_DECp28.398:198,223.592871443500,27.989633919300,1,1,part_0001
tile_RA229.013_DECp27.463:1278,228.833995983600,27.363375405800,1,1,part_0001
tile_RA235.480_DECp28.534:197,235.620829916800,28.111397863300,1,1,part_0001
tile_RA113.939_DECp28.702:1923,114.451566727000,28.552105640500,0,0,part_0001
tile_RA162.195_DECp29.226:772,162.252738780100,29.616197241300,1,1,part_0001
tile_RA181.543_DECp29.194:57,181.335846953000,28.741135216700,1,1,part_0001
tile_RA223.698_DECp29.398:1412,223.579932173300,29.641925022400,1,1,part_0001
tile_RA235.480_DECp29.534:1867,235.587105147900,29.765031449700,1,1,part_0001
tile_RA236.629_DECp28.534:2095,236.604860203200,28.681093902700,1,1,part_0001
tile_RA265.583_DECp29.961:1333,265.442075746700,29.677052729400,1,1,part_0001
tile_RA28.016_DECp28.737:1444,28.329483056100,29.102400458000,1,1,part_0001
tile_RA339.686_DECp29.753:1775,339.473207542800,29.609842630300,1,1,part_0001
tile_RA339.686_DECp28.753:3644,339.752382632100,29.051231034400,1,1,part_0001
tile_RA340.850_DECp29.753:2680,340.954766348600,29.695375550400,1,1,part_0001
tile_RA352.790_DECp28.799:1388,352.934690953900,29.279961054900,1,1,part_0001
tile_RA105.153_DECp29.789:1594,104.869986941200,29.514691027900,1,1,part_0001
tile_RA111.636_DECp28.702:4594,111.709958966200,28.913534892900,1,1,part_0001
tile_RA119.265_DECp29.619:954,119.408842625400,29.445655917600,1,1,part_0001
tile_RA128.036_DECp29.541:918,128.259910706100,29.421597776000,1,1,part_0001
tile_RA137.520_DECp29.404:1678,136.987341049000,29.459386119700,1,1,part_0001
tile_RA0.508_DECp30.807:2748,0.708844021300,30.976869709300,1,1,part_0001
tile_RA0.700_DECp30.807:2659,0.708841086700,30.976867992600,1,1,part_0001
tile_RA164.487_DECp30.226:1481,163.987936272000,30.241057010900,1,1,part_0001
tile_RA196.731_DECp30.223:669,196.632890143200,30.622651982300,1,1,part_0001
tile_RA229.013_DECp30.463:1327,228.933242517100,30.751810252700,1,1,part_0001
tile_RA253.758_DECp30.780:372,253.997273317400,30.369465460100,1,1,part_0001
tile_RA25.689_DECp30.737:2051,25.935553482200,31.034778793300,1,1,part_0001
tile_RA266.738_DECp29.961:4275,267.075041622200,30.192540497000,0,0,part_0001
tile_RA26.852_DECp30.737:398,26.615351499200,30.371870766800,1,1,part_0001
tile_RA28.016_DECp29.737:1299,28.049410451500,30.158918968300,1,1,part_0001
tile_RA28.016_DECp30.737:2809,28.174648167500,30.737159418300,0,0,part_0001
tile_RA339.686_DECp30.753:5315,339.521805118400,30.786686626900,1,1,part_0001
tile_RA36.943_DECp30.673:1980,37.027874198800,31.010509085100,1,1,part_0001
tile_RA64.969_DECp30.327:3893,64.929299023500,30.383766670600,1,1,part_0001
tile_RA120.415_DECp30.619:2138,120.449121694400,30.885413868000,1,1,part_0001
tile_RA139.815_DECp30.404:1472,140.345447420900,30.449422373800,1,1,part_0001
tile_RA150.436_DECp30.297:1351,150.398129591500,30.282857909400,1,1,part_0001
tile_RA248.402_DECp31.747:1528,248.372786697400,32.187837198100,1,1,part_0001
tile_RA254.910_DECp31.780:3216,254.752186714500,32.001069395100,1,1,part_0001
tile_RA267.892_DECp31.961:609,268.144908989100,31.554005662200,1,1,part_0001
tile_RA275.547_DECp31.052:7463,275.879001998500,31.402950702300,1,1,part_0001
tile_RA47.699_DECp31.555:3085,47.322633901800,31.731313352100,1,1,part_0001
tile_RA163.035_DECp34.232:269,162.696430318000,33.940554363000,1,1,part_0001
tile_RA197.689_DECp33.227:946,198.120092437500,33.183437030000,0,0,part_0001
tile_RA253.300_DECp33.759:3385,253.329281762300,33.780944954400,1,1,part_0001
tile_RA156.101_DECp33.268:917,155.804350854400,33.563598545800,1,1,part_0001
tile_RA168.743_DECp34.208:1005,169.064602456000,34.444586620600,1,1,part_0001
tile_RA176.898_DECp35.195:383,177.196771475600,34.948667992700,1,1,part_0001
tile_RA211.561_DECp35.306:877,212.136457911600,35.209774090800,1,1,part_0001
tile_RA224.221_DECp34.426:418,224.518168373000,34.240342811500,1,1,part_0001
tile_RA231.173_DECp35.500:965,230.742450158200,35.326117510900,1,1,part_0001
tile_RA246.326_DECp34.667:415,246.676229705900,34.318547722000,0,0,part_0001
tile_RA253.300_DECp34.759:2300,253.348607516500,35.029572048100,1,1,part_0001
tile_RA268.507_DECp34.953:425,268.406514875300,34.532326453200,1,1,part_0001
tile_RA268.507_DECp34.953:1608,268.858040274000,34.749801046700,1,1,part_0001
tile_RA44.262_DECp34.589:4420,44.442317718700,34.560943564700,1,1,part_0001
tile_RA137.728_DECp35.438:406,138.164773421800,35.167679688300,0,0,part_0001
tile_RA143.447_DECp35.372:369,143.658876529600,35.047493461200,1,1,part_0001
tile_RA183.827_DECp36.194:305,183.345965230300,35.951762969500,1,1,part_0001
tile_RA255.764_DECp35.759:1507,255.543023250000,35.651989997300,1,1,part_0001
tile_RA24.328_DECp35.748:3215,24.703077595300,35.745539308800,1,1,part_0001
tile_RA275.508_DECp36.051:1734,275.047068081800,35.738573692700,1,1,part_0001
tile_RA285.816_DECp36.245:6320,285.289777800500,36.085226049200,1,1,part_0001
tile_RA3.116_DECp35.807:621,3.134662971900,35.465362567900,1,1,part_0001
tile_RA338.871_DECp35.742:3546,338.702141216600,35.754314725500,1,1,part_0001
tile_RA38.453_DECp36.652:703,38.703932120000,36.303431576000,1,1,part_0001
tile_RA44.262_DECp35.589:1171,44.043304093000,35.354210407600,1,1,part_0001
tile_RA4.365_DECp36.807:611,4.563262410500,36.420145349500,1,1,part_0001
tile_RA50.067_DECp35.517:4347,49.767300727100,35.649244319700,0,0,part_0001
tile_RA62.905_DECp36.351:4327,62.714662292100,36.322599764600,1,1,part_0001
tile_RA65.388_DECp36.351:2983,64.948603943800,36.279350536500,1,1,part_0001
tile_RA114.393_DECp35.682:697,114.363886019800,35.348528397400,1,1,part_0001
tile_RA115.624_DECp35.682:2238,115.692967370400,35.586450125900,1,1,part_0001
tile_RA130.777_DECp35.512:2392,130.694214876100,35.489524735200,1,1,part_0001
tile_RA139.768_DECp35.372:1101,139.942400890700,35.580784941100,1,1,part_0001
tile_RA139.768_DECp35.372:1290,139.664266526700,35.697654892600,1,1,part_0001
tile_RA142.221_DECp36.372:1716,142.724065945200,36.404896969200,1,1,part_0001
tile_RA14.762_DECp36.780:282,14.807956339000,36.346333457300,1,1,part_0001
tile_RA150.389_DECp35.315:859,150.093621237100,35.688848329600,1,1,part_0001
tile_RA150.389_DECp35.315:984,150.090074390400,35.684461106200,1,1,part_0001
tile_RA157.326_DECp36.268:526,156.843515178300,36.083586185200,1,1,part_0001
tile_RA18.508_DECp36.780:3852,18.206819318000,36.753893499700,1,1,part_0001
tile_RA62.905_DECp36.351:7622,63.299722946300,36.682852521000,1,1,part_0001
tile_RA163.035_DECp37.232:359,162.897377456900,36.937331294000,1,1,part_0001
tile_RA16.011_DECp37.780:1226,15.487740571800,37.570656074400,1,1,part_0001
tile_RA288.296_DECp38.245:7178,288.141629539100,38.160447678500,1,1,part_0001
tile_RA190.582_DECp40.201:170,190.403174094300,39.851788173100,1,1,part_0001
tile_RA211.490_DECp39.306:1115,211.716527835100,39.464311058800,0,0,part_0001
tile_RA241.228_DECp39.604:891,241.364717021400,39.499400709700,1,1,part_0001
tile_RA136.022_DECp40.418:686,135.957646023100,40.223877383300,1,1,part_0001
tile_RA143.451_DECp40.350:1571,144.022647644000,40.453778215100,1,1,part_0001
tile_RA202.743_DECp41.259:1496,202.172582104100,41.326384717700,1,1,part_0001
tile_RA243.903_DECp41.604:1493,243.921531160100,41.535186195600,1,1,part_0001
tile_RA251.365_DECp41.699:568,251.693245677900,41.371060198000,1,1,part_0001
tile_RA89.893_DECp41.982:5894,89.783785100700,41.909275809300,1,1,part_0001
tile_RA104.832_DECp41.731:5098,105.419647037000,41.777895281100,1,1,part_0001
tile_RA140.022_DECp41.418:1800,140.141780959800,41.516723557600,1,1,part_0001
tile_RA158.289_DECp41.249:1108,158.608137666200,41.614871879500,1,1,part_0001
tile_RA162.279_DECp41.249:556,162.868693756000,41.078683837200,1,1,part_0001
tile_RA187.923_DECp42.201:867,187.661165509100,42.525170663400,1,1,part_0001
tile_RA189.252_DECp42.201:1085,189.230770514800,42.381251758700,1,1,part_0001
tile_RA242.565_DECp42.604:1862,242.371363528600,42.875119975400,1,1,part_0001
tile_RA262.293_DECp42.903:3654,261.731632288800,42.839406593700,1,1,part_0001
tile_RA258.838_DECp41.799:2726,258.968441619700,42.063353359900,1,1,part_0001
tile_RA271.130_DECp43.008:4599,270.513887331300,43.041595530900,1,1,part_0001
tile_RA331.497_DECp42.704:2754,331.302504821200,42.394769544200,1,1,part_0001
tile_RA359.143_DECp42.807:1286,358.733747239200,42.501258640300,1,1,part_0001
tile_RA44.671_DECp42.559:2244,45.120066658800,42.334040690800,1,1,part_0001
tile_RA93.929_DECp42.982:4664,94.515226855000,42.905989015800,1,1,part_0001
tile_RA128.584_DECp42.495:897,128.921039623600,42.276772363100,1,1,part_0001
tile_RA137.355_DECp43.418:882,137.304206865700,43.299707257500,1,1,part_0001
tile_RA143.451_DECp42.350:512,143.547761887300,42.147310051500,0,0,part_0001
tile_RA143.451_DECp42.350:1614,143.340476213500,42.373197170200,0,0,part_0001
tile_RA144.783_DECp42.350:917,145.048193548200,42.662715633900,0,0,part_0001
tile_RA146.115_DECp42.350:355,145.869044668400,42.052373888200,1,1,part_0001
